date,portfolio_value,position,trades,costs
2021-01-04,99982.09043018024,0.05024875070643247,1.0,7.53731260596487
2021-01-05,99983.8192912423,0.05024875070643247,0.0,0.0
2021-01-06,99974.5868463335,0.05024875070643247,0.0,0.0
2021-01-07,99989.0051681504,0.05024875070643247,0.0,0.0
2021-01-08,99996.48841039454,0.05024875070643247,0.0,0.0
2021-01-11,99969.38606004324,0.05024875070643247,0.0,0.0
2021-01-12,99975.73967948822,0.05024875070643247,0.0,0.0
2021-01-13,99990.73336749223,0.05024875070643247,0.0,0.0
2021-01-14,99989.58111000698,0.05024875070643247,0.0,0.0
2021-01-15,99981.51248341725,0.05024875070643247,0.0,0.0
2021-01-19,99995.912688556,0.05024875070643247,0.0,0.0
2021-01-20,100005.10777966774,0.05024875070643247,0.0,0.0
2021-01-21,100002.23572859076,0.05024875070643247,0.0,0.0
2021-01-22,99992.46268739406,0.05024875070643247,0.0,0.0
2021-01-25,99993.61142713384,0.05024875070643247,0.0,0.0
2021-01-26,99986.12389595127,0.05024875070643247,0.0,0.0
2021-01-27,99971.69671844503,0.05024875070643247,0.0,0.0
2021-01-28,99986.70188482989,0.05024875070643247,0.0,0.0
2021-01-29,99973.43030615027,0.05024875070643247,0.0,0.0
2021-02-01,99989.52735060125,0.05024875070643247,0.0,0.0
2021-02-02,100001.64925424916,0.05024875070643247,0.0,0.0
2021-02-03,100005.68415923548,0.05024875070643247,0.0,0.0
2021-02-04,100016.04599526574,0.05024875070643247,0.0,0.0
2021-02-05,100023.51466773656,0.05024875070643247,0.0,0.0
2021-02-08,100038.4187919928,0.05024875070643247,0.0,0.0
2021-02-09,100029.25216867501,0.05024875070643247,0.0,0.0
2021-02-10,100028.10530597046,0.05024875070643247,0.0,0.0
2021-02-11,100030.39876968272,0.05024875070643247,0.0,0.0
2021-02-12,100038.4187919928,0.05024875070643247,0.0,0.0
2021-02-16,100030.39876968272,0.05024875070643247,0.0,0.0
2021-02-17,100028.67905377875,0.05024875070643247,0.0,0.0
2021-02-18,100021.79088904166,0.05024875070643247,0.0,0.0
2021-02-19,100022.36706281023,0.05024875070643247,0.0,0.0
2021-02-22,100006.83785995732,0.05024875070643247,0.0,0.0
2021-02-23,100018.91983174032,0.05024875070643247,0.0,0.0
2021-02-24,100024.0895079118,0.05024875070643247,0.0,0.0
2021-02-25,99976.21278072792,0.05024875070643247,0.0,0.0
2021-02-26,99961.12214818441,0.05024875070643247,0.0,0.0
2021-03-01,100017.22120798052,0.05024875070643247,0.0,0.0
2021-03-02,100009.71582684845,0.05024875070643247,0.0,0.0
2021-03-03,99993.51142291608,0.05024875070643247,0.0,0.0
2021-03-04,99974.3482169807,0.05024875070643247,0.0,0.0
2021-03-05,99989.45300153914,0.05024875070643247,0.0,0.0
2021-03-08,99952.77203372556,0.05024875070643247,0.0,0.0
2021-03-09,99959.77840935833,0.05024875070643247,0.0,0.0
2021-03-10,99975.51085454322,0.05024875070643247,0.0,0.0
2021-03-11,99994.09027689157,0.05024875070643247,0.0,0.0
2021-03-12,99980.16330041931,0.05024875070643247,0.0,0.0
2021-03-15,99980.74312111057,0.05024875070643247,0.0,0.0
2021-03-16,99969.10870961862,0.05024875070643247,0.0,0.0
2021-03-17,99976.09350606932,0.05024875070643247,0.0,0.0
2021-03-18,99937.55583709128,0.05024875070643247,0.0,0.0
2021-03-19,99956.86017738185,0.05024875070643247,0.0,0.0
2021-03-22,99974.92928260007,0.05024875070643247,0.0,0.0
2021-03-23,99980.16330041933,0.05024875070643247,0.0,0.0
2021-03-24,99983.06803417562,0.05024875070643247,0.0,0.0
2021-03-25,99991.77217416205,0.05024875070643247,0.0,0.0
2021-03-26,100006.82589110214,0.05024875070643247,0.0,0.0
2021-03-29,100009.71582684846,0.05024875070643247,0.0,0.0
2021-03-30,99997.56771108329,0.05024875070643247,0.0,0.0
2021-03-31,100021.83407595375,0.05024875070643247,0.0,0.0
2021-04-01,100032.46494103892,0.05024875070643247,0.0,0.0
2021-04-05,100034.77115267275,0.05024875070643247,0.0,0.0
2021-04-06,100043.41795301862,0.05024875070643247,0.0,0.0
2021-04-07,100041.69136770719,0.05024875070643247,0.0,0.0
2021-04-08,100043.41795301862,0.05024875070643247,0.0,0.0
2021-04-09,100039.96192412416,0.05024875070643247,0.0,0.0
2021-04-12,100034.77115267274,0.05024875070643247,0.0,0.0
2021-04-13,100038.23188510248,0.05024875070643247,0.0,0.0
2021-04-14,100035.92272837918,0.05024875070643247,0.0,0.0
2021-04-15,100056.07277123489,0.05024875070643247,0.0,0.0
2021-04-16,100045.72197205134,0.05024875070643247,0.0,0.0
2021-04-19,100037.65526185802,0.05024875070643247,0.0,0.0
2021-04-20,100028.99966571185,0.05024875070643247,0.0,0.0
2021-04-21,100045.72197205132,0.05024875070643247,0.0,0.0
2021-04-22,100036.50125023196,0.05024875070643247,0.0,0.0
2021-04-23,100049.74878081853,0.05024875070643247,0.0,0.0
2021-04-26,100047.4460424947,0.05024875070643247,0.0,0.0
2021-04-27,100040.53658434069,0.05024875070643247,0.0,0.0
2021-04-28,100050.32345300064,0.05024875070643247,0.0,0.0
2021-04-29,100056.07277123486,0.05024875070643247,0.0,0.0
2021-04-30,100053.77236518603,0.05024875070643247,0.0,0.0
2021-05-03,100055.73130512127,0.05024875070643247,0.0,0.0
2021-05-04,100052.84795455981,0.05024875070643247,0.0,0.0
2021-05-05,100062.64415262388,0.05024875070643247,0.0,0.0
2021-05-06,100060.91739596683,0.05024875070643247,0.0,0.0
2021-05-07,100064.37031609917,0.05024875070643247,0.0,0.0
2021-05-10,100052.84795455981,0.05024875070643247,0.0,0.0
2021-05-11,100047.65522037804,0.05024875070643247,0.0,0.0
2021-05-12,100023.35106483565,0.05024875070643247,0.0,0.0
2021-05-13,100041.30250706304,0.05024875070643247,0.0,0.0
2021-05-14,100057.45984454878,0.05024875070643247,0.0,0.0
2021-05-17,100048.23126256562,0.05024875070643247,0.0,0.0
2021-05-18,100036.09838848085,0.05024875070643247,0.0,0.0
2021-05-19,100022.76989062976,0.05024875070643247,0.0,0.0
2021-05-20,100044.19022539475,0.05024875070643247,0.0,0.0
2021-05-21,100051.69573257538,0.05024875070643247,0.0,0.0
2021-05-24,100057.45984454878,0.05024875070643247,0.0,0.0
2021-05-25,100058.03702058153,0.05024875070643247,0.0,0.0
2021-05-26,100059.76307524969,0.05024875070643247,0.0,0.0
2021-05-27,100057.4598445488,0.05024875070643247,0.0,0.0
2021-05-28,100055.73130512128,0.05024875070643247,0.0,0.0
2021-06-01,100070.80312289,0.05024875070643247,0.0,0.0
2021-06-02,100077.14283976721,0.05024875070643247,0.0,0.0
2021-06-03,100066.76668820993,0.05024875070643247,0.0,0.0
2021-06-04,100077.7188834118,0.05024875070643247,0.0,0.0
2021-06-07,100079.44549469423,0.05024875070643247,0.0,0.0
2021-06-08,100082.89525427198,0.05024875070643247,0.0,0.0
2021-06-09,100086.91875897499,0.05024875070643247,0.0,0.0
2021-06-10,100096.10854048075,0.05024875070643247,0.0,0.0
2021-06-11,100097.827726036,0.05024875070643247,0.0,0.0
2021-06-14,100093.23762839402,0.05024875070643247,0.0,0.0
2021-06-15,100092.66504202865,0.05024875070643247,0.0,0.0
2021-06-16,100085.7715187013,0.05024875070643247,0.0,0.0
2021-06-17,100089.21918216188,0.05024875070643247,0.0,0.0
2021-06-18,100086.91875897499,0.05024875070643247,0.0,0.0
2021-06-21,100096.68353383902,0.05024875070643247,0.0,0.0
2021-06-22,100100.12260211594,0.05024875070643247,0.0,0.0
2021-06-23,100094.96171655844,0.05024875070643247,0.0,0.0
2021-06-24,100110.43073192803,0.05024875070643247,0.0,0.0
2021-06-25,100115.57576231212,0.05024875070643247,0.0,0.0
2021-06-28,100115.00515807285,0.05024875070643247,0.0,0.0
2021-06-29,100121.28827177419,0.05024875070643247,0.0,0.0
2021-06-30,100121.85760596824,0.05024875070643247,0.0,0.0
2021-07-01,100131.69766838131,0.05024875070643247,0.0,0.0
2021-07-02,100139.69597012718,0.05024875070643247,0.0,0.0
2021-07-06,100136.84097440192,0.05024875070643247,0.0,0.0
2021-07-07,100138.55127944949,0.05024875070643247,0.0,0.0
2021-07-08,100127.69707662679,0.05024875070643247,0.0,0.0
2021-07-09,100136.26889182717,0.05024875070643247,0.0,0.0
2021-07-12,100134.55614269729,0.05024875070643247,0.0,0.0
2021-07-13,100119.6824241018,0.05024875070643247,0.0,0.0
2021-07-14,100127.6970766268,0.05024875070643247,0.0,0.0
2021-07-15,100124.26291579136,0.05024875070643247,0.0,0.0
2021-07-16,100117.3897752133,0.05024875070643247,0.0,0.0
2021-07-19,100083.45997381737,0.05024875070643247,0.0,0.0
2021-07-20,100108.7851078615,0.05024875070643247,0.0,0.0
2021-07-21,100120.82807781844,0.05024875070643247,0.0,0.0
2021-07-22,100123.69106985902,0.05024875070643247,0.0,0.0
2021-07-23,100133.41361501456,0.05024875070643247,0.0,0.0
2021-07-26,100125.9780632253,0.05024875070643247,0.0,0.0
2021-07-27,100119.10894192508,0.05024875070643247,0.0,0.0
2021-07-28,100123.11804502722,0.05024875070643247,0.0,0.0
2021-07-29,100133.98491132862,0.05024875070643247,0.0,0.0
2021-07-30,100127.12339554768,0.05024875070643247,0.0,0.0
2021-08-02,100114.65595871022,0.05024875070643247,0.0,0.0
2021-08-03,100120.40628919966,0.05024875070643247,0.0,0.0
2021-08-04,100111.2022641753,0.05024875070643247,0.0,0.0
2021-08-05,100122.70480289476,0.05024875070643247,0.0,0.0
2021-08-06,100116.95598848403,0.05024875070643247,0.0,0.0
2021-08-09,100105.44194402146,0.05024875070643247,0.0,0.0
2021-08-10,100093.90145556703,0.05024875070643247,0.0,0.0
2021-08-11,100101.98302703115,0.05024875070643247,0.0,0.0
2021-08-12,100110.62669671036,0.05024875070643247,0.0,0.0
2021-08-13,100121.55344915048,0.05024875070643247,0.0,0.0
2021-08-16,100123.27898862981,0.05024875070643247,0.0,0.0
2021-08-17,100111.77776572021,0.05024875070643247,0.0,0.0
2021-08-18,100100.25127664201,0.05024875070643247,0.0,0.0
2021-08-19,100099.67333434803,0.05024875070643247,0.0,0.0
2021-08-20,100111.77776572022,0.05024875070643247,0.0,0.0
2021-08-23,100127.29478337086,0.05024875070643247,0.0,0.0
2021-08-24,100134.17662559394,0.05024875070643247,0.0,0.0
2021-08-25,100139.33238422885,0.05024875070643247,0.0,0.0
2021-08-26,100136.46829499293,0.05024875070643247,0.0,0.0
2021-08-27,100150.19862217085,0.05024875070643247,0.0,0.0
2021-08-30,100156.48050912107,0.05024875070643247,0.0,0.0
2021-08-31,100157.62001698211,0.05024875070643247,0.0,0.0
2021-09-01,100161.91021336593,0.05024875070643247,0.0,0.0
2021-09-02,100168.194595118,0.05024875070643247,0.0,0.0
2021-09-03,100168.7663659017,0.05024875070643247,0.0,0.0
2021-09-07,100155.61630223082,0.05024875070643247,0.0,0.0
2021-09-08,100161.33710916954,0.05024875070643247,0.0,0.0
2021-09-09,100165.90962207856,0.05024875070643247,0.0,0.0
2021-09-10,100158.47724333954,0.05024875070643247,0.0,0.0
2021-09-13,100171.04838569096,0.05024875070643247,0.0,0.0
2021-09-14,100168.7663659017,0.05024875070643247,0.0,0.0
2021-09-15,100176.18245049535,0.05024875070643247,0.0,0.0
2021-09-16,100174.4705758524,0.05024875070643247,0.0,0.0
2021-09-17,100168.194595118,0.05024875070643247,0.0,0.0
2021-09-20,100150.46227828371,0.05024875070643247,0.0,0.0
2021-09-21,100159.05012084861,0.05024875070643247,0.0,0.0
2021-09-22,100168.194595118,0.05024875070643247,0.0,0.0
2021-09-23,100170.47742621272,0.05024875070643247,0.0,0.0
2021-09-24,100163.05291071102,0.05024875070643247,0.0,0.0
2021-09-27,100158.47724333956,0.05024875070643247,0.0,0.0
2021-09-28,100135.54008648566,0.05024875070643247,0.0,0.0
2021-09-29,100144.72740634644,0.05024875070643247,0.0,0.0
2021-09-30,100138.9898677989,0.05024875070643247,0.0,0.0
2021-10-01,100151.01779409559,0.05024875070643247,0.0,0.0
2021-10-04,100133.1646250922,0.05024875070643247,0.0,0.0
2021-10-05,100130.85865903288,0.05024875070643247,0.0,0.0
2021-10-06,100127.97137430764,0.05024875070643247,0.0,0.0
2021-10-07,100128.54607120022,0.05024875070643247,0.0,0.0
2021-10-08,100113.51057066629,0.05024875070643247,0.0,0.0
2021-10-11,100097.84955495904,0.05024875070643247,0.0,0.0
2021-10-12,100107.13782732181,0.05024875070643247,0.0,0.0
2021-10-13,100120.45532324883,0.05024875070643247,0.0,0.0
2021-10-14,100148.71834613796,0.05024875070643247,0.0,0.0
2021-10-15,100140.0833960703,0.05024875070643247,0.0,0.0
2021-10-18,100137.78115893179,0.05024875070643247,0.0,0.0
2021-10-19,100141.23661626896,0.05024875070643247,0.0,0.0
2021-10-20,100142.96373162113,0.05024875070643247,0.0,0.0
2021-10-21,100130.2792215618,0.05024875070643247,0.0,0.0
2021-10-22,100118.14351603646,0.05024875070643247,0.0,0.0
2021-10-25,100126.81566183074,0.05024875070643247,0.0,0.0
2021-10-26,100127.97137430766,0.05024875070643247,0.0,0.0
2021-10-27,100123.92605240297,0.05024875070643247,0.0,0.0
2021-10-28,100136.62547909777,0.05024875070643247,0.0,0.0
2021-10-29,100123.34915619934,0.05024875070643247,0.0,0.0
2021-11-01,100117.95286151074,0.05024875070643247,0.0,0.0
2021-11-02,100130.12851238358,0.05024875070643247,0.0,0.0
2021-11-03,100139.96239805232,0.05024875070643247,0.0,0.0
2021-11-04,100153.24035056404,0.05024875070643247,0.0,0.0
2021-11-05,100172.22485412116,0.05024875070643247,0.0,0.0
2021-11-08,100165.90520459872,0.05024875070643247,0.0,0.0
2021-11-09,100169.9284716308,0.05024875070643247,0.0,0.0
2021-11-10,100141.69549987388,0.05024875070643247,0.0,0.0
2021-11-11,100133.02178378635,0.05024875070643247,0.0,0.0
2021-11-12,100134.75894755295,0.05024875070643247,0.0,0.0
2021-11-15,100128.96662088712,0.05024875070643247,0.0,0.0
2021-11-16,100131.28624326334,0.05024875070643247,0.0,0.0
2021-11-17,100126.0721261076,0.05024875070643247,0.0,0.0
2021-11-18,100122.01469074142,0.05024875070643247,0.0,0.0
2021-11-19,100117.95286151074,0.05024875070643247,0.0,0.0
2021-11-22,100098.75733029556,0.05024875070643247,0.0,0.0
2021-11-23,100091.76064846411,0.05024875070643247,0.0,0.0
2021-11-24,100090.59153182297,0.05024875070643247,0.0,0.0
2021-11-26,100054.27543964202,0.05024875070643247,0.0,0.0
2021-11-29,100085.33723815238,0.05024875070643247,0.0,0.0
2021-11-30,100064.2593139581,0.05024875070643247,0.0,0.0
2021-12-01,100064.96472746537,0.05024875070643247,0.0,0.0
2021-12-02,100101.90976415419,0.05024875070643247,0.0,0.0
2021-12-03,100101.90976415419,0.05024875070643247,0.0,0.0
2021-12-06,100124.06469808586,0.05024875070643247,0.0,0.0
2021-12-07,100150.75416712991,0.05024875070643247,0.0,0.0
2021-12-08,100149.5959276737,0.05024875070643247,0.0,0.0
2021-12-09,100126.97314816696,0.05024875070643247,0.0,0.0
2021-12-10,100138.58903286386,0.05024875070643247,0.0,0.0
2021-12-13,100138.58903286386,0.05024875070643247,0.0,0.0
2021-12-14,100129.88047193886,0.05024875070643247,0.0,0.0
2021-12-15,100149.01809292476,0.05024875070643247,0.0,0.0
2021-12-16,100145.29908123746,0.05024875070643247,0.0,0.0
2021-12-17,100140.64616507363,0.05024875070643247,0.0,0.0
2021-12-20,100131.91226325065,0.05024875070643247,0.0,0.0
2021-12-21,100158.64867106365,0.05024875070643247,0.0,0.0
2021-12-22,100171.96619809377,0.05024875070643247,0.0,0.0
2021-12-23,100186.39857420702,0.05024875070643247,0.0,0.0
2021-12-27,100191.58510956778,0.05024875070643247,0.0,0.0
2021-12-28,100189.27997186781,0.05024875070643247,0.0,0.0
2021-12-29,100181.20723042413,0.05024875070643247,0.0,0.0
2021-12-30,100178.89787666527,0.05024875070643247,0.0,0.0
2021-12-31,100177.74335254623,0.05024875070643247,0.0,0.0
2022-01-03,100175.43185478906,0.05024875070643247,0.0,0.0
2022-01-04,100162.70427190207,0.05024875070643247,0.0,0.0
2022-01-05,100123.74619708222,0.05024875070643247,0.0,0.0
2022-01-06,100124.32805866723,0.05024875070643247,0.0,0.0
2022-01-07,100111.47132353831,0.05024875070643247,0.0,0.0
2022-01-10,100115.56572291483,0.05024875070643247,0.0,0.0
2022-01-11,100138.90104287017,0.05024875070643247,0.0,0.0
2022-01-12,100147.04253748475,0.05024875070643247,0.0,0.0
2022-01-13,100128.9983275715,0.05024875070643247,0.0,0.0
2022-01-14,100124.32805866722,0.05024875070643247,0.0,0.0
2022-01-18,100099.75502238452,0.05024875070643247,0.0,0.0
2022-01-19,100095.0608420455,0.05024875070643247,0.0,0.0
2022-01-20,100085.65930510135,0.05024875070643247,0.0,0.0
2022-01-21,100086.2472765294,0.05024875070643247,0.0,0.0
2022-01-24,100080.9508088401,0.05024875070643247,0.0,0.0
2022-01-25,100066.21135438043,0.05024875070643247,0.0,0.0
2022-01-26,100049.0576179772,0.05024875070643247,0.0,0.0
2022-01-27,100027.0893108684,0.05024875070643247,0.0,0.0
2022-01-28,100041.34892287002,0.05024875070643247,0.0,0.0
2022-01-31,100042.5352106576,0.05024875070643247,0.0,0.0
2022-02-01,100062.44236186653,0.05024875070643247,0.0,0.0
2022-02-02,100070.14749320297,0.05024875070643247,0.0,0.0
2022-02-03,100024.94028699951,0.05024875070643247,0.0,0.0
2022-02-04,100005.18645852,0.05024875070643247,0.0,0.0
2022-02-07,100001.5847835358,0.05024875070643247,0.0,0.0
2022-02-08,99996.17999618436,0.05024875070643247,0.0,0.0
2022-02-09,100022.55228807495,0.05024875070643247,0.0,0.0
2022-02-10,99955.75712664545,0.05024875070643247,0.0,0.0
2022-02-11,99938.1573507668,0.05024875070643247,0.0,0.0
2022-02-14,99929.63931264379,0.05024875070643247,0.0,0.0
2022-02-15,99938.1573507668,0.05024875070643247,0.0,0.0
2022-02-16,99966.04535236233,0.05024875070643247,0.0,0.0
2022-02-17,99944.8390731639,0.05024875070643247,0.0,0.0
2022-02-18,99952.11983452509,0.05024875070643247,0.0,0.0
2022-02-22,99940.58982865547,0.05024875070643247,0.0,0.0
2022-02-23,99931.46557454125,0.05024875070643247,0.0,0.0
2022-02-24,99967.25414539945,0.05024875070643247,0.0,0.0
2022-02-25,99995.57967646905,0.05024875070643247,0.0,0.0
2022-02-28,99999.18280268832,0.05024875070643247,0.0,0.0
2022-03-01,99985.11826575742,0.05024875070643247,0.0,0.0
2022-03-02,99997.19483605078,0.05024875070643247,0.0,0.0
2022-03-03,99982.096157764,0.05024875070643247,0.0,0.0
2022-03-04,99949.32801850085,0.05024875070643247,0.0,0.0
2022-03-07,99905.30461143533,0.05024875070643247,0.0,0.0
2022-03-08,99887.46330233543,0.05024875070643247,0.0,0.0
2022-03-09,99929.20174450503,0.05024875070643247,0.0,0.0
2022-03-10,99886.84401477074,0.05024875070643247,0.0,0.0
2022-03-11,99850.34609875141,0.05024875070643247,0.0,0.0
2022-03-14,99790.3844689522,0.05024875070643247,0.0,0.0
2022-03-15,99827.94558260831,0.05024875070643247,0.0,0.0
2022-03-16,99897.93118851932,0.05024875070643247,0.0,0.0
2022-03-17,99932.25524459888,0.05024875070643247,0.0,0.0
2022-03-18,99948.7186154338,0.05024875070643247,0.0,0.0
2022-03-21,99890.54518018928,0.05024875070643247,0.0,0.0
2022-03-22,99916.34885084355,0.05024875070643247,0.0,0.0
2022-03-23,99900.38961638931,0.05024875070643247,0.0,0.0
2022-03-24,99910.82947495423,0.05024875070643247,0.0,0.0
2022-03-25,99874.50365001419,0.05024875070643247,0.0,0.0
2022-03-28,99905.92104664206,0.05024875070643247,0.0,0.0
2022-03-29,99967.55974473375,0.05024875070643247,0.0,0.0
2022-03-30,99952.37162110346,0.05024875070643247,0.0,0.0
2022-03-31,99934.08633874079,0.05024875070643247,0.0,0.0
2022-04-01,99933.71855405257,0.05024875070643247,0.0,0.0
2022-04-04,99971.59053756313,0.05024875070643247,0.0,0.0
2022-04-05,99906.05072102502,0.05024875070643247,0.0,0.0
2022-04-06,99866.43609334299,0.05024875070643247,0.0,0.0
2022-04-07,99858.35086688178,0.05024875070643247,0.0,0.0
2022-04-08,99827.75953981184,0.05024875070643247,0.0,0.0
2022-04-11,99793.19758969072,0.05024875070643247,0.0,0.0
2022-04-12,99831.51449866084,0.05024875070643247,0.0,0.0
2022-04-13,99861.46120656101,0.05024875070643247,0.0,0.0
2022-04-14,99827.75953981186,0.05024875070643247,0.0,0.0
2022-04-18,99819.61060726184,0.05024875070643247,0.0,0.0
2022-04-19,99815.21915350422,0.05024875070643247,0.0,0.0
2022-04-20,99830.89063777914,0.05024875070643247,0.0,0.0
2022-04-21,99796.34969701596,0.05024875070643247,0.0,0.0
2022-04-22,99766.01123814503,0.05024875070643247,0.0,0.0
2022-04-25,99808.3075695771,0.05024875070643247,0.0,0.0
2022-04-26,99778.67249296245,0.05024875070643247,0.0,0.0
2022-04-27,99753.94916850021,0.05024875070643247,0.0,0.0
2022-04-28,99781.83551033949,0.05024875070643247,0.0,0.0
2022-04-29,99719.51614987176,0.05024875070643247,0.0,0.0
2022-05-02,99719.83749478418,0.05024875070643247,0.0,0.0
2022-05-03,99746.1036828687,0.05024875070643247,0.0,0.0
2022-05-04,99796.96359874305,0.05024875070643247,0.0,0.0
2022-05-05,99706.97429694685,0.05024875070643247,0.0,0.0
2022-05-06,99678.55869467977,0.05024875070643247,0.0,0.0
2022-05-09,99625.17233046985,0.05024875070643247,0.0,0.0
2022-05-10,99653.88874144932,0.05024875070643247,0.0,0.0
2022-05-11,99623.86268430462,0.05024875070643247,0.0,0.0
2022-05-12,99621.89803632024,0.05024875070643247,0.0,0.0
2022-05-13,99627.78875543144,0.05024875070643247,0.0,0.0
2022-05-16,99620.5881518607,0.05024875070643247,0.0,0.0
2022-05-17,99616.00040334497,0.05024875070643247,0.0,0.0
2022-05-18,99574.51890643201,0.05024875070643247,0.0,0.0
2022-05-19,99608.12672673062,0.05024875070643247,0.0,0.0
2022-05-20,99604.83945063254,0.05024875070643247,0.0,0.0
2022-05-23,99624.5164738012,0.05024875070643247,0.0,0.0
2022-05-24,99654.53985881511,0.05024875070643247,0.0,0.0
2022-05-25,99730.10397542221,0.05024875070643247,0.0,0.0
2022-05-26,99799.49091894414,0.05024875070643247,0.0,0.0
2022-05-27,99844.1803486594,0.05024875070643247,0.0,0.0
2022-05-31,99800.75410252486,0.05024875070643247,0.0,0.0
2022-06-01,99782.1305442651,0.05024875070643247,0.0,0.0
2022-06-02,99803.10442971638,0.05024875070643247,0.0,0.0
2022-06-03,99765.54662843737,0.05024875070643247,0.0,0.0
2022-06-06,99727.70297820347,0.05024875070643247,0.0,0.0
2022-06-07,99739.27905114072,0.05024875070643247,0.0,0.0
2022-06-08,99696.05716159522,0.05024875070643247,0.0,0.0
2022-06-09,99655.72815975625,0.05024875070643247,0.0,0.0
2022-06-10,99569.43686959341,0.05024875070643247,0.0,0.0
2022-06-13,99398.46802039212,0.05024875070643247,0.0,0.0
2022-06-14,99431.35566065281,0.05024875070643247,0.0,0.0
2022-06-15,99528.07447014927,0.05024875070643247,0.0,0.0
2022-06-16,99447.7178391613,0.05024875070643247,0.0,0.0
2022-06-17,99463.34904436658,0.05024875070643247,0.0,0.0
2022-06-21,99459.95611248443,0.05024875070643247,0.0,0.0
2022-06-22,99458.59759877906,0.05024875070643247,0.0,0.0
2022-06-23,99494.46790955693,0.05024875070643247,0.0,0.0
2022-06-24,99530.08334562829,0.05024875070643247,0.0,0.0
2022-06-27,99499.18683442856,0.05024875070643247,0.0,0.0
2022-06-28,99443.63156950282,0.05024875070643247,0.0,0.0
2022-06-29,99436.13292348202,0.05024875070643247,0.0,0.0
2022-06-30,99433.4032501254,0.05024875070643247,0.0,0.0
2022-07-01,99481.10657028017,0.05024875070643247,0.0,0.0
2022-07-05,99476.3484582235,0.05024875070643247,0.0,0.0
2022-07-06,99457.27718464106,0.05024875070643247,0.0,0.0
2022-07-07,99538.51029948678,0.05024875070643247,0.0,0.0
2022-07-08,99542.5379832159,0.05024875070643247,0.0,0.0
2022-07-11,99514.27710756782,0.05024875070643247,0.0,0.0
2022-07-12,99534.48063702346,0.05024875070643247,0.0,0.0
2022-07-13,99529.10219961121,0.05024875070643247,0.0,0.0
2022-07-14,99519.67268404321,0.05024875070643247,0.0,0.0
2022-07-15,99583.30145468311,0.05024875070643247,0.0,0.0
2022-07-18,99534.48063702346,0.05024875070643247,0.0,0.0
2022-07-19,99600.5743913942,0.05024875070643247,0.0,0.0
2022-07-20,99622.41549582002,0.05024875070643247,0.0,0.0
2022-07-21,99681.5010792179,0.05024875070643247,0.0,0.0
2022-07-22,99674.96954282669,0.05024875070643247,0.0,0.0
2022-07-25,99673.66398228191,0.05024875070643247,0.0,0.0
2022-07-26,99638.24023961567,0.05024875070643247,0.0,0.0
2022-07-27,99693.23612859186,0.05024875070643247,0.0,0.0
2022-07-28,99744.41475738854,0.05024875070643247,0.0,0.0
2022-07-29,99759.21720143102,0.05024875070643247,0.0,0.0
2022-08-01,99760.76588926195,0.05024875070643247,0.0,0.0
2022-08-02,99737.49372281089,0.05024875070643247,0.0,0.0
2022-08-03,99781.36342002408,0.05024875070643247,0.0,0.0
2022-08-04,99794.83215244142,0.05024875070643247,0.0,0.0
2022-08-05,99769.14398971172,0.05024875070643247,0.0,0.0
2022-08-08,99773.64752050617,0.05024875070643247,0.0,0.0
2022-08-09,99736.19859459739,0.05024875070643247,0.0,0.0
2022-08-10,99810.82148804121,0.05024875070643247,0.0,0.0
2022-08-11,99782.00538047288,0.05024875070643247,0.0,0.0
2022-08-12,99826.76128781488,0.05024875070643247,0.0,0.0
2022-08-15,99817.84265049612,0.05024875070643247,0.0,0.0
2022-08-16,99794.19004496511,0.05024875070643247,0.0,0.0
2022-08-17,99742.02599716092,0.05024875070643247,0.0,0.0
2022-08-18,99749.78936858146,0.05024875070643247,0.0,0.0
2022-08-19,99698.46483972126,0.05024875070643247,0.0,0.0
2022-08-22,99641.33075100985,0.05024875070643247,0.0,0.0
2022-08-23,99653.86275614174,0.05024875070643247,0.0,0.0
2022-08-24,99659.7891224926,0.05024875070643247,0.0,0.0
2022-08-25,99706.94646723458,0.05024875070643247,0.0,0.0
2022-08-26,99623.46717109512,0.05024875070643247,0.0,0.0
2022-08-29,99604.20686928129,0.05024875070643247,0.0,0.0
2022-08-30,99565.46616722268,0.05024875070643247,0.0,0.0
2022-08-31,99537.89903266932,0.05024875070643247,0.0,0.0
2022-09-01,99551.16126597511,0.05024875070643247,0.0,0.0
2022-09-02,99547.78154592213,0.05024875070643247,0.0,0.0
2022-09-06,99534.23894858807,0.05024875070643247,0.0,0.0
2022-09-07,99606.26948867274,0.05024875070643247,0.0,0.0
2022-09-08,99628.2782616668,0.05024875070643247,0.0,0.0
2022-09-09,99648.20393057006,0.05024875070643247,0.0,0.0
2022-09-12,99663.4236095886,0.05024875070643247,0.0,0.0
2022-09-13,99547.78154592215,0.05024875070643247,0.0,0.0
2022-09-14,99555.21312110465,0.05024875070643247,0.0,0.0
2022-09-15,99523.37884379743,0.05024875070643247,0.0,0.0
2022-09-16,99540.33708730264,0.05024875070643247,0.0,0.0
2022-09-19,99559.26326921626,0.05024875070643247,0.0,0.0
2022-09-20,99507.72709204526,0.05024875070643247,0.0,0.0
2022-09-21,99492.70833655221,0.05024875070643247,0.0,0.0
2022-09-22,99462.53865890423,0.05024875070643247,0.0,0.0
2022-09-23,99398.16533863152,0.05024875070643247,0.0,0.0
2022-09-26,99338.59753968604,0.05024875070643247,0.0,0.0
2022-09-27,99328.01072715703,0.05024875070643247,0.0,0.0
2022-09-28,99416.93695339368,0.05024875070643247,0.0,0.0
2022-09-29,99369.51927841244,0.05024875070643247,0.0,0.0
2022-09-30,99346.34607554576,0.05024875070643247,0.0,0.0
2022-10-03,99411.7721702276,0.05024875070643247,0.0,0.0
2022-10-04,99518.84118477031,0.05024875070643247,0.0,0.0
2022-10-05,99498.98222197204,0.05024875070643247,0.0,0.0
2022-10-06,99483.86390234907,0.05024875070643247,0.0,0.0
2022-10-07,99422.23345192613,0.05024875070643247,0.0,0.0
2022-10-10,99360.54296590497,0.05024875070643247,0.0,0.0
2022-10-11,99376.03697883098,0.05024875070643247,0.0,0.0
2022-10-12,99384.46898616067,0.05024875070643247,0.0,0.0
2022-10-13,99395.6869083551,0.05024875070643247,0.0,0.0
2022-10-14,99379.55321874958,0.05024875070643247,0.0,0.0
2022-10-17,99441.0102616223,0.05024875070643247,0.0,0.0
2022-10-18,99476.28828425868,0.05024875070643247,0.0,0.0
2022-10-19,99427.80418673276,0.05024875070643247,0.0,0.0
2022-10-20,99399.88919072467,0.05024875070643247,0.0,0.0
2022-10-21,99447.94811866536,0.05024875070643247,0.0,0.0
2022-10-24,99451.41186692819,0.05024875070643247,0.0,0.0
2022-10-25,99499.6691698063,0.05024875070643247,0.0,0.0
2022-10-26,99513.37335155801,0.05024875070643247,0.0,0.0
2022-10-27,99550.18422736568,0.05024875070643247,0.0,0.0
2022-10-28,99588.7513670125,0.05024875070643247,0.0,0.0
2022-10-31,99512.68733152658,0.05024875070643247,0.0,0.0
2022-11-01,99542.82052843181,0.05024875070643247,0.0,0.0
2022-11-02,99496.86435624902,0.05024875070643247,0.0,0.0
2022-11-03,99460.90097654614,0.05024875070643247,0.0,0.0
2022-11-04,99495.48549790548,0.05024875070643247,0.0,0.0
2022-11-07,99494.79419133514,0.05024875070643247,0.0,0.0
2022-11-08,99489.9684886587,0.05024875070643247,0.0,0.0
2022-11-09,99429.57224583447,0.05024875070643247,0.0,0.0
2022-11-10,99583.62573923914,0.05024875070643247,0.0,0.0
2022-11-11,99601.20279621251,0.05024875070643247,0.0,0.0
2022-11-14,99563.94417121513,0.05024875070643247,0.0,0.0
2022-11-15,99607.94840736169,0.05024875070643247,0.0,0.0
2022-11-16,99597.15447953079,0.05024875070643247,0.0,0.0
2022-11-17,99575.48998322959,0.05024875070643247,0.0,0.0
2022-11-18,99586.33328735159,0.05024875070643247,0.0,0.0
2022-11-21,99584.3005932495,0.05024875070643247,0.0,0.0
2022-11-22,99620.73894289162,0.05024875070643247,0.0,0.0
2022-11-23,99648.89801483735,0.05024875070643247,0.0,0.0
2022-11-25,99638.85781940293,0.05024875070643247,0.0,0.0
2022-11-28,99585.65653708357,0.05024875070643247,0.0,0.0
2022-11-29,99607.27487071876,0.05024875070643247,0.0,0.0
2022-11-30,99682.21429097708,0.05024875070643247,0.0,0.0
2022-12-01,99700.78747082427,0.05024875070643247,0.0,0.0
2022-12-02,99696.7995307965,0.05024875070643247,0.0,0.0
2022-12-05,99648.68869793296,0.05024875070643247,0.0,0.0
2022-12-06,99630.52790211729,0.05024875070643247,0.0,0.0
2022-12-07,99658.08009358797,0.05024875070643247,0.0,0.0
2022-12-08,99662.0991744707,0.05024875070643247,0.0,0.0
2022-12-09,99662.0991744707,0.05024875070643247,0.0,0.0
2022-12-12,99681.48070893822,0.05024875070643247,0.0,0.0
2022-12-13,99733.2420341021,0.05024875070643247,0.0,0.0
2022-12-14,99704.77224837449,0.05024875070643247,0.0,0.0
2022-12-15,99685.77974342812,0.05024875070643247,0.0,0.0
2022-12-16,99658.91055389233,0.05024875070643247,0.0,0.0
2022-12-19,99633.24959420368,0.05024875070643247,0.0,0.0
2022-12-20,99620.36934295051,0.05024875070643247,0.0,0.0
2022-12-21,99662.95094227737,0.05024875070643247,0.0,0.0
2022-12-22,99631.89507343202,0.05024875070643247,0.0,0.0
2022-12-23,99644.7446273033,0.05024875070643247,0.0,0.0
2022-12-27,99592.46202967742,0.05024875070643247,0.0,0.0
2022-12-28,99524.43294271085,0.05024875070643247,0.0,0.0
2022-12-29,99589.04773868811,0.05024875070643247,0.0,0.0
2022-12-30,99593.1446714567,0.05024875070643247,0.0,0.0
2023-01-03,99602.69100506586,0.05024875070643247,0.0,0.0
2023-01-04,99660.2559808737,0.05024875070643247,0.0,0.0
2023-01-05,99650.1470025935,0.05024875070643247,0.0,0.0
2023-01-06,99721.1664073784,0.05024875070643247,0.0,0.0
2023-01-09,99739.09630883599,0.05024875070643247,0.0,0.0
2023-01-10,99733.1282854891,0.05024875070643247,0.0,0.0
2023-01-11,99766.20257070987,0.05024875070643247,0.0,0.0
2023-01-12,99794.4736525508,0.05024875070643247,0.0,0.0
2023-01-13,99794.4736525508,0.05024875070643247,0.0,0.0
2023-01-17,99777.400166025,0.05024875070643247,0.0,0.0
2023-01-18,99783.31527373305,0.05024875070643247,0.0,0.0
2023-01-19,99753.65936828958,0.05024875070643247,0.0,0.0
2023-01-20,99763.563930521,0.05024875070643247,0.0,0.0
2023-01-23,99762.9034556228,0.05024875070643247,0.0,0.0
2023-01-24,99766.20257070985,0.05024875070643247,0.0,0.0
2023-01-25,99765.54423651301,0.05024875070643247,0.0,0.0
2023-01-26,99778.05635235515,0.05024875070643247,0.0,0.0
2023-01-27,99762.90345562279,0.05024875070643247,0.0,0.0
2023-01-30,99735.11731132872,0.05024875070643247,0.0,0.0
2023-01-31,99774.10959093962,0.05024875070643247,0.0,0.0
2023-02-01,99826.620098892,0.05024875070643247,0.0,0.0
2023-02-02,99855.34139502973,0.05024875070643247,0.0,0.0
2023-02-03,99802.34168826672,0.05024875070643247,0.0,0.0
2023-02-06,99770.00558724994,0.05024875070643247,0.0,0.0
2023-02-07,99787.85018191687,0.05024875070643247,0.0,0.0
2023-02-08,99766.69402284497,0.05024875070643247,0.0,0.0
2023-02-09,99734.12756024733,0.05024875070643247,0.0,0.0
2023-02-10,99695.303161135,0.05024875070643247,0.0,0.0
2023-02-13,99708.05832579716,0.05024875070643247,0.0,0.0
2023-02-14,99709.39458973816,0.05024875070643247,0.0,0.0
2023-02-15,99701.34926087441,0.05024875070643247,0.0,0.0
2023-02-16,99660.91726389842,0.05024875070643247,0.0,0.0
2023-02-17,99680.49918926133,0.05024875070643247,0.0,0.0
2023-02-21,99602.3917307218,0.05024875070643247,0.0,0.0
2023-02-22,99635.14291663727,0.05024875070643247,0.0,0.0
2023-02-23,99684.54049388881,0.05024875070643247,0.0,0.0
2023-02-24,99654.1458358976,0.05024875070643247,0.0,0.0
2023-02-27,99687.90814524311,0.05024875070643247,0.0,0.0
2023-02-28,99678.47746955499,0.05024875070643247,0.0,0.0
2023-03-01,99664.21200150679,0.05024875070643247,0.0,0.0
2023-03-02,99670.33125564588,0.05024875070643247,0.0,0.0
2023-03-03,99721.7036046301,0.05024875070643247,0.0,0.0
2023-03-06,99721.7036046301,0.05024875070643247,0.0,0.0
2023-03-07,99685.93527363446,0.05024875070643247,0.0,0.0
2023-03-08,99662.17120342079,0.05024875070643247,0.0,0.0
2023-03-09,99634.1931220467,0.05024875070643247,0.0,0.0
2023-03-10,99634.87686950089,0.05024875070643247,0.0,0.0
2023-03-13,99607.43377549866,0.05024875070643247,0.0,0.0
2023-03-14,99643.7647883259,0.05024875070643247,0.0,0.0
2023-03-15,99627.34468624028,0.05024875070643247,0.0,0.0
2023-03-16,99660.13018680867,0.05024875070643247,0.0,0.0
2023-03-17,99630.08530358215,0.05024875070643247,0.0,0.0
2023-03-20,99616.36970876751,0.05024875070643247,0.0,0.0
2023-03-21,99671.00949432646,0.05024875070643247,0.0,0.0
2023-03-22,99675.76373495892,0.05024875070643247,0.0,0.0
2023-03-23,99656.04352578039,0.05024875070643247,0.0,0.0
2023-03-24,99645.81276795802,0.05024875070643247,0.0,0.0
2023-03-27,99633.50928154062,0.05024875070643247,0.0,0.0
2023-03-28,99630.77114578031,0.05024875070643247,0.0,0.0
2023-03-29,99693.37777899682,0.05024875070643247,0.0,0.0
2023-03-30,99723.04589425967,0.05024875070643247,0.0,0.0
2023-03-31,99777.21164574331,0.05024875070643247,0.0,0.0
2023-04-03,99773.33407645172,0.05024875070643247,0.0,0.0
2023-04-04,99758.60286213834,0.05024875070643247,0.0,0.0
2023-04-05,99730.35930753063,0.05024875070643247,0.0,0.0
2023-04-06,99752.56415017639,0.05024875070643247,0.0,0.0
2023-04-10,99747.86165170277,0.05024875070643247,0.0,0.0
2023-04-11,99758.60286213834,0.05024875070643247,0.0,0.0
2023-04-12,99757.26075454071,0.05024875070643247,0.0,0.0
2023-04-13,99791.35606296228,0.05024875070643247,0.0,0.0
2023-04-14,99782.02087711154,0.05024875070643247,0.0,0.0
2023-04-17,99768.6521795347,0.05024875070643247,0.0,0.0
2023-04-18,99771.9958982157,0.05024875070643247,0.0,0.0
2023-04-19,99751.89233425312,0.05024875070643247,0.0,0.0
2023-04-20,99747.19040706726,0.05024875070643247,0.0,0.0
2023-04-21,99762.62464215317,0.05024875070643247,0.0,0.0
2023-04-24,99776.67826207637,0.05024875070643247,0.0,0.0
2023-04-25,99768.6521795347,0.05024875070643247,0.0,0.0
2023-04-26,99749.20507188815,0.05024875070643247,0.0,0.0
2023-04-27,99765.97476454813,0.05024875070643247,0.0,0.0
2023-04-28,99787.3566269506,0.05024875070643247,0.0,0.0
2023-05-01,99764.26858065769,0.05024875070643247,0.0,0.0
2023-05-02,99759.55667250419,0.05024875070643247,0.0,0.0
2023-05-03,99756.86092762541,0.05024875070643247,0.0,0.0
2023-05-04,99742.01638456696,0.05024875070643247,0.0,0.0
2023-05-05,99768.97428179713,0.05024875070643247,0.0,0.0
2023-05-08,99754.83974251288,0.05024875070643247,0.0,0.0
2023-05-09,99742.01638456696,0.05024875070643247,0.0,0.0
2023-05-10,99772.33510428372,0.05024875070643247,0.0,0.0
2023-05-11,99764.2685806577,0.05024875070643247,0.0,0.0
2023-05-12,99746.06796493882,0.05024875070643247,0.0,0.0
2023-05-15,99744.71950241101,0.05024875070643247,0.0,0.0
2023-05-16,99709.47561898376,0.05024875070643247,0.0,0.0
2023-05-17,99723.06097074081,0.05024875070643247,0.0,0.0
2023-05-18,99725.77249389894,0.05024875070643247,0.0,0.0
2023-05-19,99731.1920577076,0.05024875070643247,0.0,0.0
2023-05-22,99753.49123454971,0.05024875070643247,0.0,0.0
2023-05-23,99727.12966533192,0.05024875070643247,0.0,0.0
2023-05-24,99691.76206011204,0.05024875070643247,0.0,0.0
2023-05-25,99688.3468945462,0.05024875070643247,0.0,0.0
2023-05-26,99718.98867724107,0.05024875070643247,0.0,0.0
2023-05-30,99740.66443038608,0.05024875070643247,0.0,0.0
2023-05-31,99725.09557914094,0.05024875070643247,0.0,0.0
2023-06-01,99755.18370394756,0.05024875070643247,0.0,0.0
2023-06-02,99780.85372727942,0.05024875070643247,0.0,0.0
2023-06-05,99776.80892841205,0.05024875070643247,0.0,0.0
2023-06-06,99784.8940815181,0.05024875070643247,0.0,0.0
2023-06-07,99757.21702970083,0.05024875070643247,0.0,0.0
2023-06-08,99788.9317848412,0.05024875070643247,0.0,0.0
2023-06-09,99790.27795701948,0.05024875070643247,0.0,0.0
2023-06-12,99784.89408151808,0.05024875070643247,0.0,0.0
2023-06-13,99790.94852803016,0.05024875070643247,0.0,0.0
2023-06-14,99792.96565157395,0.05024875070643247,0.0,0.0
2023-06-15,99817.10522633963,0.05024875070643247,0.0,0.0
2023-06-16,99804.37916629469,0.05024875070643247,0.0,0.0
2023-06-20,99790.94852803016,0.05024875070643247,0.0,0.0
2023-06-21,99778.15656236126,0.05024875070643247,0.0,0.0
2023-06-22,99763.30310116912,0.05024875070643247,0.0,0.0
2023-06-23,99754.50744381917,0.05024875070643247,0.0,0.0
2023-06-26,99757.21702970083,0.05024875070643247,0.0,0.0
2023-06-27,99774.1101879024,0.05024875070643247,0.0,0.0
2023-06-28,99803.03676706145,0.05024875070643247,0.0,0.0
2023-06-29,99789.60372576093,0.05024875070643247,0.0,0.0
2023-06-30,99813.75941790147,0.05024875070643247,0.0,0.0
2023-07-03,99805.87840759178,0.05024875070643247,0.0,0.0
2023-07-05,99790.35233709861,0.05024875070643247,0.0,0.0
2023-07-06,99753.70821892757,0.05024875070643247,0.0,0.0
2023-07-07,99758.4729191559,0.05024875070643247,0.0,0.0
2023-07-10,99783.58698316549,0.05024875070643247,0.0,0.0
2023-07-11,99810.59391786762,0.05024875070643247,0.0,0.0
2023-07-12,99849.50228503895,0.05024875070643247,0.0,0.0
2023-07-13,99879.48084617892,0.05024875070643247,0.0,0.0
2023-07-14,99842.81497706535,0.05024875070643247,0.0,0.0
2023-07-17,99852.17377787267,0.05024875070643247,0.0,0.0
2023-07-18,99866.1799635622,0.05024875070643247,0.0,0.0
2023-07-19,99870.17457066724,0.05024875070643247,0.0,0.0
2023-07-20,99848.16424112933,0.05024875070643247,0.0,0.0
2023-07-21,99860.84809383309,0.05024875070643247,0.0,0.0
2023-07-24,99852.17377787267,0.05024875070643247,0.0,0.0
2023-07-25,99848.83242539478,0.05024875070643247,0.0,0.0
2023-07-26,99868.84084924986,0.05024875070643247,0.0,0.0
2023-07-27,99828.74460239157,0.05024875070643247,0.0,0.0
2023-07-28,99857.51309352186,0.05024875070643247,0.0,0.0
2023-07-31,99869.50687560429,0.05024875070643247,0.0,0.0
2023-08-01,99844.56887302302,0.05024875070643247,0.0,0.0
2023-08-02,99823.01755354213,0.05024875070643247,0.0,0.0
2023-08-03,99806.7936326068,0.05024875070643247,0.0,0.0
2023-08-04,99836.49847211444,0.05024875070643247,0.0,0.0
2023-08-07,99845.91375947007,0.05024875070643247,0.0,0.0
2023-08-08,99856.65051657187,0.05024875070643247,0.0,0.0
2023-08-09,99857.32285782717,0.05024875070643247,0.0,0.0
2023-08-10,99855.97925997435,0.05024875070643247,0.0,0.0
2023-08-11,99848.5995120944,0.05024875070643247,0.0,0.0
2023-08-14,99847.93012034081,0.05024875070643247,0.0,0.0
2023-08-15,99831.78420450227,0.05024875070643247,0.0,0.0
2023-08-16,99816.26469124197,0.05024875070643247,0.0,0.0
2023-08-17,99795.26968978866,0.05024875070643247,0.0,0.0
2023-08-18,99798.66050118573,0.05024875070643247,0.0,0.0
2023-08-21,99797.30647151661,0.05024875070643247,0.0,0.0
2023-08-22,99800.01832333971,0.05024875070643247,0.0,0.0
2023-08-23,99840.53558735379,0.05024875070643247,0.0,0.0
2023-08-24,99812.88455769767,0.05024875070643247,0.0,0.0
2023-08-25,99833.80447232023,0.05024875070643247,0.0,0.0
2023-08-28,99852.6269206315,0.05024875070643247,0.0,0.0
2023-08-29,99884.06299232342,0.05024875070643247,0.0,0.0
2023-08-30,99882.06400294589,0.05024875070643247,0.0,0.0
2023-08-31,99878.7284420158,0.05024875070643247,0.0,0.0
2023-09-01,99888.17588472202,0.05024875070643247,0.0,0.0
2023-09-05,99855.26797075574,0.05024875070643247,0.0,0.0
2023-09-06,99843.12647224519,0.05024875070643247,0.0,0.0
2023-09-07,99859.98139445315,0.05024875070643247,0.0,0.0
2023-09-08,99857.9610583913,0.05024875070643247,0.0,0.0
2023-09-11,99866.70861984897,0.05024875070643247,0.0,0.0
2023-09-12,99858.63557234766,0.05024875070643247,0.0,0.0
2023-09-13,99872.08404022722,0.05024875070643247,0.0,0.0
2023-09-14,99878.12386473481,0.05024875070643247,0.0,0.0
2023-09-15,99859.3076480676,0.05024875070643247,0.0,0.0
2023-09-18,99862.67547698453,0.05024875070643247,0.0,0.0
2023-09-19,99847.17650675372,0.05024875070643247,0.0,0.0
2023-09-20,99843.1264722452,0.05024875070643247,0.0,0.0
2023-09-21,99807.20166365468,0.05024875070643247,0.0,0.0
2023-09-22,99816.03736745617,0.05024875070643247,0.0,0.0
2023-09-25,99809.2419148501,0.05024875070643247,0.0,0.0
2023-09-26,99787.43700410369,0.05024875070643247,0.0,0.0
2023-09-27,99780.60333295877,0.05024875070643247,0.0,0.0
2023-09-28,99804.48122619072,0.05024875070643247,0.0,0.0
2023-09-29,99796.98736884088,0.05024875070643247,0.0,0.0
2023-10-02,99766.40405994131,0.05024875070643247,0.0,0.0
2023-10-03,99715.1293213613,0.05024875070643247,0.0,0.0
2023-10-04,99740.83239292627,0.05024875070643247,0.0,0.0
2023-10-05,99745.67925340305,0.05024875070643247,0.0,0.0
2023-10-06,99752.59772362678,0.05024875070643247,0.0,0.0
2023-10-09,99789.7882110885,0.05024875070643247,0.0,0.0
2023-10-10,99788.41571606419,0.05024875070643247,0.0,0.0
2023-10-11,99787.72873259817,0.05024875070643247,0.0,0.0
2023-10-12,99760.88499932714,0.05024875070643247,0.0,0.0
2023-10-13,99756.74441776678,0.05024875070643247,0.0,0.0
2023-10-16,99755.36316576709,0.05024875070643247,0.0,0.0
2023-10-17,99731.81758329977,0.05024875070643247,0.0,0.0
2023-10-18,99707.46129196319,0.05024875070643247,0.0,0.0
2023-10-19,99689.29470516779,0.05024875070643247,0.0,0.0
2023-10-20,99699.78396659327,0.05024875070643247,0.0,0.0
2023-10-23,99720.00343950941,0.05024875070643247,0.0,0.0
2023-10-24,99745.67925340305,0.05024875070643247,0.0,0.0
2023-10-25,99718.61144603581,0.05024875070643247,0.0,0.0
2023-10-26,99735.97934900827,0.05024875070643247,0.0,0.0
2023-10-27,99729.73390149519,0.05024875070643247,0.0,0.0
2023-10-30,99731.12281765329,0.05024875070643247,0.0,0.0
2023-10-31,99744.29465575087,0.05024875070643247,0.0,0.0
2023-11-01,99791.96224720849,0.05024875070643247,0.0,0.0
2023-11-02,99848.19247606522,0.05024875070643247,0.0,0.0
2023-11-03,99897.0493085665,0.05024875070643247,0.0,0.0
2023-11-06,99876.75072466103,0.05024875070643247,0.0,0.0
2023-11-07,99877.42798459154,0.05024875070643247,0.0,0.0
2023-11-08,99880.13844985576,0.05024875070643247,0.0,0.0
2023-11-09,99848.87477210771,0.05024875070643247,0.0,0.0
2023-11-10,99873.35895808962,0.05024875070643247,0.0,0.0
2023-11-13,99868.60768987627,0.05024875070643247,0.0,0.0
2023-11-14,99919.28663850899,0.05024875070643247,0.0,0.0
2023-11-15,99903.12380114246,0.05024875070643247,0.0,0.0
2023-11-16,99909.86444224021,0.05024875070643247,0.0,0.0
2023-11-17,99921.30160342046,0.05024875070643247,0.0,0.0
2023-11-20,99926.67456401745,0.05024875070643247,0.0,0.0
2023-11-21,99933.38312945208,0.05024875070643247,0.0,0.0
2023-11-22,99942.09112703006,0.05024875070643247,0.0,0.0
2023-11-24,99936.73521240553,0.05024875070643247,0.0,0.0
2023-11-27,99944.09870124391,0.05024875070643247,0.0,0.0
2023-11-28,99966.12809271534,0.05024875070643247,0.0,0.0
2023-11-29,99993.36284154603,0.05024875070643247,0.0,0.0
2023-11-30,99984.0803725809,0.05024875070643247,0.0,0.0
2023-12-01,100025.51269279633,0.05024875070643247,0.0,0.0
2023-12-04,100012.93427949086,0.05024875070643247,0.0,0.0
2023-12-05,100017.57326322176,0.05024875070643247,0.0,0.0
2023-12-06,100018.23294491548,0.05024875070643247,0.0,0.0
2023-12-07,100026.8361315133,0.05024875070643247,0.0,0.0
2023-12-08,100016.90894448447,0.05024875070643247,0.0,0.0
2023-12-11,100013.59570880418,0.05024875070643247,0.0,0.0
2023-12-12,100024.85169456138,0.05024875070643247,0.0,0.0
2023-12-13,100100.98745535604,0.05024875070643247,0.0,0.0
2023-12-14,100123.1297400648,0.05024875070643247,0.0,0.0
2023-12-15,100112.0389803662,0.05024875070643247,0.0,0.0
2023-12-18,100115.30357599689,0.05024875070643247,0.0,0.0
2023-12-19,100129.64243058188,0.05024875070643247,0.0,0.0
2023-12-20,100130.29368050734,0.05024875070643247,0.0,0.0
2023-12-21,100153.02168220902,0.05024875070643247,0.0,0.0
2023-12-22,100147.18553503237,0.05024875070643247,0.0,0.0
2023-12-26,100156.90591873968,0.05024875070643247,0.0,0.0
2023-12-27,100177.57973678218,0.05024875070643247,0.0,0.0
2023-12-28,100161.43659192478,0.05024875070643247,0.0,0.0
2023-12-29,100141.99400141495,0.05024875070643247,0.0,0.0
2024-01-02,100125.08465635726,0.05024875070643247,0.0,0.0
2024-01-03,100111.38368545238,0.05024875070643247,0.0,0.0
2024-01-04,100091.74888018881,0.05024875070643247,0.0,0.0
2024-01-05,100095.68187192059,0.05024875070643247,0.0,0.0
2024-01-08,100123.78239139482,0.05024875070643247,0.0,0.0
2024-01-09,100131.59592719682,0.05024875070643247,0.0,0.0
2024-01-10,100140.69611193995,0.05024875070643247,0.0,0.0
2024-01-11,100156.90591873968,0.05024875070643247,0.0,0.0
2024-01-12,100162.08207661902,0.05024875070643247,0.0,0.0
2024-01-16,100130.29368050734,0.05024875070643247,0.0,0.0
2024-01-17,100108.77170389202,0.05024875070643247,0.0,0.0
2024-01-18,100119.21762433204,0.05024875070643247,0.0,0.0
2024-01-19,100127.68928702174,0.05024875070643247,0.0,0.0
2024-01-22,100131.59592719685,0.05024875070643247,0.0,0.0
2024-01-23,100125.73649722362,0.05024875070643247,0.0,0.0
2024-01-24,100123.1297400648,0.05024875070643247,0.0,0.0
2024-01-25,100161.43659192481,0.05024875070643247,0.0,0.0
2024-01-26,100157.55253876343,0.05024875070643247,0.0,0.0
2024-01-29,100168.54506079672,0.05024875070643247,0.0,0.0
2024-01-30,100162.08207661903,0.05024875070643247,0.0,0.0
2024-01-31,100147.83396121666,0.05024875070643247,0.0,0.0
2024-02-01,100176.69049937483,0.05024875070643247,0.0,0.0
2024-02-02,100153.9588443816,0.05024875070643247,0.0,0.0
2024-02-05,100130.46774070167,0.05024875070643247,0.0,0.0
2024-02-06,100148.74715806615,0.05024875070643247,0.0,0.0
2024-02-07,100157.2112620883,0.05024875070643247,0.0,0.0
2024-02-08,100154.60861087368,0.05024875070643247,0.0,0.0
2024-02-09,100165.01334631507,0.05024875070643247,0.0,0.0
2024-02-12,100153.9588443816,0.05024875070643247,0.0,0.0
2024-02-13,100113.43524374496,0.05024875070643247,0.0,0.0
2024-02-14,100133.08347838938,0.05024875070643247,0.0,0.0
2024-02-15,100150.70155084872,0.05024875070643247,0.0,0.0
2024-02-16,100135.69785514298,0.05024875070643247,0.0,0.0
2024-02-20,100146.1395636456,0.05024875070643247,0.0,0.0
2024-02-21,100137.00425592673,0.05024875070643247,0.0,0.0
2024-02-22,100161.1132657689,0.05024875070643247,0.0,0.0
2024-02-23,100164.36105747076,0.05024875070643247,0.0,0.0
2024-02-26,100148.0955248469,0.05024875070643247,0.0,0.0
2024-02-27,100154.60861087368,0.05024875070643247,0.0,0.0
2024-02-28,100153.9588443816,0.05024875070643247,0.0,0.0
2024-02-29,100163.06451317151,0.05024875070643247,0.0,0.0
2024-03-01,100181.84797883268,0.05024875070643247,0.0,0.0
2024-03-04,100180.54823124429,0.05024875070643247,0.0,0.0
2024-03-05,100176.63760297181,0.05024875070643247,0.0,0.0
2024-03-06,100189.00570274005,0.05024875070643247,0.0,0.0
2024-03-07,100194.85444807052,0.05024875070643247,0.0,0.0
2024-03-08,100196.15104978552,0.05024875070643247,0.0,0.0
2024-03-11,100195.50169286464,0.05024875070643247,0.0,0.0
2024-03-12,100200.0459785198,0.05024875070643247,0.0,0.0
2024-03-13,100201.9909407342,0.05024875070643247,0.0,0.0
2024-03-14,100177.94221840639,0.05024875070643247,0.0,0.0
2024-03-15,100174.68114694508,0.05024875070643247,0.0,0.0
2024-03-18,100186.40297370746,0.05024875070643247,0.0,0.0
2024-03-19,100206.52881648303,0.05024875070643247,0.0,0.0
2024-03-20,100223.34526571391,0.05024875070643247,0.0,0.0
2024-03-21,100220.76026742882,0.05024875070643247,0.0,0.0
2024-03-22,100215.59010521998,0.05024875070643247,0.0,0.0
2024-03-25,100207.82350486364,0.05024875070643247,0.0,0.0
2024-03-26,100201.99094073422,0.05024875070643247,0.0,0.0
2024-03-27,100228.50854947823,0.05024875070643247,0.0,0.0
2024-03-28,100217.53070089825,0.05024875070643247,0.0,0.0
2024-04-01,100197.0198382339,0.05024875070643247,0.0,0.0
2024-04-02,100188.53242962355,0.05024875070643247,0.0,0.0
2024-04-03,100192.45139209299,0.05024875070643247,0.0,0.0
2024-04-04,100188.53242962355,0.05024875070643247,0.0,0.0
2024-04-05,100183.95570677488,0.05024875070643247,0.0,0.0
2024-04-08,100195.71632476611,0.05024875070643247,0.0,0.0
2024-04-09,100206.14812340129,0.05024875070643247,0.0,0.0
2024-04-10,100161.66705274131,0.05024875070643247,0.0,0.0
2024-04-11,100157.06523062784,0.05024875070643247,0.0,0.0
2024-04-12,100154.43427802657,0.05024875070643247,0.0,0.0
2024-04-15,100125.40084592032,0.05024875070643247,0.0,0.0
2024-04-16,100108.82755352919,0.05024875070643247,0.0,0.0
2024-04-17,100115.46365457051,0.05024875070643247,0.0,0.0
2024-04-18,100119.43999793149,0.05024875070643247,0.0,0.0
2024-04-19,100128.70795361939,0.05024875070643247,0.0,0.0
2024-04-22,100156.40803653201,0.05024875070643247,0.0,0.0
2024-04-23,100176.75661909557,0.05024875070643247,0.0,0.0
2024-04-24,100165.6070157289,0.05024875070643247,0.0,0.0
2024-04-25,100155.09228367519,0.05024875070643247,0.0,0.0
2024-04-26,100170.85586650792,0.05024875070643247,0.0,0.0
2024-04-29,100185.91735559962,0.05024875070643247,0.0,0.0
2024-04-30,100149.1693446819,0.05024875070643247,0.0,0.0
2024-05-01,100175.58341581955,0.05024875070643247,0.0,0.0
2024-05-02,100206.44446395658,0.05024875070643247,0.0,0.0
2024-05-03,100227.34791405025,0.05024875070643247,0.0,0.0
2024-05-06,100233.21270354118,0.05024875070643247,0.0,0.0
2024-05-07,100233.86428766027,0.05024875070643247,0.0,0.0
2024-05-08,100222.13210935028,0.05024875070643247,0.0,0.0
2024-05-09,100223.43588580057,0.05024875070643247,0.0,0.0
2024-05-10,100215.60158700391,0.05024875070643247,0.0,0.0
2024-05-13,100214.29413530225,0.05024875070643247,0.0,0.0
2024-05-14,100222.13210935028,0.05024875070643247,0.0,0.0
2024-05-15,100251.41216779168,0.05024875070643247,0.0,0.0
2024-05-16,100239.72093678192,0.05024875070643247,0.0,0.0
2024-05-17,100240.37113350576,0.05024875070643247,0.0,0.0
2024-05-20,100242.97107940163,0.05024875070643247,0.0,0.0
2024-05-21,100239.07065591458,0.05024875070643247,0.0,0.0
2024-05-22,100228.00080446471,0.05024875070643247,0.0,0.0
2024-05-23,100210.37028511654,0.05024875070643247,0.0,0.0
2024-05-24,100228.00080446471,0.05024875070643247,0.0,0.0
2024-05-28,100207.7545070456,0.05024875070643247,0.0,0.0
2024-05-29,100192.67988560945,0.05024875070643247,0.0,0.0
2024-05-30,100212.98743738963,0.05024875070643247,0.0,0.0
2024-05-31,100230.60824741934,0.05024875070643247,0.0,0.0
2024-06-03,100246.16151727912,0.05024875070643247,0.0,0.0
2024-06-04,100243.55126027904,0.05024875070643247,0.0,0.0
2024-06-05,100259.84506165092,0.05024875070643247,0.0,0.0
2024-06-06,100251.37850984225,0.05024875070643247,0.0,0.0
2024-06-07,100238.32504207428,0.05024875070643247,0.0,0.0
2024-06-10,100242.8982122135,0.05024875070643247,0.0,0.0
2024-06-11,100249.42216134824,0.05024875070643247,0.0,0.0
2024-06-12,100269.59734013282,0.05024875070643247,0.0,0.0
2024-06-13,100268.94820953267,0.05024875070643247,0.0,0.0
2024-06-14,100249.42216134824,0.05024875070643247,0.0,0.0
2024-06-17,100252.68177641822,0.05024875070643247,0.0,0.0
2024-06-18,100268.29737192349,0.05024875070643247,0.0,0.0
2024-06-20,100265.04949836248,0.05024875070643247,0.0,0.0
2024-06-21,100270.89534981656,0.05024875070643247,0.0,0.0
2024-06-24,100265.6991327744,0.05024875070643247,0.0,0.0
2024-06-25,100272.19356491702,0.05024875070643247,0.0,0.0
2024-06-26,100261.14667626745,0.05024875070643247,0.0,0.0
2024-06-27,100266.99760850397,0.05024875070643247,0.0,0.0
2024-06-28,100254.63577145537,0.05024875070643247,0.0,0.0
2024-07-01,100253.65479922257,0.05024875070643247,0.0,0.0
2024-07-02,100267.39103616029,0.05024875070643247,0.0,0.0
2024-07-03,100284.99337193475,0.05024875070643247,0.0,0.0
2024-07-05,100299.94237883131,0.05024875070643247,0.0,0.0
2024-07-08,100298.6443227521,0.05024875070643247,0.0,0.0
2024-07-09,100292.79999404385,0.05024875070643247,0.0,0.0
2024-07-10,100304.48401059775,0.05024875070643247,0.0,0.0
2024-07-11,100322.60478293024,0.05024875070643247,0.0,0.0
2024-07-12,100335.50921476584,0.05024875070643247,0.0,0.0
2024-07-15,100336.15407435158,0.05024875070643247,0.0,0.0
2024-07-16,100355.44605944844,0.05024875070643247,0.0,0.0
2024-07-17,100349.66692910236,0.05024875070643247,0.0,0.0
2024-07-18,100339.37339737338,0.05024875070643247,0.0,0.0
2024-07-19,100335.50921476583,0.05024875070643247,0.0,0.0
2024-07-22,100354.16279622051,0.05024875070643247,0.0,0.0
2024-07-23,100354.80473470596,0.05024875070643247,0.0,0.0
2024-07-24,100338.73001786144,0.05024875070643247,0.0,0.0
2024-07-25,100339.37339737338,0.05024875070643247,0.0,0.0
2024-07-26,100355.44605944844,0.05024875070643247,0.0,0.0
2024-07-29,100350.95134086134,0.05024875070643247,0.0,0.0
2024-07-30,100353.51917987061,0.05024875070643247,0.0,0.0
2024-07-31,100371.46535486431,0.05024875070643247,0.0,0.0
2024-08-01,100360.45578458259,0.05024875070643247,0.0,0.0
2024-08-02,100343.66901808337,0.05024875070643247,0.0,0.0
2024-08-05,100312.53181192453,0.05024875070643247,0.0,0.0
2024-08-06,100331.36743628093,0.05024875070643247,0.0,0.0
2024-08-07,100341.08280751668,0.05024875070643247,0.0,0.0
2024-08-08,100361.74540808487,0.05024875070643247,0.0,0.0
2024-08-09,100361.10063770613,0.05024875070643247,0.0,0.0
2024-08-12,100364.32100854666,0.05024875070643247,0.0,0.0
2024-08-13,100387.45329269502,0.05024875070643247,0.0,0.0
2024-08-14,100396.42225823423,0.05024875070643247,0.0,0.0
2024-08-15,100400.90021787345,0.05024875070643247,0.0,0.0
2024-08-16,100416.85848230326,0.05024875070643247,0.0,0.0
2024-08-19,100425.13750700545,0.05024875070643247,0.0,0.0
2024-08-20,100420.68110417975,0.05024875070643247,0.0,0.0
2024-08-21,100432.13207628943,0.05024875070643247,0.0,0.0
2024-08-22,100425.77201568546,0.05024875070643247,0.0,0.0
2024-08-23,100452.42387476584,0.05024875070643247,0.0,0.0
2024-08-26,100442.2882184889,0.05024875070643247,0.0,0.0
2024-08-27,100445.45699172547,0.05024875070643247,0.0,0.0
2024-08-28,100442.92213301905,0.05024875070643247,0.0,0.0
2024-08-29,100447.99266049943,0.05024875070643247,0.0,0.0
2024-08-30,100448.62481188799,0.05024875070643247,0.0,0.0
2024-09-03,100430.77553358674,0.05024875070643247,0.0,0.0
2024-09-04,100449.2631466664,0.05024875070643247,0.0,0.0
2024-09-05,100466.41247102813,0.05024875070643247,0.0,0.0
2024-09-06,100460.06755671042,0.05024875070643247,0.0,0.0
2024-09-09,100472.1176625233,0.05024875070643247,0.0,0.0
2024-09-10,100462.60575519144,0.05024875070643247,0.0,0.0
2024-09-11,100470.21578544108,0.05024875070643247,0.0,0.0
2024-09-12,100477.18218518815,0.05024875070643247,0.0,0.0
2024-09-13,100491.0829716752,0.05024875070643247,0.0,0.0
2024-09-16,100503.68789312846,0.05024875070643247,0.0,0.0
2024-09-17,100504.94592532486,0.05024875070643247,0.0,0.0
2024-09-18,100509.34939571861,0.05024875070643247,0.0,0.0
2024-09-19,100524.41733862422,0.05024875070643247,0.0,0.0
2024-09-20,100530.68105326616,0.05024875070643247,0.0,0.0
2024-09-23,100521.28100743039,0.05024875070643247,0.0,0.0
2024-09-24,100521.9086360618,0.05024875070643247,0.0,0.0
2024-09-25,100516.26024419077,0.05024875070643247,0.0,0.0
2024-09-26,100524.41733862422,0.05024875070643247,0.0,0.0
2024-09-27,100536.93799541115,0.05024875070643247,0.0,0.0
2024-09-30,100533.18589431595,0.05024875070643247,0.0,0.0
2024-10-01,100530.66924228573,0.05024875070643247,0.0,0.0
2024-10-02,100531.29775328326,0.05024875070643247,0.0,0.0
2024-10-03,100519.33280160783,0.05024875070643247,0.0,0.0
2024-10-04,100513.65368776144,0.05024875070643247,0.0,0.0
2024-10-07,100492.1449398111,0.05024875070643247,0.0,0.0
2024-10-08,100504.1752437527,0.05024875070643247,0.0,0.0
2024-10-09,100501.01333476981,0.05024875070643247,0.0,0.0
2024-10-10,100498.48051370702,0.05024875070643247,0.0,0.0
2024-10-11,100511.75973803314,0.05024875070643247,0.0,0.0
2024-10-14,100514.28536093434,0.05024875070643247,0.0,0.0
2024-10-15,100513.02193517142,0.05024875070643247,0.0,0.0
2024-10-16,100521.85410750344,0.05024875070643247,0.0,0.0
2024-10-17,100514.28536093434,0.05024875070643247,0.0,0.0
2024-10-18,100526.26283698449,0.05024875070643247,0.0,0.0
2024-10-21,100506.07308589038,0.05024875070643247,0.0,0.0
2024-10-22,100499.11461380664,0.05024875070643247,0.0,0.0
2024-10-23,100483.89637052453,0.05024875070643247,0.0,0.0
2024-10-24,100498.48051370702,0.05024875070643247,0.0,0.0
2024-10-25,100493.41310767856,0.05024875070643247,0.0,0.0
2024-10-28,100506.07308589038,0.05024875070643247,0.0,0.0
2024-10-29,100507.33774390926,0.05024875070643247,0.0,0.0
2024-10-30,100498.48051370702,0.05024875070643247,0.0,0.0
2024-10-31,100484.53179532794,0.05024875070643247,0.0,0.0
2024-11-01,100484.85051405065,0.05024875070643247,0.0,0.0
2024-11-04,100498.86914852541,0.05024875070643247,0.0,0.0
2024-11-05,100512.8477512396,0.05024875070643247,0.0,0.0
2024-11-06,100521.72447119665,0.05024875070643247,0.0,0.0
2024-11-07,100543.21328050649,0.05024875070643247,0.0,0.0
2024-11-08,100551.40655333338,0.05024875070643247,0.0,0.0
2024-11-11,100545.73594703106,0.05024875070643247,0.0,0.0
2024-11-12,100525.5231768317,0.05024875070643247,0.0,0.0
2024-11-13,100526.78860283947,0.05024875070643247,0.0,0.0
2024-11-14,100516.01973523512,0.05024875070643247,0.0,0.0
2024-11-15,100515.3857046369,0.05024875070643247,0.0,0.0
2024-11-18,100524.88931607963,0.05024875070643247,0.0,0.0
2024-11-19,100532.48010624936,0.05024875070643247,0.0,0.0
2024-11-20,100531.21611291495,0.05024875070643247,0.0,0.0
2024-11-21,100533.11198370383,0.05024875070643247,0.0,0.0
2024-11-22,100531.84814932641,0.05024875070643247,0.0,0.0
2024-11-25,100550.77697237997,0.05024875070643247,0.0,0.0
2024-11-26,100541.3201929281,0.05024875070643247,0.0,0.0
2024-11-27,100556.44138501238,0.05024875070643247,0.0,0.0
2024-11-29,100566.49644904675,0.05024875070643247,0.0,0.0
2024-12-02,100564.66720124314,0.05024875070643247,0.0,0.0
2024-12-03,100564.66720124314,0.05024875070643247,0.0,0.0
2024-12-04,100576.63829109592,0.05024875070643247,0.0,0.0
2024-12-05,100572.2317966429,0.05024875070643247,0.0,0.0
2024-12-06,100580.41402911964,0.05024875070643247,0.0,0.0
2024-12-09,100574.1209129116,0.05024875070643247,0.0,0.0
2024-12-10,100576.63829109592,0.05024875070643247,0.0,0.0
2024-12-11,100577.89701612703,0.05024875070643247,0.0,0.0
2024-12-12,100564.03570880865,0.05024875070643247,0.0,0.0
2024-12-13,100549.50273738833,0.05024875070643247,0.0,0.0
2024-12-16,100558.98550599928,0.05024875070643247,0.0,0.0
2024-12-17,100548.23739032201,0.05024875070643247,0.0,0.0
2024-12-18,100496.37247307594,0.05024875070643247,0.0,0.0
2024-12-19,100491.22892796788,0.05024875070643247,0.0,0.0
2024-12-20,100522.66065827358,0.05024875070643247,0.0,0.0
2024-12-23,100509.21376349388,0.05024875070643247,0.0,0.0
2024-12-24,100525.21782323913,0.05024875070643247,0.0,0.0
2024-12-26,100537.9836514755,0.05024875070643247,0.0,0.0
2024-12-27,100520.7418015456,0.05024875070643247,0.0,0.0
2024-12-30,100527.77368752226,0.05024875070643247,0.0,0.0
