Date,IEF
2013-05-23,0.0010341494916192454
2013-05-24,0.0003759427441296953
2013-05-28,-0.011815674261981273
2013-05-29,0.004080834527827895
2013-05-30,9.445705243216939e-05
2013-05-31,-0.002749418572138953
2013-06-03,0.001444176825936941
2013-06-04,-0.002566962255075814
2013-06-05,0.004842894274856384
2013-06-06,0.0012303701220011828
2013-06-07,-0.0077881139682608475
2013-06-10,-0.0024822927657390578
2013-06-11,0.0024822927657389524
2013-06-12,-0.004491120422994295
2013-06-13,0.0075379537585730395
2013-06-14,0.0013298336753346568
2013-06-17,-0.0023762632648049857
2013-06-18,-0.0005715692984715322
2013-06-19,-0.013804478474583463
2013-06-20,-0.00454804304584343
2013-06-21,-0.010625965953908457
2013-06-24,-0.002453153667987167
2013-06-25,-0.001179889949196495
2013-06-26,0.00402438524012926
2013-06-27,0.005374817990622883
2013-06-28,-0.0011704205311350053
2013-07-01,0.0003805126647507696
2013-07-02,0.0003908561090283742
2013-07-03,-0.00195415588471593
2013-07-05,-0.01696598422740324
2013-07-08,0.005851695136737021
2013-07-09,0.0016800677866290114
2013-07-10,-0.0035607832332430036
2013-07-11,0.00995777859925675
2013-07-12,-0.0007843138039847439
2013-07-15,0.0031365895079556927
2013-07-16,0.0004893536477864781
2013-07-17,0.004392858729099491
2013-07-18,-0.0046862280111960725
2013-07-19,0.005465345155182461
2013-07-22,-9.808266788841497e-05
2013-07-23,-0.0011682426545116815
2013-07-24,-0.006747279902443183
2013-07-25,0.0014706013365289037
2013-07-26,0.0008816743674422124
2013-07-29,-0.002057670150033176
2013-07-30,-0.00029460555393780034
2013-07-31,0.0006871479558009426
2013-08-01,-0.008864672033287046
2013-08-02,0.008481788960074265
2013-08-05,-0.0031480216461732043
2013-08-06,0.0002948573253945294
2013-08-07,0.0036387699599619797
2013-08-08,0.001470655548375958
2013-08-09,0.0006854886301564325
2013-08-12,-0.001960107214750092
2013-08-13,-0.00906823854910387
2013-08-14,0.0008914390250815706
2013-08-15,-0.0055559424063179996
2013-08-16,-0.0038867453455351947
2013-08-19,-0.004303452141902692
2013-08-20,0.0054017471685334625
2013-08-21,-0.00630423382256956
2013-08-22,-0.0004016660567341581
2013-08-23,0.005607604852673057
2013-08-26,0.0019957066784443717
2013-08-27,0.005664292135155174
2013-08-28,-0.0040716373003059315
2013-08-29,0.0009951225789131012
2013-08-30,-0.0018903139522137623
2013-09-03,-0.005692775121322993
2013-09-04,-0.003314473636225782
2013-09-05,-0.007678368605233965
2013-09-06,0.006066651673275924
2013-09-09,0.002014065973028252
2013-09-10,-0.0046384709471918575
2013-09-11,0.005040957429069614
2013-09-12,0.00010024721170282966
2013-09-13,0.0013065834497116508
2013-09-16,0.0022068849031339284
2013-09-17,0.0020017708846797383
2013-09-18,0.012323900734671111
2013-09-19,-0.003463112768733663
2013-09-20,0.0009904747103439027
2013-09-23,0.003755938963098903
2013-09-24,0.0036432211470083515
2013-09-25,0.002748404393830255
2013-09-26,-0.002158615559825557
2013-09-27,0.0013735577055076032
2013-09-30,0.0016664554235516
2013-10-01,-0.0022284648663590248
2013-10-02,0.0016693354611474471
2013-10-03,0.0013729715436935457
2013-10-04,-0.002747441397511839
2013-10-07,0.0008839782591236754
2013-10-08,-0.0004908295896606725
2013-10-09,-0.0017700950946088357
2013-10-10,-0.0021670946075532304
2013-10-11,0.0014783486536678228
2013-10-14,-0.00335426876441705
2013-10-15,0.00019775981542930566
2013-10-16,0.004828800660433611
2013-10-17,0.005686555006533978
2013-10-18,9.64273941680659e-05
2013-10-21,-0.000683712172974118
2013-10-22,0.006920279157191377
2013-10-23,0.0017471513033583234
2013-10-24,-0.0020380306969314714
2013-10-25,0.0017464102582659244
2013-10-28,-0.0009702787440958641
2013-10-29,0.0013584148843802024
2013-10-30,-0.0026208493563892555
2013-10-31,-0.001167630190461833
2013-11-01,-0.005561351705186632
2013-11-04,0.0019585501644694085
2013-11-05,-0.004510364999332008
2013-11-06,0.0030413034617969136
2013-11-07,0.0026420631461163183
2013-11-08,-0.011301094745069283
2013-11-11,-0.0004937465792325394
2013-11-12,-0.0008902589915043537
2013-11-13,0.004147647937776917
2013-11-14,0.004817441284311864
2013-11-15,-0.0007854426785431703
2013-11-18,0.0035279512831775392
2013-11-19,-0.0037240443146109845
2013-11-20,-0.005512620402791129
2013-11-21,0.0008873801645810685
2013-11-22,0.002856725301249891
2013-11-25,0.0007866951327409051
2013-11-26,0.002158965273448079
2013-11-27,-0.002256928160558847
2013-11-29,-0.0005908963635909161
2013-12-02,-0.00430311613703832
2013-12-03,0.0017790808763284785
2013-12-04,-0.0045522698310324905
2013-12-05,-0.0024831696784258987
2013-12-06,0.0008942317450875848
2013-12-09,0.0011912297459849425
2013-12-10,0.004158993985257021
2013-12-11,-0.0038609918609866247
2013-12-12,-0.002880877637422593
2013-12-13,0.0014906176611428196
2013-12-16,-0.0004962331805155299
2013-12-17,0.0031750496938630756
2013-12-18,-0.0037716795480989196
2013-12-19,-0.004185715670353987
2013-12-20,0.003091067185154989
2013-12-23,-0.0031914504362642636
2013-12-24,-0.0039026315638376577
2013-12-26,-0.0008637419259118237
2013-12-27,-0.0006032095568905966
2013-12-30,0.0027118788225718926
2013-12-31,-0.0045245876577195325
2014-01-02,0.003921857630570126
2014-01-03,-0.0006017076009364337
2014-01-06,0.0028079037497997345
2014-01-07,0.0016008991336396955
2014-01-08,-0.004911526060361369
2014-01-09,0.0026091922255712403
2014-01-10,0.008383349901730213
2014-01-13,0.0028778920917737504
2014-01-14,-0.003772978004752525
2014-01-15,-0.0008953971225121929
2014-01-16,0.0027840080702165237
2014-01-17,0.002379581306408944
2014-01-21,-0.0010901666494679422
2014-01-22,-0.002779729577012223
2014-01-23,0.006738403177599187
2014-01-24,0.004041580119214529
2014-01-27,-0.0030541366639643417
2014-01-28,0.0014783682528519675
2014-01-29,0.004718232460917568
2014-01-30,-0.0009812438368653016
2014-01-31,0.003918055040738899
2014-02-03,0.005421236434732041
2014-02-04,-0.003023775725286953
2014-02-05,-0.0036215555274153213
2014-02-06,-0.0018654436160444818
2014-02-07,0.002649599956613121
2014-02-10,0.0004889906123622105
2014-02-11,-0.0044166133869136546
2014-02-12,-0.0023627189408134876
2014-02-13,0.0047209308214886045
2014-02-14,-0.0006866255225166954
2014-02-18,0.002451449285506755
2014-02-19,-0.0019606784243920332
2014-02-20,-0.0010803040687191443
2014-02-21,0.0012761587301212585
2014-02-24,-0.0009815903342517212
2014-02-25,0.003432129665290775
2014-02-26,0.0029323965861668575
2014-02-27,0.001171092393354143
2014-02-28,-0.0009757510438096912
2014-03-03,0.004933955611553897
2014-03-04,-0.007713523126319641
2014-03-05,0.0010770675989894608
2014-03-06,-0.004317083944368893
2014-03-07,-0.004336481192577792
2014-03-10,0.0010856422397077417
2014-03-11,0.000986673976185825
2014-03-12,0.003934578193555913
2014-03-13,0.005872752288778772
2014-03-14,9.769944657051385e-05
2014-03-17,-0.0040090971788440235
2014-03-18,0.0024466799159754632
2014-03-19,-0.009329286642222311
2014-03-20,0.0001973157887620895
2014-03-21,0.0018723672892414472
2014-03-24,0.0003943570821956908
2014-03-25,-0.0005913037326353484
2014-03-26,0.004225346909823632
2014-03-27,0.0009802934472532957
2014-03-28,-0.003532828898174755
2014-03-31,9.850672504683249e-05
2014-04-01,-0.002070197871135741
2014-04-02,-0.004351745089921425
2014-04-03,0.000693229074573894
2014-04-04,0.006122354182257538
2014-04-07,0.002360712017053962
2014-04-08,0.001373518982000766
2014-04-09,-0.00029433163654266
2014-04-10,0.004209444009693089
2014-04-11,0.002049675227206412
2014-04-14,-0.0015612305259554
2014-04-15,0.0011709122500123473
2014-04-16,-0.001561744710400174
2014-04-17,-0.005681750506168596
2014-04-21,-0.00019615384381843994
2014-04-22,-0.00039319427483750977
2014-04-23,0.002552234464212567
2014-04-24,-0.00029386045340204595
2014-04-25,0.00137173105580279
2014-04-28,-0.00147040906866156
2014-04-29,0.0008825625264620071
2014-04-30,0.002643023681813366
2014-05-01,0.002874910718587749
2014-05-02,0.0014634203457240132
2014-05-05,-0.0005850538807330211
2014-05-06,0.0011698610465100696
2014-05-07,0.0007791795023366219
2014-05-08,0.0010702029720718233
2014-05-09,-0.000777869389551452
2014-05-12,-0.0026323644736148707
2014-05-13,0.003897141798078466
2014-05-14,0.00455880987626806
2014-05-15,0.003574120250484801
2014-05-16,-0.0021235307971914407
2014-05-19,-0.001257100099505246
2014-05-20,0.0028982343944305034
2014-05-21,-0.0015446670301182595
2014-05-22,-0.0010632615043159044
2014-05-23,0.002028934351082567
2014-05-27,0.0002898223535855529
2014-05-28,0.005485746580016506
2014-05-29,-0.0012480581197166195
2014-05-30,-0.0007696505902968422
2014-06-02,-0.004586130574018775
2014-06-03,-0.005044807120663256
2014-06-04,-0.0007789367465700388
2014-06-05,0.00145888124665944
2014-06-06,-0.0007776467207161199
2014-06-09,-0.0014603025648156306
2014-06-10,-0.0017553161157579662
2014-06-11,0.0013659352597125793
2014-06-12,0.003890037822290981
2014-06-13,-0.001942652180803123
2014-06-16,0.0
2014-06-17,-0.004191706277882371
2014-06-18,0.0052606746875280015
2014-06-19,-0.0025296992543669457
2014-06-20,0.0011685461834587028
2014-06-23,-0.0006819378462699733
2014-06-24,0.0040811634492670034
2014-06-25,0.0009691158320568251
2014-06-26,0.002612894101045664
2014-06-27,0.0
2014-06-30,0.0007722002640487565
2014-07-01,-0.0032747387492159745
2014-07-02,-0.004084258421323719
2014-07-03,-0.002048116064101024
2014-07-07,0.002438314627103401
2014-07-08,0.004567105558907651
2014-07-09,0.00019334996266284247
2014-07-10,0.0021308008393179792
2014-07-11,0.0016427602361769145
2014-07-14,-0.0022236692940091293
2014-07-15,-0.000871524433837109
2014-07-16,0.0014524334916693738
2014-07-17,0.005786947745470902
2014-07-18,-0.002022155574978736
2014-07-21,0.0002896130425421358
2014-07-22,0.0012515504580313187
2014-07-23,-9.600095051130969e-05
2014-07-24,-0.0040497133590305465
2014-07-25,0.0038571206142824755
2014-07-28,-0.001155678234377299
2014-07-29,0.0013482709791254495
2014-07-30,-0.007049146750123432
2014-07-31,-0.00029160880974895577
2014-08-01,0.00586880755355953
2014-08-04,0.0005794395346168219
2014-08-05,0.00048165543148246537
2014-08-06,0.0008675024788874899
2014-08-07,0.004519670980664716
2014-08-08,-0.0008633084248746322
2014-08-11,-0.000480789981869243
2014-08-12,-0.0014423538297372743
2014-08-13,0.0032660365598773783
2014-08-14,0.002011243309827044
2014-08-15,0.004011134056867019
2014-08-18,-0.003149970641683493
2014-08-19,-0.0010525095938882954
2014-08-20,-0.0029711179448995324
2014-08-21,0.0021096067611995855
2014-08-22,9.585336307643939e-05
2014-08-25,0.000765657820623458
2014-08-26,-0.00019147598364995612
2014-08-27,0.002772587450257985
2014-08-28,0.0013353921527014137
2014-08-29,9.548928218951993e-05
2014-09-02,-0.006408315373166566
2014-09-03,0.0014396015277857045
2014-09-04,-0.003557037861311942
2014-09-05,0.00028923936658641514
2014-09-08,-0.0010596735699534966
2014-09-09,-0.0023163724782567746
2014-09-10,-0.0025146654603092344
2014-09-11,-0.0012600378548357524
2014-09-12,-0.003789478656266312
2014-09-15,0.0018482890920443144
2014-09-16,-0.0002915037169424371
2014-09-17,-0.002530499479256611
2014-09-18,-0.0006823255137256501
2014-09-19,0.0037959362535529553
2014-09-22,0.0021341028248280315
2014-09-23,0.002130497992439535
2014-09-24,-0.002808874020225411
2014-09-25,0.004837862291875303
2014-09-26,-0.0021257050473627833
2014-09-29,0.0031864438512552032
2014-09-30,-0.0008674439585467436
2014-10-01,0.008366461637761067
2014-10-02,-0.002976595149964587
2014-10-03,-0.00028835078431619894
2014-10-06,0.0016340383214063072
2014-10-07,0.005840728998938033
2014-10-08,0.0035264108720283504
2014-10-09,-0.0017139979739483834
2014-10-10,0.0038994716395509715
2014-10-13,0.005207631439338415
2014-10-14,0.0019811795400576
2014-10-15,0.00563933108200304
2014-10-16,-0.0027214797416881694
2014-10-17,-0.0029178513403148414
2014-10-20,0.001412520322523875
2014-10-21,-0.0027326568749750264
2014-10-22,-0.0002826227538367493
2014-10-23,-0.004163071825954033
2014-10-24,0.000852816983031043
2014-10-27,0.0010414369206819063
2014-10-28,-0.0024630188814315154
2014-10-29,-0.0033249663161733015
2014-10-30,0.0010452827934023855
2014-10-31,-0.001617006211557139
2014-11-03,-0.0003719988468164635
2014-11-04,-9.535449009062948e-05
2014-11-05,0.00028603619716999565
2014-11-06,-0.0030577808510958665
2014-11-07,0.006391416377616483
2014-11-10,-0.004096765501536975
2014-11-11,9.530755436064429e-05
2014-11-12,-0.0003818395671196262
2014-11-13,0.001622412277848533
2014-11-14,0.00209445695868758
2014-11-17,-0.00114167759712577
2014-11-18,0.0011416775971258223
2014-11-19,-0.002667207248760729
2014-11-20,0.0018115092612367408
2014-11-21,0.001996809840347265
2014-11-24,0.0011404546388807375
2014-11-25,0.0024648205608750334
2014-11-26,0.0017033129112079314
2014-11-28,0.0038681106283056962
2014-12-01,-0.0024547657061127423
2014-12-02,-0.00445480983843901
2014-12-03,0.00038004691741841797
2014-12-04,0.0035070488818604102
2014-12-05,-0.0055981768514745105
2014-12-08,0.0033246422120935663
2014-12-09,0.003692170218101319
2014-12-10,0.004524483920846793
2014-12-11,-0.001694784333903246
2014-12-12,0.008163186988165835
2014-12-15,-0.0036505524802414677
2014-12-16,0.005051701702196267
2014-12-17,-0.006929355678011203
2014-12-18,-0.005654391263169484
2014-12-19,0.0036787388084342397
2014-12-22,0.0
2014-12-23,-0.008319998277204097
2014-12-24,0.0007228153213393553
2014-12-26,0.0013291331767398293
2014-12-29,0.0034096420034458418
2014-12-30,0.0011336952313294468
2014-12-31,0.0011334131492423114
2015-01-02,0.005082030120253462
2015-01-05,0.006083127112680841
2015-01-06,0.006694919754340602
2015-01-07,-0.00018554497358311904
2015-01-08,-0.0040873099351302995
2015-01-09,0.00492199133819203
2015-01-12,0.0035128972887805824
2015-01-13,0.0009223805335819478
2015-01-14,0.00459998120611587
2015-01-15,0.008499698199184676
2015-01-16,-0.007398575139086056
2015-01-20,0.002289030584761176
2015-01-21,-0.004767821131643597
2015-01-22,-0.0024848612863549646
2015-01-23,0.0065209145229549355
2015-01-26,-0.0022913280734412947
2015-01-27,0.0013755328950794661
2015-01-28,0.007667177154787814
2015-01-29,-0.0035528635273990973
2015-01-30,0.008722103070728097
2015-02-02,-0.001251057708675842
2015-02-03,-0.008472690754179226
2015-02-04,0.0016451754915749004
2015-02-05,-0.003660050199033238
2015-02-06,-0.011247654446998495
2015-02-09,-0.0004636922739185619
2015-02-10,-0.002507606687797057
2015-02-11,-0.00037220197508528125
2015-02-12,0.0003722019750852245
2015-02-13,-0.0033534669525221534
2015-02-17,-0.007115390925021457
2015-02-18,0.0047805760934165956
2015-02-19,-0.002528178968525263
2015-02-20,-0.0005629176252436183
2015-02-23,0.004585919562732904
2015-02-24,0.00660855153227913
2015-02-25,0.0009271660705465174
2015-02-26,-0.005949149098969287
2015-02-27,0.003536297238488597
2015-03-02,-0.007471911216392563
2015-03-03,-0.0021584135211362996
2015-03-04,0.0007516619658821235
2015-03-05,0.000563263090532334
2015-03-06,-0.01028016515604844
2015-03-09,0.004634023206867024
2015-03-10,0.004237479300556712
2015-03-11,0.0017837545645300247
2015-03-12,0.0009375654733363128
2015-03-13,-0.0015002561206204986
2015-03-16,0.0034658821310613527
2015-03-17,0.00205542509623973
2015-03-18,0.011413619178862256
2015-03-19,-0.004716403319192015
2015-03-20,0.004070120325098868
2015-03-23,0.0012918824356105486
2015-03-24,0.0030386084199671335
2015-03-25,-0.004330490855577726
2015-03-26,-0.005647359849723751
2015-03-27,0.0038919064816218068
2015-03-30,-9.281493602760648e-05
2015-03-31,0.002587046239250371
2015-04-01,0.004747455255921583
2015-04-02,-0.002854963798939036
2015-04-06,0.001290436373509977
2015-04-07,0.0008285425219632222
2015-04-08,-0.0009208320014748653
2015-04-09,-0.004061551400263014
2015-04-10,-0.0002771579852459322
2015-04-13,0.0020332232605408803
2015-04-14,0.0029509799623124943
2015-04-15,0.0005512192184517763
2015-04-16,0.0007362235511737664
2015-04-17,0.0020208768992785496
2015-04-20,-0.0018369277471447273
2015-04-21,-0.002116885759103814
2015-04-22,-0.0058203498453205495
2015-04-23,0.0030530214957549392
2015-04-24,0.003503902610367926
2015-04-27,-0.0015662346478222539
2015-04-28,-0.004620140216262797
2015-04-29,-0.003712578794319985
2015-04-30,-0.00027920082651903356
2015-05-01,-0.0054821505209638344
2015-05-04,-0.0020615882406672444
2015-05-05,-0.001691355332899413
2015-05-06,-0.004899570700977131
2015-05-07,0.004242020399738153
2015-05-08,0.003848786456406376
2015-05-11,-0.009887654111548164
2015-05-12,0.000757490667274965
2015-05-13,-0.0013245551325319596
2015-05-14,0.0034019176509801365
2015-05-15,0.007147069771025481
2015-05-18,-0.006769189173538649
2015-05-19,-0.004443415871741769
2015-05-20,0.0021766170408800824
2015-05-21,0.005938983373275261
2015-05-22,-0.002258119227697245
2015-05-26,0.006197846475660178
2015-05-27,-0.0005622152866773444
2015-05-28,0.0009363712744096909
2015-05-29,0.0005611510293101003
2015-06-01,-0.004422003445529499
2015-06-02,-0.006986487046006256
2015-06-03,-0.008564539452967165
2015-06-04,0.004862593610206988
2015-06-05,-0.007254351275885655
2015-06-08,0.001435832549091376
2015-06-09,-0.003257879819036043
2015-06-10,-0.0038461341522740677
2015-06-11,0.00786902851711372
2015-06-12,-0.000574324208655397
2015-06-15,0.002388697481489945
2015-06-16,0.0038093227636156793
2015-06-17,0.0005695940313506289
2015-06-18,-0.0007599253034577605
2015-06-19,0.005309744015405683
2015-06-22,-0.008452209604578563
2015-06-23,-0.0030559137209736588
2015-06-24,0.002960845891923935
2015-06-25,-0.002483181106809397
2015-06-26,-0.004791730096661149
2015-06-29,0.01155704532299746
2015-06-30,-0.00275656981236005
2015-07-01,-0.005240826900946766
2015-07-02,0.0035412678003063293
2015-07-06,0.0070448623631880125
2015-07-07,0.0026523408849597812
2015-07-08,0.003966403532431488
2015-07-09,-0.006998315927087328
2015-07-10,-0.006952151513625289
2015-07-13,-0.002679448417989138
2015-07-14,0.0031571080647540386
2015-07-15,0.0038137224758936945
2015-07-16,-0.00038109156622769696
2015-07-17,9.592354082066975e-05
2015-07-20,-0.0020020127012499215
2015-07-21,0.002762886367163718
2015-07-22,0.0012352317016303804
2015-07-23,0.004076725345158895
2015-07-24,0.0009452466081724517
2015-07-27,0.003303100943136487
2015-07-28,-0.002830225371158709
2015-07-29,-0.001418122180149986
2015-07-30,0.00113436946047375
2015-07-31,0.005842263518927759
2015-08-03,0.0030442859917519764
2015-08-04,-0.005173513569617379
2015-08-05,-0.0038736028356129862
2015-08-06,0.003495913136924582
2015-08-07,0.003954384556227766
2015-08-10,-0.0041426074079561484
2015-08-11,0.006582648493081516
2015-08-12,-0.0003745285380602523
2015-08-13,-0.0026291348101888535
2015-08-14,-0.00103476213477227
2015-08-17,0.0017865466265790059
2015-08-18,-0.0015980834301973534
2015-08-19,0.006097049402595203
2015-08-20,0.0027082508583010745
2015-08-21,0.00400269465515664
2015-08-24,0.0016705458560647432
2015-08-25,-0.005486108481728741
2015-08-26,-0.006173858417178601
2015-08-27,-0.0005630078889185756
2015-08-28,0.00018782398796939008
2015-08-31,-0.001691238477901872
2015-09-01,0.004481588502099036
2015-09-02,-0.002722344216528734
2015-09-03,0.0024409333085020704
2015-09-04,0.0030901928625836333
2015-09-08,-0.004403388103693592
2015-09-09,0.00037580916852946676
2015-09-10,-0.002255272813968453
2015-09-11,0.002630672519103806
2015-09-14,0.0009373024415979702
2015-09-15,-0.007905067472325483
2015-09-16,-0.0002831675807175031
2015-09-17,0.00828213140181716
2015-09-18,0.004675698012350906
2015-09-21,-0.005706896802722961
2015-09-22,0.004960587286261126
2015-09-23,-0.0011216677572759755
2015-09-24,0.0014946252809190813
2015-09-25,-0.002616482365114569
2015-09-28,0.005691721873918931
2015-09-29,0.0034358175665797222
2015-09-30,0.00018565862716228307
2015-10-01,0.0007799021304636554
2015-10-02,0.004812462637279069
2015-10-05,-0.005554989783416327
2015-10-06,0.002040161530285208
2015-10-07,-0.002504487984687524
2015-10-08,-0.0026040072501815476
2015-10-09,0.0005581044794329361
2015-10-12,0.0033456328266877307
2015-10-13,0.0009270556351966561
2015-10-14,0.005453133228699925
2015-10-15,-0.0034160324560167463
2015-10-16,-0.0008328418774051565
2015-10-19,-0.0004632150546563616
2015-10-20,-0.0034324601227732074
2015-10-21,0.0034324601227732677
2015-10-22,0.0010180504637595947
2015-10-23,-0.005659030153976456
2015-10-26,0.00260167588255075
2015-10-27,0.0025025188623224582
2015-10-28,-0.005196816419137325
2015-10-29,-0.006160498838066339
2015-10-30,0.0019633447459226822
2015-11-02,-0.002876588650179629
2015-11-03,-0.0026308238951651608
2015-11-04,-0.0010365118594347826
2015-11-05,-0.0006596290065663806
2015-11-06,-0.006808970628824092
2015-11-09,-0.0017102793158204313
2015-11-10,0.0018997291944281122
2015-11-11,-0.00047454896193982693
2015-11-12,0.0005699366000626876
2015-11-13,0.003787496625439921
2015-11-16,0.001322255494189947
2015-11-17,-0.00028293697377472764
2015-11-18,-0.0004728466618765123
2015-11-19,0.002170164628114698
2015-11-20,-0.0013197576053572773
2015-11-23,0.0013197576053573744
2015-11-24,0.000942884310849612
2015-11-25,0.000564749662421874
2015-11-27,0.0010342936130135496
2015-11-30,0.0003767672397491017
2015-12-01,0.005304308478231991
2015-12-02,-0.00281360851057927
2015-12-03,-0.01057150546609718
2015-12-04,0.0036939114370563198
2015-12-07,0.003208868324834805
2015-12-08,0.0005655504830790971
2015-12-09,0.001505948198456038
2015-12-10,-0.0021653858071039307
2015-12-11,0.007979441537427183
2015-12-14,-0.007414374188776963
2015-12-15,-0.00254617253958422
2015-12-16,-0.002648252412938205
2015-12-17,0.004158089919537426
2015-12-18,0.0035761301826961857
2015-12-21,0.00046994218027257345
2015-12-22,-0.0028213631274704503
2015-12-23,-0.0022628358174354058
2015-12-24,0.0018326865575918404
2015-12-28,0.00018841974791220436
2015-12-29,-0.005297395504140528
2015-12-30,0.0003791827207104044
2015-12-31,0.0011374039541659168
2016-01-04,0.004252774927949287
2016-01-05,-0.00028277762507009866
2016-01-06,0.0060184227870080115
2016-01-07,0.0021544454645087705
2016-01-08,0.002522873358095444
2016-01-11,-0.0031779788130258287
2016-01-12,0.004483695991908811
2016-01-13,0.003907217055071487
2016-01-14,-0.002044141708833642
2016-01-15,0.004640058870275114
2016-01-19,-0.0012971601494123747
2016-01-20,0.0049020676679084425
2016-01-21,-0.002494205862018762
2016-01-22,-0.0022223748916703917
2016-01-25,0.003332019308527663
2016-01-26,0.0007391377797740531
2016-01-27,0.000738067484056944
2016-01-28,0.001290526964877289
2016-01-29,0.005329938215783245
2016-02-01,-0.0023061412202944817
2016-02-02,0.007058853145672294
2016-02-03,-0.0010969390641474026
2016-02-04,0.0023748659278664402
2016-02-05,0.0012762096637184241
2016-02-08,0.007444207479675841
2016-02-09,0.00018083173408392047
2016-02-10,0.0029791827422255518
2016-02-11,0.004587390959308008
2016-02-12,-0.007657156561239891
2016-02-16,-0.00298904225493359
2016-02-17,-0.0024517972620063493
2016-02-18,0.004626080429730678
2016-02-19,0.0
2016-02-22,-0.0009956240135693007
2016-02-23,0.0019916261402784163
2016-02-24,0.0
2016-02-25,0.00297891306310012
2016-02-26,-0.004880049274905901
2016-02-29,0.0016296442979282539
2016-03-01,-0.007846954370598494
2016-03-02,-0.001736115292691015
2016-03-03,0.0011881121827680711
2016-03-04,-0.0033850525001178104
2016-03-07,-0.0020184866198480517
2016-03-08,0.005769080367016231
2016-03-09,-0.003933947876443686
2016-03-10,-0.0035810988820402386
2016-03-11,-0.0028558250735995923
2016-03-14,0.0007376867987959094
2016-03-15,-0.00018391347549822024
2016-03-16,0.005241146302808487
2016-03-17,0.0011004131707255224
2016-03-18,0.0017387611141288022
2016-03-21,-0.002839174284854366
2016-03-22,-0.002111568172392209
2016-03-23,0.004585343449176272
2016-03-24,-0.0010076340320930878
2016-03-28,0.0014649449954856968
2016-03-29,0.0067443443268463965
2016-03-30,-0.0013631567689324374
2016-03-31,0.0036312488531056028
2016-04-01,-0.00029066936564538313
2016-04-04,0.001179704346417772
2016-04-05,0.003982130936421784
2016-04-06,-0.0021700588272615846
2016-04-07,0.0051462001087443435
2016-04-08,-0.0015314517275823972
2016-04-11,-0.0001806103520333078
2016-04-12,-0.003977346630698283
2016-04-13,0.0007242694882477084
2016-04-14,-0.002355753553074568
2016-04-15,0.002989080658499421
2016-04-18,-0.0009954816677624915
2016-04-19,-0.0016309784335006745
2016-04-20,-0.005091185900837181
2016-04-21,-0.001641902001365524
2016-04-22,-0.0010958710712112023
2016-04-25,-0.0010981088655463687
2016-04-26,-0.002106528540064187
2016-04-27,0.00548609047051675
2016-04-28,0.003459546946108252
2016-04-29,-0.0003629499313815481
2016-05-02,-0.0029086095668500807
2016-05-03,0.005917179057303968
2016-05-04,0.0018137078873516816
2016-05-05,0.002714451373741497
2016-05-06,-0.0023523942094577886
2016-05-09,0.0019006105329530368
2016-05-10,-0.00018117934863815847
2016-05-11,0.0015354084070064538
2016-05-12,-0.0027115732683627536
2016-05-13,0.0037947076932350688
2016-05-16,-0.0036134856080577153
2016-05-17,-0.0013587719394545328
2016-05-18,-0.008098271891920113
2016-05-19,0.0010044778364365363
2016-05-20,0.0006387116613676224
2016-05-23,0.0006383039691650366
2016-05-24,-0.0016418821526697795
2016-05-25,-0.000456872633974618
2016-05-26,0.00310060162855754
2016-05-27,-0.0019136994029690432
2016-05-31,0.0011853235116652326
2016-06-01,-0.0003376865226498124
2016-06-02,0.0030991023579490145
2016-06-03,0.00924060263243825
2016-06-06,-0.0026180491610344036
2016-06-07,0.0014456016918262494
2016-06-08,0.0011724474692081036
2016-06-09,0.001532002062456626
2016-06-10,0.0035057796097745504
2016-06-13,0.0019718025980652917
2016-06-14,-0.00026857293817896585
2016-06-15,0.003041458543072314
2016-06-16,0.0010703481910849001
2016-06-17,-0.003395351614504656
2016-06-20,-0.00430602795988271
2016-06-21,-0.0022496626172958663
2016-06-22,0.0019802204552046322
2016-06-23,-0.004777365746343572
2016-06-24,0.013729319263659567
2016-06-27,0.008607441461110855
2016-06-28,-0.00017698403301238778
2016-06-29,-0.004073211084878339
2016-06-30,0.0022161487486644974
2016-07-01,0.002637882833779475
2016-07-05,0.00546731964635998
2016-07-06,0.00017621202166643812
2016-07-07,-0.0013197847066328719
2016-07-08,0.001935127156683201
2016-07-11,-0.005286442520706557
2016-07-12,-0.005936857239574398
2016-07-13,0.002574605713121572
2016-07-14,-0.004174726447724124
2016-07-15,-0.0038347432366470126
2016-07-18,-0.00026826934755660856
2016-07-19,0.002677953795027748
2016-07-20,-0.002052411427485054
2016-07-21,0.0022304247416269334
2016-07-22,-0.0008029427431606426
2016-07-25,-0.000802079232002868
2016-07-26,0.0006240066801179329
2016-07-27,0.0042731044453712145
2016-07-28,0.0005329294169786664
2016-07-29,0.0038103604841222155
2016-08-01,-0.0034777883683371506
2016-08-02,-0.0024030063145345807
2016-08-03,0.0005343336640745103
2016-08-04,0.002401640897477962
2016-08-05,-0.006236993016694697
2016-08-08,-0.0005373099596539983
2016-08-09,0.003571221598178907
2016-08-10,0.0026701131311522336
2016-08-11,-0.004810628628077714
2016-08-12,0.0035652071208775063
2016-08-15,-0.002940957145465546
2016-08-16,-0.0016967732469980825
2016-08-17,0.0016078098359667116
2016-08-18,0.0017838650404906535
2016-08-19,-0.0033916748764573922
2016-08-22,0.002231976779550356
2016-08-23,-8.883215830340662e-05
2016-08-24,-0.00035758323645295
2016-08-25,-0.0016064342548069838
2016-08-26,-0.003851044212142796
2016-08-29,0.004118543569921043
2016-08-30,-8.966129822159849e-05
2016-08-31,-0.0011620502843940916
2016-09-01,0.0015668030813505293
2016-09-02,-0.0025973348885571126
2016-09-06,0.004652668259766492
2016-09-07,0.000535857682606989
2016-09-08,-0.004919647563294227
2016-09-09,-0.00476350440642015
2016-09-12,0.0009008293627037829
2016-09-13,-0.0036969358654108404
2016-09-14,0.0022556242654871756
2016-09-15,0.00027015105709929783
2016-09-16,0.0010806336433349523
2016-09-19,-0.0017116063003573146
2016-09-20,0.001531876848336566
2016-09-21,0.0016195177243228936
2016-09-22,0.002961579528813537
2016-09-23,0.00044779732419774693
2016-09-26,0.002862602969666366
2016-09-27,0.0016959840726605765
2016-09-28,-0.00044609435781449425
2016-09-29,0.0006242760219231143
2016-09-30,-0.002499362124602037
2016-10-03,-0.002330188282999709
2016-10-04,-0.004585198398128748
2016-10-05,-0.0022559911262455506
2016-10-06,-0.002079765951639432
2016-10-07,0.0014475675125495688
2016-10-10,-0.002624826696409198
2016-10-11,-0.0002718134435729293
2016-10-12,0.0
2016-10-13,0.002082355772270392
2016-10-14,-0.003080146763790941
2016-10-17,0.0021752853573266183
2016-10-18,0.0019900041183131714
2016-10-19,0.0004512112979232203
2016-10-20,-0.0009028798930993755
2016-10-21,0.00108411810698882
2016-10-24,-0.0013554370769054463
2016-10-25,-0.00018089202651649838
2016-10-26,-0.0021730062018988517
2016-10-27,-0.003450343241594703
2016-10-28,0.00018191201827367226
2016-10-31,0.0008174725882173451
2016-11-01,3.738528029797274e-05
2016-11-02,0.002997908495760603
2016-11-03,-0.0006348534580515069
2016-11-04,0.003080928173850746
2016-11-07,-0.004171168864564953
2016-11-08,-0.003550087218632309
2016-11-09,-0.015346161834843363
2016-11-10,-0.0060377574640315046
2016-11-11,-0.0020511096651836353
2016-11-14,-0.00580446904105859
2016-11-15,0.0
2016-11-16,0.0009383197894139251
2016-11-17,-0.004418640956265835
2016-11-18,-0.004438605560669215
2016-11-21,0.0008515567707329527
2016-11-22,0.0009452362596052405
2016-11-23,-0.003596200545735775
2016-11-25,-0.0008542612643726938
2016-11-28,0.004544415841778037
2016-11-29,0.001038816488131949
2016-11-30,-0.0067220825176774746
2016-12-01,-0.0038228982310617747
2016-12-02,0.004479021539792743
2016-12-05,-0.0003807793554704997
2016-12-06,0.0003807793554705328
2016-12-07,0.0033216283375623124
2016-12-08,-0.0037974034353701843
2016-12-09,-0.005149815288936745
2016-12-12,0.00019140898242636845
2016-12-13,0.0005732944835974375
2016-12-14,-0.008346863276957613
2016-12-15,-0.0027974517411493063
2016-12-16,0.0012553454322989045
2016-12-19,0.004620188127041157
2016-12-20,-0.0021144843276451157
2016-12-21,0.001634401764650493
2016-12-22,-0.000433158936799283
2016-12-23,0.000962410298574013
2016-12-27,-0.001443918164525072
2016-12-28,0.003654373092398643
2016-12-29,0.0030663532947155813
2016-12-30,0.0029616762659633103
2017-01-03,-0.00047683023148828755
2017-01-04,0.0011440285623330422
2017-01-05,0.006462426235960854
2017-01-06,-0.00455687323715032
2017-01-09,0.0037987466653470873
2017-01-10,-0.00047388935058695103
2017-01-11,0.0011373807530242882
2017-01-12,0.0005681174800691075
2017-01-13,-0.00217996563424066
2017-01-17,0.005015985437787492
2017-01-18,-0.00710589563778754
2017-01-19,-0.003810061274756335
2017-01-20,0.0004768302314882645
2017-01-23,0.005233361919473844
2017-01-24,-0.003803524337289446
2017-01-25,-0.004965934330634364
2017-01-26,0.001339297108956201
2017-01-27,0.0012420226163303927
2017-01-30,-0.000286059568764792
2017-01-31,0.0034326436208419546
2017-02-01,-0.0019181787819508688
2017-02-02,0.00038211940897297917
2017-02-03,0.000763446260307351
2017-02-06,0.004758997055763148
2017-02-07,0.001802835466368041
2017-02-08,0.004067857784668405
2017-02-09,-0.005965595076493599
2017-02-10,-0.0006650067942409789
2017-02-13,-0.0015212863853144441
2017-02-14,-0.003623367720030916
2017-02-15,-0.0019119896230445075
2017-02-16,0.004011132827103998
2017-02-17,0.002665737631433744
2017-02-21,-0.00047567106117655047
2017-02-22,0.001615352950726581
2017-02-23,0.002655538048207753
2017-02-24,0.004629983561952166
2017-02-27,-0.003588367536657564
2017-02-28,-0.0004731113528262294
2017-03-01,-0.006991359313773357
2017-03-02,-0.002867176770313526
2017-03-03,0.0009564321407403278
2017-03-06,-0.00019107118720619937
2017-03-07,-0.0014355326457697424
2017-03-08,-0.0033580581274121096
2017-03-09,-0.0027917515432046005
2017-03-10,0.0021184274756618875
2017-03-13,-0.002503680013462223
2017-03-14,0.0010597357878921135
2017-03-15,0.008726158448138047
2017-03-16,-0.0027724476614183276
2017-03-17,0.0026772489642035067
2017-03-20,0.0023840621403386562
2017-03-21,0.003328096521599473
2017-03-22,0.0018974994396927542
2017-03-23,-0.0010433596313822078
2017-03-24,0.0005693442152901137
2017-03-27,0.0024619560771678927
2017-03-28,-0.003410397223644241
2017-03-29,0.0028428926162103207
2017-03-30,-0.0028428926162104213
2017-03-31,0.001990679695972104
2017-04-03,0.004910393200023742
2017-04-04,-0.0014166944207721474
2017-04-05,0.0018892089872455692
2017-04-06,-0.000660550338273605
2017-04-07,-0.0030260301094787653
2017-04-10,0.0017973714605068474
2017-04-11,0.004621160858085656
2017-04-12,0.003099643123857833
2017-04-13,0.002997147338092543
2017-04-17,-0.0015912543463786294
2017-04-18,0.005696866815797251
2017-04-19,-0.0026107035981566902
2017-04-20,-0.002243766023348593
2017-04-21,0.0004680580805282995
2017-04-24,-0.00206067921336791
2017-04-25,-0.005167470912244827
2017-04-26,0.0026340237577323388
2017-04-27,0.0006580326212181597
2017-04-28,0.0010320219138742538
2017-05-01,-0.0021632313397524734
2017-05-02,0.0020692258914543874
2017-05-03,-0.0020692258914544086
2017-05-04,-0.0022623345588325973
2017-05-05,0.0001887307652075061
2017-05-08,-0.002456020006278181
2017-05-09,-0.001135619084524533
2017-05-10,-0.0003787680109651855
2017-05-11,0.0007576554341485434
2017-05-12,0.005098015680210474
2017-05-15,-0.0006591634460865406
2017-05-16,0.0013180668915179423
2017-05-17,0.007967703016268587
2017-05-18,-0.0002799325742904115
2017-05-19,-0.00028061619211616306
2017-05-22,-0.0011213485870486307
2017-05-23,-0.0026223639726334048
2017-05-24,0.0020608713625054806
2017-05-25,0.0005614926101279475
2017-05-26,0.0006541718919311232
2017-05-30,0.0025202687871558565
2017-05-31,0.0004662597739689106
2017-06-01,-0.000522950390638491
2017-06-02,0.0043789116595941485
2017-06-05,-0.0016747194297234177
2017-06-06,0.0031612749036873146
2017-06-07,-0.0018581961100854897
2017-06-08,-0.0015824572326194944
2017-06-09,-0.0009314809341857669
2017-06-12,-0.0001865554692336542
2017-06-13,0.00037247312892294476
2017-06-14,0.005206793157855226
2017-06-15,-0.0017637497440760378
2017-06-16,0.0005570884715321546
2017-06-19,-0.002788981232094194
2017-06-20,0.0025100895783203995
2017-06-21,-9.226589905698572e-05
2017-06-22,0.0009284503680083731
2017-06-23,0.0002778870161519991
2017-06-26,0.0008343115725718653
2017-06-27,-0.004924060014716118
2017-06-28,-0.0009314809341857669
2017-06-29,-0.003736094841026601
2017-06-30,-0.002342720072338613
2017-07-03,-0.003680087615415485
2017-07-05,0.0007539682948623865
2017-07-06,-0.0018857699270671364
2017-07-07,-0.0016060105526825158
2017-07-10,0.0013227074033523708
2017-07-11,0.001320960159315785
2017-07-12,0.002918968074791791
2017-07-13,-0.0010348915238154641
2017-07-14,0.0014110134097819068
2017-07-17,0.0012213334141930603
2017-07-18,0.003653177006228209
2017-07-19,0.0
2017-07-20,0.0002814903543421189
2017-07-21,0.001774618462955686
2017-07-24,-0.0006534132457674297
2017-07-25,-0.005619506247440527
2017-07-26,0.0031879463006390233
2017-07-27,-0.0015923133795096478
2017-07-28,0.0016863928724309587
2017-07-31,0.00028028541271146187
2017-08-01,0.002481393633818682
2017-08-02,-0.0009359234475752349
2017-08-03,0.0034572353381672662
2017-08-04,-0.0027087884081133384
2017-08-07,0.0005609462842053401
2017-08-08,-0.000841106524595295
2017-08-09,0.0012152116202876497
2017-08-10,0.0037301145424733675
2017-08-11,0.0011161038313039023
2017-08-14,-0.0024200446475390537
2017-08-15,-0.0029868240056785166
2017-08-16,0.0018676704826638825
2017-08-17,0.0035391981705536514
2017-08-18,0.00018622458910508145
2017-08-21,0.0006506571339781496
2017-08-22,-0.0019529855543873736
2017-08-23,0.0034381744832973882
2017-08-24,-0.0015785787407486716
2017-08-25,0.0016713939465100383
2017-08-28,0.0009272516487551972
2017-08-29,0.002313650407804797
2017-08-30,-0.0008318338264249049
2017-08-31,0.001571985340917479
2017-09-01,-0.0029474215774598915
2017-09-05,0.0069363438703205545
2017-09-06,-0.002398667309025542
2017-09-07,0.0043318804327780215
2017-09-08,-0.0007360336264959084
2017-09-11,-0.005723278742809355
2017-09-12,-0.0024102446247679077
2017-09-13,-0.0020433532859408647
2017-09-14,0.00018630524757217026
2017-09-15,0.0012080030894628532
2017-09-18,-0.003908372623285854
2017-09-19,-0.0011193176112192487
2017-09-20,-0.001961395476011234
2017-09-21,-0.0013101969269809788
2017-09-22,0.0017777332633111646
2017-09-25,0.0029859186474046804
2017-09-26,-0.0008382855622403298
2017-09-27,-0.005143442848644816
2017-09-28,-0.0001873423509250469
2017-09-29,-0.0012195315564105958
2017-10-02,-0.0011380971830804308
2017-10-03,0.0014102880596483093
2017-10-04,-0.00028177762923024867
2017-10-05,-0.0010345273084896968
2017-10-06,-0.001224547592769902
2017-10-09,0.0011305644708415389
2017-10-10,0.00037570663718885177
2017-10-11,0.0011288637762485027
2017-10-12,0.0009394023241321363
2017-10-13,0.0033742506993356897
2017-10-16,-0.001685357720448277
2017-10-17,-0.00037524498050632
2017-10-18,-0.002535060460859158
2017-10-19,0.0010337061067816095
2017-10-20,-0.004140991338107985
2017-10-23,0.0009425901351529009
2017-10-24,-0.003019751056383978
2017-10-25,-0.001607505709904411
2017-10-26,-0.0013259658914375114
2017-10-27,0.0032172077459918244
2017-10-30,0.003583293044814565
2017-10-31,-0.0006590570429273155
2017-11-01,0.0006040585251061574
2017-11-02,0.0013192166553864263
2017-11-03,0.001599132489491642
2017-11-06,0.0012214215074900297
2017-11-07,0.0003755882818247125
2017-11-08,-0.0012207901746972448
2017-11-09,-0.0003762196146174497
2017-11-10,-0.005089313667942592
2017-11-13,-0.0004727012929275919
2017-11-14,0.0014166548093184172
2017-11-15,0.003581369129580548
2017-11-16,-0.002542898011759728
2017-11-17,0.0013192060988576274
2017-11-20,-0.0016019095624564476
2017-11-21,0.00018816067974001852
2017-11-22,0.003201431817589899
2017-11-24,-0.0008465805047324508
2017-11-27,0.0006585900906549429
2017-11-28,0.0001879904140774422
2017-11-29,-0.003201431817589879
2017-11-30,-0.003117127325259775
2017-12-01,0.003688399758006521
2017-12-04,-0.0004722319532649482
2017-12-05,0.0007554122636492556
2017-12-06,0.0020743814428695277
2017-12-07,-0.0017914541092342098
2017-12-08,-0.0007551120169296476
2017-12-11,-0.0006607584430557739
2017-12-12,-0.0008507453277191655
2017-12-13,0.004058069896938673
2017-12-14,-0.0003768089656794199
2017-12-15,-0.00018871663554313948
2017-12-18,-0.002264268105296201
2017-12-19,-0.004543540789204961
2017-12-20,-0.002945661194177759
2017-12-21,0.0007051832302869439
2017-12-22,0.0003805661600901265
2017-12-26,0.0003808564668875115
2017-12-27,0.004273630262638666
2017-12-28,-0.0012325964097769076
2017-12-29,0.001611251576873625
