Date,NVDA
2011-01-04,-0.003165646362962355
2011-01-05,0.04048000297965111
2011-01-06,0.04048000297965111
2011-01-07,0.027552746384379476
2011-01-10,0.03753496105250752
2011-01-11,-0.015632662288529945
2011-01-12,0.04048000297965111
2011-01-13,0.001712176764874936
2011-01-14,0.00851376761491988
2011-01-18,-0.023591143756409468
2011-01-19,-0.027724109716608315
2011-01-20,0.0008922470038739977
2011-01-21,-0.009407074214262715
2011-01-24,0.04048000297965111
2011-01-25,-0.031214468988323685
2011-01-26,0.023501852746241815
2011-01-27,-0.0028568933114821705
2011-01-28,-0.029444556669771207
2011-01-31,0.006711747170953269
2011-02-01,0.022732809498818073
2011-02-02,0.04048000297965111
2011-02-03,-0.0189424999002953
2011-02-04,0.022455280876109113
2011-02-07,-0.03950568362779229
2011-02-08,-0.03012444360234301
2011-02-09,-0.024598536908015625
2011-02-10,-0.02038666059356438
2011-02-11,0.028085861282884702
2011-02-14,-0.015457351669916849
2011-02-15,-0.024530581828322427
2011-02-16,0.03614613211449326
2011-02-17,0.04048000297965111
2011-02-18,-0.001949092130589418
2011-02-22,-0.03950568362779229
2011-02-23,-0.03950568362779229
2011-02-24,0.02412919876753683
2011-02-25,0.020538110489461133
2011-02-28,-0.020096671962018458
2011-03-01,-0.03950568362779229
2011-03-02,-0.03950568362779229
2011-03-03,0.005766367320269925
2011-03-04,-0.0052845803278877045
2011-03-07,-0.014067760322121373
2011-03-08,-0.03950568362779229
2011-03-09,-0.021194690817980633
2011-03-10,-0.03950568362779229
2011-03-11,0.007228196961258669
2011-03-14,0.008275845584367704
2011-03-15,-0.030119017208132287
2011-03-16,-0.007388856832288239
2011-03-17,0.018650025639032942
2011-03-18,-0.013529364702428926
2011-03-21,0.007914595352214207
2011-03-22,-0.0176093706677702
2011-03-23,0.02042080554411156
2011-03-24,0.04048000297965111
2011-03-25,-0.03169854330638078
2011-03-28,0.03636777627002311
2011-03-29,-0.007794346815862168
2011-03-30,-0.03828202842912645
2011-03-31,0.0005416900120693164
2011-04-01,-0.014184620905773087
2011-04-04,-0.036367533046546156
2011-04-05,0.0017079290709194714
2011-04-06,-0.0068489906159813875
2011-04-07,0.03599871775983721
2011-04-08,-0.030857656214775462
2011-04-11,-0.013191893436297921
2011-04-12,0.0028824546845910913
2011-04-13,0.02220435404665069
2011-04-14,0.04048000297965111
2011-04-15,0.01074723448379415
2011-04-18,-0.0336987434240251
2011-04-19,-0.0038772091970317086
2011-04-20,0.030065152674106265
2011-04-21,-0.002696218957822314
2011-04-25,0.01553745776168152
2011-04-26,0.025716437448714696
2011-04-27,0.0
2011-04-28,0.01082210958498138
2011-04-29,0.024804908401850713
2011-05-02,-0.013591455533231265
2011-05-03,-0.03950568362779229
2011-05-04,-0.007478633091026605
2011-05-05,0.0005360219819986591
2011-05-06,0.03475870801806086
2011-05-09,0.022012801277257237
2011-05-10,0.0015176914378818413
2011-05-11,0.004539826203095814
2011-05-12,0.031213715790977807
2011-05-13,-0.03950568362779229
2011-05-16,-0.031148670363791698
2011-05-17,-0.0039622201054884875
2011-05-18,0.02298921820965242
2011-05-19,-0.014517197561295452
2011-05-20,0.017285200856714398
2011-05-23,-0.0011062820670205732
2011-05-24,0.0038665013181354794
2011-05-25,0.012054751328314997
2011-05-26,0.024745675441199426
2011-05-27,0.035494220382597294
2011-05-31,0.02731573738473923
2011-06-01,-0.03950568362779229
2011-06-02,-0.004713383724215269
2011-06-03,-0.031460999458505334
2011-06-06,-0.02135303123827969
2011-06-07,-0.0005533843472422939
2011-06-08,-0.02750677026800966
2011-06-09,-0.011448406850494126
2011-06-10,-0.014497223530181142
2011-06-13,-0.00703397233536068
2011-06-14,0.008201151821617934
2011-06-15,-0.02182276206680652
2011-06-16,-0.03519797991522533
2011-06-17,-0.02375145135604796
2011-06-20,-0.012090056090025303
2011-06-21,0.02153349757289614
2011-06-22,-0.013880706663642373
2011-06-23,0.02942354240641342
2011-06-24,-0.029423542406413313
2011-06-27,-0.021188347727476742
2011-06-28,0.005823413240461369
2011-06-29,0.015364934487015506
2011-06-30,0.012626770730147261
2011-07-01,0.013088193276576577
2011-07-05,-0.01685987227105861
2011-07-06,-0.013312216998549785
2011-07-07,0.003821714345902652
2011-07-08,-0.01925590177781647
2011-07-11,-0.03562362382359038
2011-07-12,-0.013522954051085716
2011-07-13,-0.0020444549218708824
2011-07-14,-0.03950568362779229
2011-07-15,0.0014191896724906215
2011-07-18,-0.02150594663330576
2011-07-19,0.029980692679657812
2011-07-20,-0.01273864950206754
2011-07-21,0.04048000297965111
2011-07-22,0.020202640098635555
2011-07-25,-0.016129169817935423
2011-07-26,-0.02469259717526072
2011-07-27,-0.038221282002301564
2011-07-28,-0.0021669252056293405
2011-07-29,0.0
2011-08-01,0.04048000297965111
2011-08-02,-0.010348227885487678
2011-08-03,0.0266861989023379
2011-08-04,-0.03950568362779229
2011-08-05,-0.034159049553544756
2011-08-08,-0.03950568362779229
2011-08-09,0.04048000297965111
2011-08-10,-0.03950568362779229
2011-08-11,0.04048000297965111
2011-09-08,-0.004924591380824969
2011-09-09,-0.021383400878842006
2011-09-12,0.02349680575274135
2011-09-13,0.022269665821574806
2011-09-14,0.04048000297965111
2011-09-15,0.014295099104372124
2011-09-16,-0.002584268869310935
2011-09-19,-0.020915406766213104
2011-09-20,-0.026097396301248507
2011-09-21,-0.01916554293434998
2011-09-22,-0.03950568362779229
2011-09-23,0.020513635581059165
2011-09-26,0.002172921528013605
2011-09-27,0.001446152242580938
2011-09-28,-0.030816581481412735
2011-09-29,-0.024897553249993647
2011-09-30,-0.03950568362779229
2011-10-03,-0.03950568362779229
2011-10-04,0.04048000297965111
2011-10-05,0.03503824178406924
2011-10-06,0.03890371289137258
2011-10-07,0.018545171429600462
2011-10-10,0.04048000297965111
2011-10-11,-0.010884702235683616
2011-10-12,-0.0006841937418494524
2011-10-13,0.04048000297965111
2011-10-14,0.016677894811569748
2011-10-17,-0.03950568362779229
2011-10-18,0.03550676030320239
2011-10-19,-0.02022897575242891
2011-10-20,-0.03950568362779229
2011-10-21,0.0048456394092085495
2011-10-24,0.03661433338617028
2011-10-25,-0.03868811011212662
2011-10-26,0.011695801221884893
2011-10-27,0.04048000297965111
2011-10-28,0.02269134889957662
2011-10-31,-0.03950568362779229
2011-11-01,-0.03950568362779229
2011-11-02,-0.017217216453017263
2011-11-03,0.04048000297965111
2011-11-04,0.011537579392393972
2011-11-07,-0.0054128088138229715
2011-11-08,0.022804447157555502
2011-11-09,-0.03950568362779229
2011-11-10,0.010420207689850408
2011-11-11,0.03463834897350303
2011-11-14,-0.019548690184839394
2011-11-15,0.0128507343846427
2011-11-16,-0.020367324758325717
2011-11-17,-0.036316713984647614
2011-11-18,-0.00928890222913778
2011-11-21,0.04048000297965111
2011-11-22,0.03029509103222345
2011-11-23,-0.03950568362779229
2011-11-25,-0.02809148168213569
2011-11-28,0.04048000297965111
2011-11-29,0.005379785114093103
2011-11-30,0.04048000297965111
2011-12-01,0.012082860970027214
2011-12-02,-0.006341345875960145
2011-12-05,-0.015384967566109556
2011-12-06,-0.014313959317927573
2011-12-07,-0.005915016434501378
2011-12-08,-0.032152638706179106
2011-12-09,0.014194111331112667
2011-12-12,-0.025145775485401752
2011-12-13,-0.027915214709300567
2011-12-14,-0.03950568362779229
2011-12-15,-0.008875920825853
2011-12-16,0.0037077348794710492
2011-12-19,-0.02624805510164665
2011-12-20,0.04048000297965111
2011-12-21,-0.01303430592120345
2011-12-22,0.04048000297965111
2011-12-23,-0.009831859369848737
2011-12-27,-0.007793046330034537
2011-12-28,-0.025208322526969643
2011-12-29,0.018786286787674696
2011-12-30,-0.00790477695267107
2012-01-03,0.01290367543081055
2012-01-04,0.01133117003136183
2012-01-05,0.03528539279886389
2012-01-06,-0.011623647143480687
2012-01-09,0.0
2012-01-10,-0.004135411577150792
2012-01-11,-0.020230679948670133
2012-01-12,-0.006362920705208577
2012-01-13,-0.0265913422784779
2012-01-17,-0.015413412726596007
2012-01-18,0.03345803833261381
2012-01-19,0.02612197137434832
2012-01-20,-0.009100508655536292
2012-01-23,0.02705668536160586
2012-01-24,0.02233596091121821
2012-01-25,-0.006042093465001033
2012-01-26,-0.00947263947966479
2012-01-27,0.013504784450595326
2012-01-30,-0.007404920255709359
2012-01-31,-0.0020292446376502407
2012-02-01,0.010774318082609294
2012-02-02,0.03682247683287966
2012-02-03,0.021080392217213247
2012-02-06,-0.007614438328478127
2012-02-07,0.002544400997274526
2012-02-08,0.03557338827706606
2012-02-09,-0.000613277472089221
2012-02-10,-0.024845857118166552
2012-02-13,0.01560071031991356
2012-02-14,0.005557642677234306
2012-02-15,-0.004320162291664574
2012-02-16,0.01716804381200015
2012-02-17,-0.03715592777061657
2012-02-21,0.005034448161305876
2012-02-22,-0.006928971263779575
2012-02-23,0.005672917253950263
2012-02-24,-0.0075711187284261
2012-02-27,-0.020474114501899465
2012-02-28,-0.009090843525176442
2012-02-29,-0.011811581121300662
2012-03-01,0.006579148925841782
2012-03-02,0.008488113902213577
2012-03-05,-0.034394462289244435
2012-03-06,-0.009465969141284416
2012-03-07,0.006095379776808277
2012-03-08,0.0033705893644762324
2012-03-09,-0.002695544463101517
2012-03-12,-0.01564107622157189
2012-03-13,0.013614660828321187
2012-03-14,-0.028808624531373554
2012-03-15,0.014508006197406782
2012-03-16,0.001371177641154508
2012-03-19,0.0027355732468351134
2012-03-20,-0.016528995562301748
2012-03-21,0.004157797727137215
2012-03-22,-0.001383922616492459
2012-03-23,0.007588830944486742
2012-03-26,0.011616147668215532
2012-03-27,0.006770424678182991
2012-03-28,0.02268324471151658
2012-03-29,0.004606208319122177
2012-03-30,0.011100455320232403
2012-04-02,-0.004555583305279912
2012-04-03,-0.016442686701858583
2012-04-04,-0.02892921773612664
2012-04-05,-0.001365873296096843
2012-04-09,-0.013071950602394104
2012-04-10,-0.019581227565041395
2012-04-11,0.012632285909240657
2012-04-12,0.023432615236231823
2012-04-13,-0.03606490114547246
2012-04-16,-0.012077773287192622
2012-04-17,0.0021416118170775574
2012-04-18,-0.010756376895291722
2012-04-19,-0.015256734071388176
2012-04-20,-0.019963929936511294
2012-04-23,-0.012020863417528829
2012-04-24,-0.03148041670938563
2012-04-25,0.020077971916710333
2012-04-26,0.0007641947857286573
2012-04-27,-0.008438635486406354
2012-04-30,0.0015393671077652128
2012-05-01,0.01753751838558769
2012-05-02,-0.02914337855106686
2012-05-03,-0.017268710832727092
2012-05-04,-0.029732846655627566
2012-05-07,0.01698390674300222
2012-05-08,-0.0008023095930867776
2012-05-09,0.004005126410358961
2012-05-10,-0.007220503277830411
2012-05-11,0.04048000297965111
2012-05-14,-0.006074910560934918
2012-05-15,-0.009949923874002387
2012-05-16,-0.02020268486587056
2012-05-17,-0.00708896843130907
2012-05-18,-0.03950568362779229
2012-05-21,0.01723438646674657
2012-05-22,-0.012279724722127001
2012-05-23,0.024411321308344777
2012-05-24,-0.02688520783253585
2012-05-25,0.023664863183207888
2012-05-29,0.025478812292326597
2012-05-30,-0.01186285512316019
2012-05-31,-0.011200066902387274
2012-06-01,-0.03687435291089607
2012-06-04,-0.021088621094394466
2012-06-05,0.028572576268322287
2012-06-06,0.026167142436677133
2012-06-07,-0.03950568362779229
2012-06-08,0.019159156981037637
2012-06-11,0.011485003066144509
2012-06-12,0.020186723560274244
2012-06-13,-0.026733483033575655
2012-06-14,-0.012391852616273099
2012-06-15,0.021382268807042814
2012-06-18,0.008911251936889773
2012-06-19,0.04048000297965111
2012-06-20,0.01573633826000483
2012-06-21,-0.03950568362779229
2012-06-22,0.01238392865461339
2012-06-25,-0.03204670394789085
2012-06-26,0.011058719538008334
2012-06-27,0.03169949128087542
2012-06-28,0.007581643573078759
2012-06-29,0.04048000297965111
2012-07-02,-0.027137762163390103
2012-07-03,0.025689798177661642
2012-07-05,-0.010196975142110414
2012-07-06,-0.019216935375432724
2012-07-09,-0.013523864753594265
2012-07-10,-0.030724409934398695
2012-07-11,-0.01651617203121322
2012-07-12,-0.01679343864446476
2012-07-13,0.012820550185832946
2012-07-16,0.0031794899215817412
2012-07-17,-0.018422516775227913
2012-07-18,0.04048000297965111
2012-07-19,0.009904633284993872
2012-07-20,-0.029232960087690114
2012-07-23,0.013184029889071771
2012-07-24,-0.010844561546848111
2012-07-25,0.0192831970332544
2012-07-26,0.0045733407930972966
2012-07-27,0.024784862260097507
2012-07-30,-0.011189886998706069
2012-07-31,0.015631015803688655
2012-08-01,-0.011140218433702167
2012-08-02,0.0037272770423955734
2012-08-03,0.020619482652402658
2012-08-06,0.020916703554839364
2012-08-07,0.00994312719362084
2012-08-08,0.005637959188749958
2012-08-09,0.033174961454429386
2012-08-10,-0.006137034224702969
2012-08-13,0.012912311466123278
2012-08-14,-0.014966031320197191
2012-08-15,-0.007568304641854469
2012-08-16,0.02050672673161214
2012-08-17,-0.008834925260579815
2012-08-20,0.0
2012-08-21,-0.00273397071695328
2012-08-22,0.002051267270119294
2012-08-23,-0.022798559172754043
2012-08-24,0.02006298592591894
2012-08-27,-0.017271870729353808
2012-08-28,-0.004189645104490512
2012-09-25,-0.01847127403153951
2012-09-26,-0.017299676239627523
2012-09-27,0.007558424515809205
2012-09-28,0.004507764042340435
2012-10-01,-0.016629095920088523
2012-10-02,0.00380393299183455
2012-10-03,-0.009920643943915378
2012-10-04,0.04048000297965111
2012-10-05,-0.023775118931419502
2012-10-08,-0.009822115458997416
2012-10-09,-0.021490096674685204
2012-10-10,-0.01721455385601766
2012-10-11,0.005509578566475988
2012-10-12,-0.008671886132335759
2012-10-15,0.012588346740003545
2012-10-16,0.02851886291495016
2012-10-17,-0.007627708850888041
2012-10-18,-0.015432517596511007
2012-10-19,-0.03950568362779229
2012-10-22,-0.011628738673794782
2012-10-23,0.029631895124527952
2012-10-24,-0.01306148841687834
2012-10-25,0.0008215270216936973
2012-10-26,-0.01073026767062473
2012-10-31,-0.0058265268458329
2012-11-01,0.04048000297965111
2012-11-02,-0.004792720663723365
2012-11-05,0.04048000297965111
2012-11-06,-0.0007686046089673128
2012-11-07,-0.031227966135738056
2012-11-08,0.005535823751437929
2012-11-09,-0.03941018451202339
2012-11-12,-0.0223985425941647
2012-11-13,-0.007578487054181072
2012-11-14,-0.02481959176494085
2012-11-15,0.004323287786643438
2012-11-16,-0.018285315005683714
2012-11-19,0.02773135295385967
2012-11-20,-0.011680445870493533
2012-11-21,0.028315751187009436
2012-11-23,0.006745483470712407
2012-11-26,0.017492588311090445
2012-11-27,0.004120737773228951
2012-11-28,0.00818961689779849
2012-11-29,-0.018107034496334093
2012-11-30,-0.005830693173724025
2012-12-03,-0.01855056839298647
2012-12-04,0.029351730901897275
2012-12-05,-0.011637255786762462
2012-12-06,0.0016708410993758525
2012-12-07,-0.0016708410993759065
2012-12-10,0.03289795763173138
2012-12-11,0.023191715223518452
2013-01-09,-0.02267320492248122
2013-01-10,0.0016367644353756116
2013-01-11,-0.0016367644353755012
2013-01-14,-0.0008192291089320112
2013-01-15,-0.018197325995390187
2013-01-16,0.009139841560087767
2013-01-17,0.013147778703712589
2013-01-18,-0.006552546866756049
2013-01-22,-0.004942448219537995
2013-01-23,0.0016503759245693704
2013-01-24,0.004934424097746599
2013-01-25,0.01788662190736871
2013-01-28,0.015987316154171663
2013-01-29,-0.02164388626460947
2013-01-30,-0.0016219524573328782
2013-01-31,-0.0048825446908867375
2013-02-01,0.008932556073707017
2013-02-04,-0.01712217297150537
2013-02-05,0.022765167732375167
2013-02-06,-0.008071053686357124
2013-02-07,-0.004060087233143604
2013-02-08,0.0064881461586308795
2013-02-11,0.01125411820651655
2013-02-12,-0.006415095875061409
2013-02-13,-0.004839022331455086
2013-02-14,0.028687378915791904
2013-02-15,0.0
2013-02-19,-0.013443916876762309
2013-02-20,-0.014435591315780911
2013-02-21,-0.007296016881879594
2013-02-22,0.01854130415614638
2013-02-25,-0.01772744176386155
2013-02-26,0.011790280269820786
2013-02-27,0.018422875672415507
2013-02-28,0.004750599860959646
2013-03-01,0.003941817619077663
2013-03-04,-0.003941817619077705
2013-03-05,0.010997847862109694
2013-03-06,-0.0007815045925811297
2013-03-07,-0.0023482855927125165
2013-03-08,0.004691370111561446
2013-03-11,-0.009404650760604085
2013-03-12,0.0031447549205902646
2013-03-13,0.0
2013-03-14,0.0007845703983147234
2013-03-15,-0.008665027803371472
2013-03-18,-0.007145666888673492
2013-03-19,-0.0063945920756630975
2013-03-20,0.011957033701829397
2013-03-21,-0.015974867601738107
2013-03-22,0.004818973322690052
2013-03-25,-0.005624708512730374
2013-03-26,0.007226399753886388
2013-03-27,0.011928304941874756
2013-03-28,0.014128452406487397
2013-04-01,-0.03328315710224855
2013-04-02,-0.010530512544833557
2013-04-03,-0.012290665738220493
2013-04-04,0.009844420029138013
2013-04-05,0.016997927311113343
2013-04-08,-0.002411070421000711
2013-04-09,0.015962633428476748
2013-04-10,0.015710425037574943
2013-04-11,-0.004686703057761397
2013-04-12,0.024749785983562377
2013-04-15,-0.020842058728693432
2013-04-16,0.010860733264259103
2013-04-17,-0.013203817783107984
2013-04-18,-0.019740423733475954
2013-04-19,0.002389639635164794
2013-04-22,0.001590334467631337
2013-04-23,0.025873175754139634
2013-04-24,0.033488938427417236
2013-04-25,0.00819976759112276
2013-04-26,-0.004464193758385625
2013-04-29,0.011860860444889931
2013-04-30,0.014630265011833893
2013-05-01,-0.00875278742089617
2013-05-02,0.0116538127742652
2013-05-03,0.004334800637800823
2013-05-06,-0.002887530687615589
2013-05-07,-0.013101082724450406
2013-05-08,0.018149726557915156
2013-05-09,0.0007190267456322185
2013-05-10,0.04048000297965111
2013-05-13,-0.020848639543026706
2013-05-14,0.014639542518916275
2013-05-15,0.01715302271013588
2013-05-16,-0.004773231528884442
2013-05-17,0.016271360711092288
2013-05-20,-0.0020192187814175823
2013-05-21,0.010442987899652601
2013-05-22,-0.03547469381048537
2013-05-23,0.01584631254528568
2013-05-24,-0.00617060102079341
2013-05-28,-0.000687988416058603
2013-05-29,-0.006213554171851708
2013-05-30,0.013072143608703577
2013-05-31,-0.01099684268746566
2013-06-03,-0.001382937422124977
2013-06-04,0.0013829374221249369
2013-06-05,-0.021656264901219607
2013-06-06,0.006335583888235121
2013-06-07,0.013937743590859487
2013-06-10,-0.0006923634991131542
2013-06-11,-0.018875094870674444
2013-06-12,-0.008504765848631418
2013-06-13,0.022520380680623314
2013-06-14,-0.0013926568459152165
2013-06-17,0.009708729836343018
2013-06-18,-0.006230761888327393
2013-06-19,0.03009829777188102
2013-06-20,-0.02732412883529911
2013-06-21,-0.001385635227096535
2013-06-24,-0.021023979220694107
2013-06-25,0.007057129323682815
2013-06-26,-0.005642074962101192
2013-06-27,-0.00923622048068468
2013-06-28,0.0021392017132145914
2013-07-01,0.0042643612302160575
2013-07-02,-0.000709465236372199
2013-07-03,0.002834665075673277
2013-07-05,0.007755091486537739
2013-07-08,-0.004928168573050098
2013-07-09,0.004928168573050158
2013-07-10,0.01325399457145868
2013-07-11,0.013765075334869209
2013-07-12,0.0006832002790102517
2013-07-15,-0.002051352469310674
2013-07-16,0.005461065601632869
2013-07-17,-0.005461065601633028
2013-07-18,-0.004115196809742465
2013-07-19,-0.021535720906284975
2013-07-22,-0.0007027568935785558
2013-07-23,-0.0014065476350394047
2013-07-24,0.0
2013-07-25,0.0035125321999134587
2013-07-26,-0.004216683547259548
2013-07-29,-0.002114712697085924
2013-07-30,0.016795300816222304
2013-07-31,0.002079794054452083
2013-08-01,0.013755343887713947
2013-08-02,0.008163240407255237
2013-08-05,0.004731210393887993
2013-08-06,-0.014945803270453886
2013-08-07,-0.0006845161854992207
2013-08-08,0.0068255579420147885
2013-08-09,-0.014388440223173145
2013-08-12,-0.008316072990427808
2013-08-13,0.0034738448115859393
2013-08-14,0.04048000297965111
2013-08-15,0.00663135004466687
2013-08-16,0.0039575014944509745
2013-08-19,-0.015925964511853866
2013-08-20,0.005029303680305174
2013-08-21,-0.0046929496649205866
2013-08-22,0.005361576795762544
2013-08-23,0.0
2013-08-26,0.0020032879895889883
2013-08-27,-0.012756030165850543
2013-08-28,0.0
2013-08-29,-0.0020292899469614933
2013-08-30,-0.0013544045399672808
2013-09-03,0.0006773454572071668
2013-09-04,0.00944035008623364
2013-09-05,0.0026812947267483137
2013-09-06,-0.004024130402761317
2013-09-09,0.016661206511617906
2013-09-10,0.020929625779715532
2013-09-11,0.01668828836698601
2013-09-12,-0.0006363726376735698
2013-09-13,0.006349035018366007
2013-09-16,0.000632346357714402
2013-09-17,0.003157751272755314
2013-09-18,0.008788624241942714
2013-09-19,-0.004384697057257715
2013-09-20,-0.008827334765889585
2013-09-23,-0.009544926855351243
2013-09-24,0.0038292017877201963
2013-09-25,0.0012726639841579765
2013-09-26,-0.0031855942574782726
2013-09-27,-0.005759866141622842
2013-09-30,-0.0012846787741749445
2013-10-01,-0.0006429179478052557
2013-10-02,-0.0006432497653439093
2013-10-03,-0.010349248867579038
2013-10-04,0.013561694077436782
2013-10-07,0.0
2013-10-08,-0.00837355801171555
2013-10-09,-0.015645863474703915
2013-10-10,0.011107666719502099
2013-10-11,-0.00848275589630631
2013-10-14,0.01495943128346182
2013-10-15,-0.005178227622120182
2013-10-16,0.01225457581670901
2013-10-17,0.0019213427760493022
2013-10-18,0.011449967477614006
2013-10-21,0.0025271586102163708
2013-10-22,-0.005060075143226874
2013-10-23,-0.017269252511350947
2013-10-24,-0.007122164791045999
2013-10-25,-0.009794475141468332
2013-10-28,-0.001970392827522615
2013-10-29,0.0013143881526462525
2013-10-30,-0.0006571869031573557
2013-10-31,-0.0019732356158464587
2013-11-01,0.004598146439042047
2013-11-04,-0.029257943737385907
2013-11-05,-0.0013502613081255595
2013-11-06,0.006734001056512064
2013-11-07,-0.023769802775433876
2013-11-08,0.04048000297965111
2013-11-11,0.008320130254131008
2013-11-12,0.0019100089191450493
2013-11-13,0.026986494119116782
2013-11-14,0.004324938948491317
2013-11-15,-0.0030875568303366453
2013-11-18,-0.024414445892294124
2013-11-19,-0.016380345051204545
2013-11-20,-0.015008324740319202
2013-11-21,0.007858688271399196
2013-11-22,-0.009833069061113395
2013-11-25,0.02150621762445242
2013-11-26,0.008346522627212614
2013-11-27,0.003829229203744389
2013-11-29,-0.006390003017540218
2013-12-02,0.009569596885284032
2013-12-03,-0.000635351455303502
2013-12-04,0.013880492658015508
2013-12-05,-0.01642473507045569
2013-12-06,-0.01475801638279567
2013-12-09,-0.016949572282899637
2013-12-10,0.0227503186794074
2013-12-11,-0.009686853179420403
2013-12-12,-0.01965983960254051
2013-12-13,-0.005974355324303316
2013-12-16,0.001330899953406276
2013-12-17,0.004643455370897076
2013-12-18,0.013802133424194358
2013-12-19,0.0039088926934242665
2013-12-20,0.019955722322846498
2013-12-23,0.00571948274938455
2013-12-24,0.002531840471588326
2013-12-26,-0.009526971298044857
2013-12-27,0.005727324097066717
2013-12-30,0.013236711187681561
2013-12-31,0.003126000512974386
2014-01-02,-0.010038016608554435
2014-01-03,-0.012052019189168144
2014-01-06,0.013312554250168165
2014-01-07,0.0162399865429131
2014-01-08,0.013538808229961329
2014-01-09,-0.03799889275044324
2014-01-10,-0.001270704995312088
2014-01-13,-0.023802955602099517
2014-01-14,0.030771416740998533
2014-01-15,0.010675420333170881
2014-01-16,0.0031179663035945894
2014-01-17,-0.004367943256441908
2014-01-21,0.0037451745076508554
2014-01-22,-0.0012465445002776624
2014-01-23,-0.0037502505191348875
2014-01-24,-0.026008442866180436
2014-01-27,-0.0064477646317636075
2014-01-28,0.009655921074283261
2014-01-29,-0.009655921074283185
2014-01-30,0.016678166019701277
2014-01-31,-0.001273131401649697
2014-02-03,-0.013466132209712874
2014-02-04,0.005793197851370908
2014-02-05,-0.009026329567034272
2014-02-06,0.01287003472163171
2014-02-07,0.014598692817736098
2014-02-10,0.003145985632487215
2014-02-11,0.020516895583655426
2014-02-12,0.03506952840810117
2014-02-13,0.03100587428051581
2014-02-14,0.03119050797890381
2014-02-18,-0.000558281096209985
2014-02-19,0.013318625473540005
2014-02-20,0.03467314019832934
2014-02-21,-0.007482728444212084
2014-02-24,0.014380875901070475
2014-02-25,-0.004525374548799617
2014-02-26,-0.001602029777068406
2014-02-27,-0.011287399584606908
2014-02-28,-0.006507453636708581
2014-03-03,-0.004908944847802401
2014-03-04,0.010334577783981454
2014-03-05,0.008620892107380537
2014-03-06,-0.014046525043559542
2014-03-07,-0.0010890930409425976
2014-03-10,-0.014814928230134222
2014-03-11,0.009901103197269428
2014-03-12,0.002732829767871387
2014-03-13,-0.03217124117695719
2014-03-14,0.00449924005752284
2014-03-17,0.0
2014-03-18,0.023295619288443148
2014-03-19,0.01739170345459778
2014-03-20,0.0005388607053480974
2014-03-21,-0.0016169109623592863
2014-03-24,-0.004866274088711476
2014-03-25,0.0
2014-03-26,-0.02302752905535339
2014-03-27,-0.013400277637697241
2014-03-28,0.006164177062180001
2014-03-31,0.0005587939979527051
2014-04-01,0.04048000297965111
2014-04-02,-0.0064550139123593555
2014-04-03,0.01073545806424256
2014-04-04,-0.03145615872959843
2014-04-07,0.0033003903738978075
2014-04-08,0.03507238075411094
2014-04-09,-0.0010608260742505735
2014-04-10,-0.024719034102746684
2014-04-11,-0.01424685258929162
2014-04-14,0.010976764283355544
2014-04-15,0.0070709972778838035
2014-04-16,0.0021659848006196926
2014-04-17,0.0037783395451031912
2014-04-21,0.008049619903645375
2014-04-22,0.008514831548907477
2014-04-23,0.011591481269239208
2014-04-24,0.008865660878786475
2014-04-25,-0.027903579139662044
2014-04-28,-0.004280444151883201
2014-04-29,0.0021425123494604337
2014-04-30,-0.011840691890929855
2014-05-01,0.005399469937784179
2014-05-02,-0.007567597872847388
2014-05-05,0.010793259901533627
2014-05-06,-0.020607983359343243
2014-05-07,0.001095309233831328
2014-05-08,0.012510371710516173
2014-05-09,-0.024625127770548604
2014-05-12,0.028939999972684472
2014-05-13,-0.01627797000920805
2014-05-14,-0.009895798235232959
2014-05-15,-0.005540136725407913
2014-05-16,-0.0022245933379635863
2014-05-19,0.031783355529626925
2014-05-20,-0.011718428816136004
2014-05-21,0.0
2014-05-22,0.004376533856413712
2014-05-23,0.00923683367779158
2014-05-27,0.017689807595476767
2014-05-28,0.008465702231951758
2014-05-29,-0.001581638321157441
2014-05-30,0.0026347637215341324
2014-06-02,-0.003162709271823889
2014-06-03,-0.004233030865326333
2014-06-04,0.0010601544128576224
2014-06-05,0.0042282246811028166
2014-06-06,0.0036851700374488337
2014-06-09,0.00105049131277111
2014-06-10,0.005235443727852106
2014-06-11,0.01297025518247604
2014-06-12,0.006166803781024024
2014-06-13,0.0010238142400602948
2014-06-16,-0.003075300085928805
2014-06-17,0.006651280275219286
2014-06-18,-0.0010200938258690668
2014-06-19,-0.023238993674193825
2014-06-20,-0.011032509801377767
2014-06-23,-0.01168961741763042
2014-06-24,-0.015621424973531925
2014-06-25,0.010261992318565165
2014-06-26,-0.013524586834643918
2014-06-27,0.001088873694217056
2014-06-30,0.008667486737266743
2014-07-01,0.011263214874097533
2014-07-02,-0.003740438863615635
2014-07-03,0.009059427371342244
2014-07-07,-0.007989263868542052
2014-07-08,-0.008053741668790637
2014-07-09,0.02974165775292612
2014-07-10,-0.005246036762306157
2014-07-11,0.002101757821383802
2014-07-14,0.012519787117288817
2014-07-15,0.004138541402729878
2014-07-16,-0.0010329336409149112
2014-07-17,-0.002587628319302106
2014-07-18,-0.03950568362779229
2014-07-21,0.005947499033303343
2014-07-22,-0.004321813156319723
2014-07-23,-0.02134164778961866
2014-07-24,0.0016574756771640367
2014-07-25,-0.01782730578919165
2014-07-28,-0.003942753132415348
2014-07-29,0.0033803730213405963
2014-07-30,0.01673221022310234
2014-07-31,-0.0326057132601153
2014-08-01,0.010798719546700591
2014-08-04,-0.0022633817027336257
2014-08-05,0.0005663081441612469
2014-08-06,-0.0011331502270856102
2014-08-07,-0.010256336168302528
2014-08-08,0.04048000297965111
2014-08-11,-0.00527715059462299
2014-08-12,0.0
2014-08-13,0.005803693080269681
2014-08-14,-0.011108639891941873
2014-08-15,0.012685158407391824
2014-08-18,0.013563005865735433
2014-08-19,0.00803428981087687
2014-08-20,-0.00621440093052728
2014-08-21,-0.009394584416475005
2014-08-22,0.0005241960189400143
2014-08-25,0.0015708761160051301
2014-08-26,0.017635559587463476
2014-08-27,-0.01137551336489382
2014-08-28,0.008285952703342502
2014-08-29,0.00308956066155141
2014-09-02,0.0025674688378314863
2014-09-03,0.009188243338013742
2014-09-04,0.01762832383376769
2014-09-05,-0.0029999633987162944
2014-09-08,-0.009054458915560865
2014-09-09,-0.012713033075815333
2014-09-10,0.0035759048636992644
2014-09-11,-0.010251217304850692
2014-09-12,-0.015053337148798576
2014-09-15,-0.01369175887521109
2014-09-16,0.014737071573334575
2014-09-17,0.0005223445741412959
2014-09-18,0.015030061796319327
2014-09-19,-0.018692085801623282
2014-09-22,-0.010007876332195397
2014-09-23,-0.004243960591082456
2014-09-24,0.005830756086011305
2014-09-25,-0.02190839693714125
2014-09-26,0.002158656837787385
2014-09-29,-0.0016186061237562156
2014-09-30,-0.0037869673230438465
2014-10-01,-0.009803805287251393
2014-10-02,-0.004388640492760372
2014-10-03,0.002196659348794814
2014-10-06,-0.006051843029891995
2014-10-07,-0.010541312778194737
2014-10-08,0.018237489493850293
2014-10-09,-0.01935352332539052
2014-10-10,-0.03950568362779229
2014-10-13,-0.003567139771826166
2014-10-14,0.022962660795321554
2014-10-15,0.015020425580530204
2014-10-16,0.0005730320964326856
2014-10-17,-0.0017204403161633244
2014-10-20,0.00857381911995177
2014-10-21,0.04048000297965111
2014-10-22,-0.02375165770807086
2014-10-23,0.022112645995797958
2014-10-24,0.01033462761150005
2014-10-27,0.0005411969882954553
2014-10-28,0.023517787693096807
2014-10-29,-0.006359304569769608
2014-10-30,-0.006400271214087692
2014-10-31,0.04048000297965111
2014-11-03,0.016747382708292523
2014-11-04,0.013000242988701014
2014-11-05,0.0
2014-11-06,0.004461162758488941
2014-11-07,-0.021495755379666966
2014-11-10,0.011555343712119227
2014-11-11,-0.012060602464041325
2014-11-12,-0.006594112962600184
2014-11-13,-0.00510200691762924
2014-11-14,0.012201378632151585
2014-11-17,-0.0045580016310801325
2014-11-18,0.02357763953942244
2014-11-19,-0.003741133909734937
2014-11-20,0.016357232595616975
2014-11-21,0.00539338757263093
2014-11-24,0.00633666026104815
2014-11-25,-0.00048562225598025116
2014-11-26,0.01687172259295633
2014-11-28,0.0023876496870975377
2014-12-01,-0.01877375002407349
2014-12-02,0.0014570804360377744
2014-12-03,0.025390395407741302
2014-12-04,-0.009028315116926054
2014-12-05,0.005711910696454717
2014-12-08,-0.012897240882113527
2014-12-09,-0.0033713641971764396
2014-12-10,-0.022440011058095292
2014-12-11,-0.000493418668633282
2014-12-12,-0.031589541965683164
2014-12-15,-0.0030608330404533887
2014-12-16,-0.011305522967804458
2014-12-17,0.040015312133333245
2014-12-18,0.003964411513386511
2014-12-19,0.00984253555542772
2014-12-22,0.01747591811676466
2014-12-23,-0.00627493874755046
2014-12-24,-0.003881999470690068
2014-12-26,0.000971853267277973
2014-12-29,-0.001458134317589024
2014-12-30,-0.009284372264645525
2014-12-31,-0.015833801889859687
2015-01-02,0.0039819855827747845
2015-01-05,-0.0170344873948011
2015-01-06,-0.030787505092359703
2015-01-07,-0.0026090207025899173
2015-01-08,0.036927304938648785
2015-01-09,0.00402006784282976
2015-01-12,-0.012616712451945504
2015-01-13,-0.001524834334979341
2015-01-14,0.004060628897097356
2015-01-15,-0.007117100605593487
2015-01-16,0.01820049981849376
2015-01-20,0.0030018004439326847
2015-01-21,0.01388894744271773
2015-01-22,0.017094880291280926
2015-01-23,0.002900982184291006
2015-01-26,-0.00435517736195881
2015-01-27,-0.03950568362779229
2015-01-28,-0.0164356911758905
2015-01-29,0.024048353511909544
2015-01-30,-0.02976125305756584
2015-02-02,0.021639080942647684
2015-02-03,0.024667850627399686
2015-02-04,0.002483269562878712
2015-02-05,0.01623669006466689
2015-02-06,-0.0044023454824738345
2015-02-09,-0.0009809094408353254
2015-02-10,0.027584620522510074
2015-02-11,-0.0067047184940216605
2015-02-12,0.04048000297965111
2015-02-13,0.00044823526631395055
2015-02-17,0.003132921741640822
2015-02-18,-0.011685623772027217
2015-02-19,0.0027092414837482787
2015-02-20,0.007187406869134538
2015-02-23,-0.00808989623790839
2015-02-24,0.010589285518243417
2015-02-25,-0.007648969752247662
2015-02-26,0.0027064597673812363
2015-02-27,-0.006326617113757751
2015-03-02,0.02418410924422521
2015-03-03,-0.01875894331148454
2015-03-04,0.011208385858239266
2015-03-05,0.01898929000058316
2015-03-06,-0.013653488879788787
2015-03-09,0.002656988262278853
2015-03-10,0.01710184922528501
2015-03-11,-0.005231133114470652
2015-03-12,-0.009220550432723575
2015-03-13,0.0013223447118100857
2015-03-16,0.011824037972022316
2015-03-17,0.012116557070038196
2015-03-18,-0.016479509731197044
2015-03-19,0.015188147301944274
2015-03-20,0.01070873651215446
2015-03-23,-0.032917684803163844
2015-03-24,-0.013744188146072263
2015-03-25,-0.03950568362779229
2015-03-26,-0.0033324880506907383
2015-03-27,0.0193630087484718
2015-03-30,0.00420068672607238
2015-03-31,-0.025472837278663212
2015-04-01,0.003814881276750363
2015-04-02,0.0023769021487617652
2015-04-06,0.028553595230125618
2015-04-07,0.00872935974310234
2015-04-08,0.00729257709311323
2015-04-09,0.022896738513651423
2015-04-10,0.010156843329353075
2015-04-13,-0.009269279975940247
2015-04-14,-0.008461559830277784
2015-04-15,0.012002535019508868
2015-04-16,-0.006205701987942835
2015-04-17,-0.012978008999304968
2015-04-20,-0.0049673958235893
2015-04-21,-0.0013592212901683285
2015-04-22,0.011269127098624227
2015-04-23,-0.0040423161261673585
2015-04-24,-0.008587545298641933
2015-04-27,0.007687351439942749
2015-04-28,0.004942509984866531
2015-04-29,-0.007648969752247662
2015-04-30,0.0027064597673812363
2015-05-01,0.024472699004499308
2015-05-04,-0.006172974944203694
2015-05-05,-0.025987075500238307
2015-05-06,0.0031722832438744047
2015-05-07,0.0174930771953734
2015-05-08,-0.03950568362779229
2015-05-11,-0.009647443869766532
2015-05-12,0.00964744386976652
2015-05-13,0.005744601006849033
2015-05-14,0.01609848464044574
2015-05-15,0.00046990150479011856
2015-05-18,-0.001409669452915967
2015-05-19,-0.006253842227365506
2015-05-20,0.0
2015-05-21,-0.007154471421303776
2015-05-22,-0.0014376948297484824
2015-05-26,-0.006251551603897467
2015-05-27,0.04048000297965111
2015-05-28,0.013642687466974395
2015-05-29,-0.00045165528420826264
2015-06-01,0.011233383465670413
2015-06-02,-0.019856291275947624
2015-06-03,-0.01099925989866133
2015-06-04,0.01781272338445459
2015-06-05,0.007665996422036179
2015-06-08,-0.023176576763696444
2015-06-09,0.0050440854937609265
2015-06-10,-0.01800195099312086
2015-06-11,0.010655722456565627
2015-06-12,-0.027565342660471136
2015-06-15,-0.0018966063565602524
2015-06-16,0.012263895610048516
2015-06-17,0.011652947613004836
2015-06-18,0.016544365692639413
2015-06-19,-0.0031959113095560714
2015-06-22,-0.004123318822430931
2015-06-23,-0.026048292774759854
2015-06-24,-0.009945005546911414
2015-06-25,0.007586107845892259
2015-06-26,-0.020521174609731126
2015-06-29,-0.0303495408453507
2015-06-30,-0.0004969504871254585
2015-07-01,0.014317245790814068
2015-07-02,0.0009801391092929316
2015-07-06,-0.01231870801628174
2015-07-07,-0.01901950470056272
2015-07-08,-0.007099381555064805
2015-07-09,-0.012288762901128772
2015-07-10,0.017364842947603664
2015-07-13,0.006560987780898539
2015-07-14,0.0005025747072522235
2015-07-15,-0.007063562488150772
2015-07-16,0.022034177395031697
2015-07-17,-0.0059614277961044385
2015-07-20,-0.01860738126255981
2015-07-21,0.004557933172222648
2015-07-22,-0.019388144456193614
2015-07-23,0.012288762901128783
2015-07-24,-0.011773768147684984
2015-07-27,-0.0056803474739443825
2015-07-28,0.021517475820098768
2015-07-29,0.01209071127742117
2015-07-30,0.002500528289632646
2015-07-31,-0.0035025793975034256
2015-08-03,0.016899008128798743
2015-08-04,0.003935321238400549
2015-08-05,0.01025628856772038
2015-08-06,-0.006336694498234954
2015-08-07,0.04048000297965111
2015-08-10,0.03422022482357844
2015-08-11,-0.0050590637937167745
2015-08-12,0.0025326792406457645
2015-08-13,-0.008467329249305256
2015-08-14,0.0008501757859457392
2015-08-17,-0.006392953807134433
2015-08-18,-0.00914283511593684
2015-08-19,-0.003907178949823434
2015-08-20,-0.0367704944201486
2015-08-21,-0.03163226834076949
2015-08-24,-0.036039956396310434
2015-08-25,-0.02098172344297382
2015-08-26,0.04048000297965111
2015-08-27,0.03690814171684849
2015-08-28,0.004408916775147027
2015-08-31,-0.011059664055819587
2015-09-01,-0.03950568362779229
2015-09-02,0.029703204927450204
2015-09-03,0.002697859478994166
2015-09-04,-0.023626452879377608
2015-09-08,0.04048000297965111
2015-09-09,-0.02004103459638024
2015-09-10,0.01562172652046621
2015-09-11,0.003095619267183166
2015-09-14,0.0017642771066429237
2015-09-15,0.010957861255815519
2015-09-16,0.006950158227321845
2015-09-17,0.009050155965346553
2015-09-18,-0.0008586551769311508
2015-09-21,0.010252183470922315
2015-09-22,-0.027576172693135993
2015-09-23,0.004794130229464282
2015-09-24,0.01894983267150571
2015-09-25,0.00722655254079446
2015-09-28,-0.013216843304922624
2015-09-29,0.01744365928958848
2015-09-30,0.038879757639161024
2015-10-01,-0.019664521550418156
2015-10-02,0.025731162494683837
2015-10-05,0.024692634299939304
2015-10-06,0.012898487699518048
2015-10-07,0.010430484227936965
2015-10-08,0.005748795486820282
2015-10-09,-0.003828824549773096
2015-10-12,0.010683143551132038
2015-10-13,0.0018956692321409959
2015-10-14,0.03571784952396085
2015-10-15,0.002555571201720161
2015-10-16,0.0155546533885114
2015-10-19,-0.0017965902054263854
2015-10-20,-0.0014394054508850447
2015-10-21,-0.013048026921932843
2015-10-22,0.03548105469139835
2015-10-23,0.006667887809886538
2015-10-26,-0.004557254966461902
2015-10-27,-0.0007033943874059854
2015-10-28,0.008054825965022142
2015-10-29,-0.03514106186572961
2015-10-30,0.024622137810777822
2015-11-02,0.011564901628154111
2015-11-03,-0.006993221703571672
2015-11-04,-0.01662849201204013
2015-11-05,-0.011482223716323296
2015-11-06,0.04048000297965111
2015-11-09,-0.004447043157002097
2015-11-10,-0.01928695957967922
2015-11-11,-0.009785033758759266
2015-11-12,-0.0036118456259093498
2015-11-13,-0.019934257136447676
2015-11-16,0.019934257136447798
2015-11-17,0.0
2015-11-18,0.02430198179994101
2015-11-19,0.002896251289748315
2015-11-20,0.008638450452978168
2015-11-23,-0.015086046611334083
2015-11-24,0.00805290294230407
2015-11-25,-0.0012842275782511455
2015-11-27,0.008317371247281102
2015-11-30,0.010458137397800271
2015-12-01,0.03195584909410948
2015-12-02,-0.007663052379274282
2015-12-03,-0.002156141451990211
2015-12-04,0.03989647221936183
2015-12-07,-0.019145293272983022
2015-12-08,0.013499746659287468
2015-12-09,-0.02565381512669966
2015-12-10,0.008220115243332209
2015-12-11,-0.014968777020022786
2015-12-14,0.002459270276753623
2015-12-15,0.01220673753645236
2015-12-16,0.0060472432310772675
2015-12-17,-0.015188392308015903
2015-12-18,-0.016355936604008324
2015-12-21,0.02337134293788209
2015-12-22,0.0009112255782271798
2015-12-23,0.003940210570920055
2015-12-24,0.003321549824994677
2015-12-28,-0.0009047769216913258
2015-12-29,0.01616334799731477
2015-12-30,-0.00864780196988416
2015-12-31,-0.012961836967931255
2016-01-04,-0.018062654645845198
2016-01-05,0.01593663671788143
2016-01-06,-0.03950568362779229
2016-01-07,-0.03950568362779229
2016-01-08,-0.021700026949857686
2016-01-11,0.0016862942156512094
2016-01-12,0.016706018891854184
2016-01-13,-0.03095810777456114
2016-01-14,-0.020370132794265156
2016-01-15,-0.03950568362779229
2016-01-19,0.008082721748603616
2016-01-20,0.005473435595600941
2016-01-21,0.011577732710301686
2016-01-22,0.02311183155578493
2016-01-25,-0.0010550491149391673
2016-01-26,0.009804132205142759
2016-01-27,-0.011917575704438054
2016-01-28,-0.010990693828358449
2016-01-29,0.04048000297965111
2016-02-01,0.000341386615980921
2016-02-02,-0.03950568362779229
2016-02-03,0.004976926984727711
2016-02-04,0.00035483953499547497
2016-02-05,-0.03950568362779229
2016-02-08,-0.03950568362779229
2016-02-09,0.010648421826292994
2016-02-10,-0.002356183939473735
2016-02-11,-0.005125655196593604
2016-02-12,0.016853252518233056
2016-02-16,0.04048000297965111
2016-02-17,0.024521181566480057
2016-02-18,0.04048000297965111
2016-02-19,0.01322811546415698
2016-02-22,0.03486454507291978
2016-02-23,0.002534856584449794
2016-02-24,0.0069376938205041455
2016-02-25,0.0021975839265885883
2016-02-26,-0.006606753289258469
2016-02-29,-0.006515681167331982
2016-03-01,0.04048000297965111
2016-03-02,0.00578475181325379
2016-03-03,-0.008842907350894245
2016-03-04,-0.0030673121663053375
2016-03-07,-0.006472497506941329
2016-03-08,-0.018412700581638037
2016-03-09,-0.0006295009727286627
2016-03-10,-0.0015772173881168244
2016-03-11,0.016901596142827945
2016-03-14,0.0024800585744342296
2016-03-15,-0.004965828644623617
2016-03-16,0.029431901065509358
2016-03-17,-0.00849512581413831
2016-03-18,0.02971832161935131
2016-03-21,0.002953746083211383
2016-03-22,-0.0017712292588816557
2016-03-23,0.016989350185439803
2016-03-24,0.001450979775265108
2016-03-28,0.010099800921156591
2016-03-29,0.015950146599132436
2016-03-30,0.010400740379793787
2016-03-31,-0.003642110956249774
2016-04-01,0.014488985242261177
2016-04-04,-0.009729144553589529
2016-04-05,-0.0013975788036786193
2016-04-06,0.0013975788036787006
2016-04-07,-0.010388854950877414
2016-04-08,0.006470606017098965
2016-04-11,0.006150442375202411
2016-04-12,-0.001115304064111292
2016-04-13,0.02480141953646433
2016-04-14,0.002718307369610313
2016-04-15,0.007840892382816508
2016-04-18,-0.004318393491658101
2016-04-19,-0.018013434907314326
2016-04-20,0.0038479730276789158
2016-04-21,-0.0010979872052515314
2016-04-22,-0.003852275648929083
2016-04-25,0.00495026285418062
2016-04-26,0.0008227333362449224
2016-04-27,0.022497331567232694
2016-04-28,-0.030202313933508425
2016-04-29,-0.01868172284369885
2016-05-02,0.01314152117136988
2016-05-03,-0.012016354606100777
2016-05-04,-0.023035266876955396
2016-05-05,0.006023305054841083
2016-05-06,0.010241893723746773
2016-05-09,-0.0014164598896728438
2016-05-10,0.019091162994006823
2016-05-11,0.0027767825371738846
2016-05-12,-0.013681417543140357
2016-05-13,0.04048000297965111
2016-05-16,0.0290991095727138
2016-05-17,0.0021310614388969154
2016-05-18,0.02522332648477478
2016-05-19,0.004372057862208217
2016-05-20,0.017752076935726044
2016-05-23,0.0015776705697955332
2016-05-24,0.023984721366708574
2016-05-25,-0.004197520324426694
2016-05-26,0.01057047831237965
2016-05-27,0.005461351026950921
2016-05-31,0.01770730646960329
2016-06-01,0.0019248384538350784
2016-06-02,0.007024700114864324
2016-06-03,-0.014099722858123291
2016-06-06,-0.005176951087819704
2016-06-07,0.0019445904523194876
2016-06-08,-0.003242842681687719
2016-06-09,0.025654006612964082
2016-06-10,-0.025220928411188212
2016-06-13,0.012689818312084739
2016-06-14,0.0019213393501255015
2016-06-15,0.010187173238207923
2016-06-16,0.004003909370309909
2016-06-17,-0.017609930865892243
2016-06-20,0.017819794937550596
2016-06-21,-0.006116031562048958
2016-06-22,-0.000846828045594823
2016-06-23,0.02632874869043529
2016-06-24,-0.03950568362779229
2016-06-27,-0.010772894051296854
2016-06-28,0.014483080904054525
2016-06-29,0.01620786398033603
2016-06-30,0.007687562771950651
2016-07-01,-0.0074732338691170675
2016-07-05,0.014679461639607332
2016-07-06,0.006316015276865053
2016-07-07,0.02569020546382111
2016-07-08,0.03930728372361278
2016-07-11,0.022748351175605013
2016-07-12,0.014882853246902774
2016-07-13,-0.0003789331783948904
2016-07-14,0.010179035602328424
2016-07-15,-0.011696113700324801
2016-07-18,0.005110563035356373
2016-07-19,0.010329561984109451
2016-07-20,0.012993979462783871
2016-07-21,-0.018614946817809896
2016-07-22,0.026880618498527752
2016-07-25,0.018305719470774248
2016-07-26,0.01691799537070277
2016-07-27,-0.010116274009499288
2016-07-28,0.00213817213121054
2016-07-29,0.016243364142020253
2016-08-01,-0.006500799791431801
2016-08-02,-0.01223754340503938
2016-08-03,0.0026732995909707204
2016-08-04,0.018339477343452537
2016-08-05,0.016807054672016503
2016-08-08,0.009235535660653214
2016-08-09,0.002550164470608704
2016-08-10,-0.006473550700580915
2016-08-11,0.02013418454768642
2016-08-12,0.04048000297965111
2016-08-15,-0.0009521835657321701
2016-08-16,-0.006051874941346801
2016-08-17,-0.023435531422653397
2016-08-18,0.015416321709648247
2016-08-19,0.0025729726623324413
2016-08-22,0.004167216123663478
2016-08-23,0.008059951807936122
2016-08-24,-0.015538975259077152
2016-08-25,-0.0066414174553413394
2016-08-26,0.008093377782227115
2016-08-29,-0.0006452465978076118
2016-08-30,-0.005824222654685402
2016-08-31,-0.004716610917121486
2016-09-01,0.029080773893492437
2016-09-02,-0.009866293172136793
2016-09-06,0.00939101985224386
2016-09-07,-0.014843368877641986
2016-09-08,0.007209893795470112
2016-09-09,-0.03950568362779229
2016-09-12,0.020454606833005772
2016-09-13,-0.014591640176137222
2016-09-14,0.008813527482230786
2016-09-15,0.03721285496532761
2016-09-16,0.0023898360095899965
2016-09-19,0.013121815417631057
2016-09-20,-0.009151147451162476
2016-09-21,0.027668869479173876
2016-09-22,0.002463939427137926
2016-09-23,-0.0010773011941806567
2016-09-26,-0.009436478573350707
2016-09-27,0.03362198565530676
2016-09-28,0.0036005472000602673
2016-09-29,0.009241131599643043
2016-09-30,0.016480641262378574
2016-10-03,-0.001022173957158617
2016-10-04,-0.0021936135539603304
2016-10-05,-0.0010256101256690463
2016-10-06,-0.01312989330968239
2016-10-07,-0.007303194759460923
2016-10-10,0.0037328589267735367
2016-10-11,-0.014561778358799267
2016-10-12,0.0045264917191188
2016-10-13,-0.01639127564602487
2016-10-14,0.00974590298744294
2016-10-17,-0.005775239113215098
2016-10-18,0.015126413454036057
2016-10-19,-0.002103814566805384
2016-10-20,0.018778299721054357
2016-10-21,-0.0028089835646048227
2016-10-24,0.04048000297965111
2016-10-25,0.01627160357617438
2016-10-26,0.00402721800508509
2016-10-27,-0.020723338593257493
2016-10-28,-0.0016991854809307579
2016-10-31,0.008467746410017877
2016-11-01,-0.0301000636527629
2016-11-02,-0.004208702801823629
2016-11-03,-0.011702913089235037
2016-11-04,-0.005755206639680973
2016-11-07,0.04048000297965111
2016-11-08,-0.0015444932062397033
2016-11-09,-0.017007392591965195
2016-11-10,-0.0318038214748187
2016-11-11,0.04048000297965111
2016-11-14,-0.03950568362779229
2016-11-15,0.0300322774964654
2016-11-16,0.04048000297965111
2016-11-17,0.00826012471888527
2016-11-18,0.010444303408363494
2016-11-21,-0.00407888437242707
2016-11-22,0.0071802243651114565
2016-11-23,0.004907446019105434
2016-11-25,0.002019485322055
2016-11-28,-0.0005310536407728765
2016-11-29,-0.009180535868024396
2016-11-30,-0.01132360492302025
2016-12-01,-0.03950568362779229
2016-12-02,0.00920009018071532
2016-12-05,0.03804593939476575
2016-12-06,0.01630071379769408
2016-12-07,0.017829333958367537
2016-12-08,-0.016866193083420758
2016-12-09,-0.017917204335377572
2016-12-12,-0.024586202062868417
2016-12-13,0.01748200714208442
2016-12-14,0.04048000297965111
2016-12-15,0.023161212560656008
2016-12-16,0.017075879417826196
2016-12-19,0.01207696406467942
2016-12-20,0.03423922251491003
2016-12-21,0.0062558121430858265
2016-12-22,0.012022318673006198
2016-12-23,0.024621954832619555
2016-12-27,0.04048000297965111
2016-12-28,-0.03950568362779229
2016-12-29,0.01975809205580772
2016-12-30,-0.03950568362779229
2017-01-03,-0.03950568362779229
2017-01-04,0.023063223796031367
2017-01-05,-0.025713268302730907
2017-01-06,0.013278955804777346
2017-01-09,0.03974242970970309
2017-01-10,-0.007578955195186052
2017-01-11,-0.012380173291329564
2017-01-12,-0.016491212926809058
2017-01-13,-9.677344791229844e-05
2017-01-17,-0.022686017639472766
2017-01-18,0.018034263725643502
2017-01-19,0.021239740288550565
2017-01-20,-0.010996041065706667
2017-01-23,0.0103302538029557
2017-01-24,0.021090971289581255
2017-01-25,0.00427654432215752
2017-01-26,0.017108636941481365
2017-01-27,0.019149869269306275
2017-01-30,-0.01578114907327039
2017-01-31,-0.007664422718302608
2017-02-01,0.04048000297965111
2017-02-02,0.01255795845839672
2017-02-03,-0.008791106140690187
2017-02-06,0.0252937965803191
2017-02-07,0.015395125018089355
2017-02-08,-0.004374650656821823
2017-02-09,-0.018980007659044833
2017-02-10,-0.024001177693738027
2017-02-13,-0.03950568362779229
2017-02-14,0.0036835964611669336
2017-02-15,0.002020404579584479
2017-02-16,-0.01618536603271797
2017-02-17,-0.00018649909124469126
2017-02-21,0.03518459238131006
2017-02-22,-0.001533497078327928
2017-02-23,-0.03950568362779229
2017-02-24,0.009606732303163605
2017-02-27,0.028660620681522423
2017-02-28,-0.028464146056893447
2017-03-01,0.012826653666208165
2017-03-02,-0.03756832889052961
2017-03-03,-0.005774035364334162
2017-03-06,-0.0077510430812481965
2017-03-07,0.010895525050438302
2017-03-08,-0.0018246020686233746
2017-03-09,-0.00020327717805905724
2017-03-10,0.005868962062923299
2017-03-13,0.027169751898360538
2017-03-14,-0.0006873252579056307
2017-03-15,0.00753679345819228
2017-03-16,0.012212174220989615
2017-03-17,0.02153660067994662
2017-03-20,0.03136867614369472
2017-03-21,-0.032878369251273
2017-03-22,0.02018968941864773
2017-03-23,-0.009109658089279223
2017-03-24,0.003542026675760469
2017-03-27,0.007231804707812438
2017-03-28,-0.005186678952619841
2017-03-29,-0.0032552423249228944
2017-03-30,0.019009447607657836
2017-03-31,-0.004305426464988079
2017-04-03,-0.005061882278709809
2017-04-04,-0.03950568362779229
2017-04-05,-0.007470249860112514
2017-04-06,0.0072711631159215456
2017-04-07,-0.0042759585567389465
2017-04-10,-0.025847200857545542
2017-04-11,0.0035733059764767755
2017-04-12,-0.008289568328043633
2017-04-13,-0.018880055192315066
2017-04-17,0.038419009059329844
2017-04-18,0.000604105735898579
2017-04-19,0.003920532629640547
2017-04-20,0.015726251058324273
2017-04-21,0.004139217226202614
2017-04-24,0.012412664973864791
2017-04-25,0.017237854825419768
2017-04-26,-0.0068980614299764004
2017-04-27,0.01545418943553063
2017-04-28,-0.012765947778438416
2017-05-01,0.022187395400556625
2017-05-02,-0.030080473456096282
2017-05-03,0.007413713663133805
2017-05-04,-0.0038443273246243884
2017-05-05,9.61675017051663e-05
2017-05-08,-0.010550433184911919
2017-05-09,0.0016528108237742244
2017-05-10,0.04048000297965111
2017-05-11,0.04048000297965111
2017-05-12,0.010928131769700413
2017-05-15,0.04048000297965111
2017-05-16,0.018442481621798786
2017-05-17,-0.03950568362779229
2017-05-18,0.04048000297965111
2017-05-19,0.02283198955930414
2017-05-22,0.02109932772350273
2017-05-23,-0.013554305982089229
2017-05-24,0.011175926467513201
2017-05-25,-0.002239857161393753
2017-05-26,0.025563645328470372
2017-05-30,0.021137159529563354
2017-05-31,-0.0035956150321947867
2017-06-01,6.904720744257258e-05
2017-06-02,-0.005000031208895138
2017-06-05,0.029969796401388398
2017-06-06,-0.004537012533492082
2017-06-07,0.012008414178627766
2017-06-08,0.04048000297965111
2017-06-09,-0.03950568362779229
2017-06-12,0.0024704515902203095
2017-06-13,0.009489874361262814
2017-06-14,0.0021114836917854223
2017-06-15,0.0042750564934500145
2017-06-16,-0.004934328759862801
2017-06-19,0.0369044166100514
2017-06-20,-0.0014630060974602551
2017-06-21,0.015036955130369217
2017-06-22,-0.006921791250345356
2017-06-23,-0.02908612093143361
2017-06-26,-0.010980992485453603
2017-06-27,-0.037295504042035375
2017-06-28,0.03466308229800068
2017-06-29,-0.033981281058304565
2017-06-30,-0.014558528806743352
2017-07-03,-0.036849551624530644
2017-07-05,0.02634913073550314
2017-07-06,0.0030011947612069395
2017-07-07,0.022603137831057767
2017-07-10,0.04048000297965111
2017-07-11,0.014083777093089833
2017-07-12,0.04048000297965111
2017-07-13,-0.011635758239929513
2017-07-14,0.02653909798077811
2017-07-17,-0.004252920049297734
2017-07-18,0.010357208700736418
2017-07-19,-0.005195848648156668
2017-07-20,0.014432216594662444
2017-07-21,0.0035753975162648756
2017-07-24,-0.01166758420741855
2017-07-25,-0.004826860171315348
2017-07-26,0.011485370082508798
2017-07-27,-0.03355983386854703
2017-07-28,0.01625196622830981
2017-07-31,-0.011502451918595672
2017-08-01,0.012110467999476094
2017-08-02,-0.0006080160808803523
2017-08-03,0.012633446534159374
2017-08-04,0.004375262951059339
2017-08-07,0.030276915073072046
2017-08-08,-0.011965372287705835
2017-08-09,0.010571955841736768
2017-08-10,-0.03950568362779229
2017-08-11,-0.03950568362779229
2017-08-14,0.04048000297965111
2017-08-15,-0.008468020922825288
2017-08-16,-0.011019693906518281
2017-08-17,-0.022535403928236577
2017-08-18,0.0001857666284866045
2017-08-21,-0.014657667052182756
2017-08-22,0.022018265057647302
2017-08-23,0.019797284447034175
2017-08-24,-0.00368684530205083
2017-08-25,-0.008388588498384883
2017-08-28,0.0070562815939243404
2017-08-29,-0.0016377680283408999
2017-08-30,0.0059324030166614744
2017-08-31,0.0224407024396734
2017-09-01,0.006001658273934766
2017-09-05,-0.0270553849424849
2017-09-06,-0.0006021640035645641
2017-09-07,0.004632839703415681
2017-09-08,-0.01750130088173535
2017-09-11,0.03192412957362455
2017-09-12,0.0036028516585138648
2017-09-13,0.004470943975955622
2017-09-14,-0.005709719441024432
2017-09-15,0.04048000297965111
2017-09-18,0.04047725520595167
2017-09-19,-0.001066749244148709
2017-09-20,-0.008092501792627892
2017-09-21,-0.027716090316093497
2017-09-22,-0.009784264919144667
2017-09-25,-0.03950568362779229
2017-09-26,0.005598084669766179
2017-09-27,0.0216867423619122
2017-09-28,-0.00028437669877838637
2017-09-29,0.01743582050621352
2017-10-02,0.0012856985493776977
2017-10-03,0.0020648541041226928
2017-10-04,0.00832780708632346
2017-10-05,-0.0005530916329472184
2017-10-06,0.0029275227411745923
2017-10-09,0.022308853971509328
2017-10-10,0.01891491960301759
2017-10-11,0.010582587829967464
2017-10-12,0.00047140962199983033
2017-10-13,0.018464222016205317
2017-10-16,0.017018312084851533
2017-10-17,-0.0009094686274183632
2017-10-18,-0.0008602833900249234
2017-10-19,0.0011126333638895379
2017-10-20,-0.004560010753259482
2017-10-23,-0.0014228428571319868
2017-10-24,0.010422117229208184
2017-10-25,-0.025591315551124615
2017-10-26,0.010427724059415997
2017-10-27,0.03104267334081994
2017-10-30,0.009761237533673358
2017-10-31,0.014464748780150489
2017-11-01,0.0018839409004374065
2017-11-02,-0.006099397750777622
2017-11-03,0.013264687051351214
2017-11-06,0.004494367193747193
2017-11-07,0.01138365324883276
2017-11-08,-0.013628404202264367
2017-11-09,-0.01852969440235836
2017-11-10,0.04048000297965111
2017-11-13,-0.01637296002290375
2017-11-14,0.00726313088820263
2017-11-15,-0.01980438622153913
2017-11-16,0.007732748028334847
2017-11-17,-0.001182235434828043
2017-11-20,0.01278700106629546
2017-11-21,0.0091600693523738
2017-11-22,-0.004502738652354655
2017-11-24,0.009400329507772096
2017-11-27,-0.013083063352494912
2017-11-28,-0.01614729438877888
2017-11-29,-0.03950568362779229
2017-11-30,0.021605762974508416
2017-12-01,-0.015211524533091145
2017-12-04,-0.03950568362779229
2017-12-05,0.005769567931529833
2017-12-06,0.008063270582797188
2017-12-07,0.014321486689839177
2017-12-08,-0.0026075584237381572
2017-12-11,0.01641915057771549
2017-12-12,-0.019819355396010714
2017-12-13,-0.024721457776504842
2017-12-14,0.0015564480960720342
2017-12-15,0.026930746690475165
2017-12-18,0.03256086192031676
2017-12-19,-0.009086228962506859
2017-12-20,0.0035124486706223502
2017-12-21,-0.004634781808432713
2017-12-22,-0.003170208615939166
2017-12-26,0.011051402337310164
2017-12-27,-0.0013681742679974677
2017-12-28,0.0011655636777259558
2017-12-29,-0.019954602411636584
