Date,QQQ
2011-01-04,-0.0007238353943313853
2011-01-05,0.008467829719717088
2011-01-06,0.00322404585596061
2011-01-07,-0.000894418160224537
2011-01-10,0.0037515794707098046
2011-01-11,0.0014255638814158525
2011-01-12,0.0070974175377658474
2011-01-13,0.0003537285750177206
2011-01-14,0.007395274893550528
2011-01-18,0.0028032534675948326
2011-01-19,-0.011436549711733121
2011-01-20,-0.007103564043253159
2011-01-21,-0.007693119724810691
2011-01-24,0.01373380670129817
2011-01-25,0.0014166111843592608
2011-01-26,0.005292732533652411
2011-01-27,0.006139871390453223
2011-01-28,-0.025208777652977004
2011-01-31,0.00483331479802868
2011-02-01,0.018576117674070015
2011-02-02,-0.001578374851838302
2011-02-03,0.0017536976473986707
2011-02-04,0.005592193023428682
2011-02-07,0.004694656568948897
2011-02-08,0.006570067328065253
2011-02-09,-0.0017249580154530533
2011-02-10,0.001552491242388543
2011-02-11,0.00721261580816517
2011-02-14,0.0023931111647787647
2011-02-15,-0.001366928639784888
2011-02-16,0.006474766360571698
2011-02-17,-0.0003394660440577837
2011-02-18,-0.002211450417953011
2011-02-22,-0.025208777652977004
2011-02-23,-0.008275188619029575
2011-02-24,0.005289932585676687
2011-02-25,0.013798242415003322
2011-02-28,0.002079318357880695
2011-03-01,-0.016229394435366012
2011-03-02,0.005264019244010057
2011-03-03,0.019583074012478448
2011-03-04,-0.005161672458528998
2011-03-07,-0.013546550212991903
2011-03-08,0.004013398219200438
2011-03-09,-0.006815179108333044
2011-03-10,-0.015728516517710116
2011-03-11,0.006214945165187303
2011-03-14,-0.0035468866508858586
2011-03-15,-0.01431392270407074
2011-03-16,-0.024444677717188865
2011-03-17,0.009191002374050062
2011-03-18,-0.00225630677979587
2011-03-21,0.019100049303328145
2011-03-22,-0.0018033111837725917
2011-03-23,0.005579759318807654
2011-03-24,0.017614684370370694
2011-03-25,0.0024661177428790372
2011-03-28,-0.005468757083821071
2011-03-29,0.009682387155307642
2011-03-30,0.004719066031734802
2011-03-31,0.001393866646594871
2011-04-01,0.0005218881293621815
2011-04-04,-0.0033115669989699785
2011-04-05,-0.002622818953700057
2011-04-06,0.0024477035224927295
2011-04-07,-0.0006982670871438238
2011-04-08,-0.004729735902958821
2011-04-11,-0.0033421107259034963
2011-04-12,-0.006894721283155599
2011-04-13,0.008478941719378517
2011-04-14,-0.0017609094811593534
2011-04-15,-0.0017631735471858195
2011-04-18,-0.007086106459774365
2011-04-19,0.006202931046101083
2011-04-20,0.022362908610274762
2011-04-21,0.007915973943675011
2011-04-25,0.0025681159018105357
2011-04-26,0.005626200905190946
2011-04-27,0.006777394578125859
2011-04-28,-0.0015211376933257264
2011-04-29,-0.0008456042642451382
2011-05-02,-0.001864056435711494
2011-05-03,-0.004759165304695982
2011-05-04,-0.0015345888010190516
2011-05-05,-0.0054763440656032236
2011-05-06,0.0032551625922578437
2011-05-09,0.003755770274364221
2011-05-10,0.008483223704709044
2011-05-11,-0.007291215021048302
2011-05-12,0.005938309202405217
2011-05-13,-0.011912463968987659
2011-05-16,-0.01744300102961481
2011-05-17,0.0027834453673364957
2011-05-18,0.008304673542575493
2011-05-19,0.002924858657389612
2011-05-20,-0.007587692053992167
2011-05-23,-0.014822868347240538
2011-05-24,-0.006167873494868821
2011-05-25,0.0038812872199549854
2011-05-26,0.006143902037745332
2011-05-27,0.00506272996515423
2011-05-31,0.01606413461377333
2011-06-01,-0.022002235468512623
2011-06-02,0.002100074271747784
2011-06-03,-0.015146764797566417
2011-06-06,-0.008196364923317614
2011-06-07,-0.0017906383080320376
2011-06-08,-0.0071961215748949925
2011-06-09,0.0018041840970966462
2011-06-10,-0.015437035491027323
2011-06-13,0.0
2011-06-14,0.012729576408609947
2011-06-15,-0.019155650643337643
2011-06-16,-0.003875335170265816
2011-06-17,-0.003137152512277695
2011-06-20,0.005191998873712759
2011-06-21,0.021226756651227398
2011-06-22,-0.007268658462019089
2011-06-23,0.009258122204662305
2011-06-24,-0.017499464632357357
2011-06-27,0.01587225819538544
2011-06-28,0.014732112715689713
2011-06-29,0.004094047598092174
2011-06-30,0.013233322281127936
2011-07-01,0.014962173437348443
2011-07-05,0.004995211609265391
2011-07-06,0.003259017325920016
2011-07-07,0.013607936642899112
2011-07-08,-0.002706344359313872
2011-07-11,-0.018292978522645463
2011-07-12,-0.007620284563215683
2011-07-13,0.004163688531741773
2011-07-14,-0.01166751672088607
2011-07-15,0.01322459085071845
2011-07-18,-0.005373000348304547
2011-07-19,0.02251087862094951
2011-07-20,-0.004256699414270858
2011-07-21,0.0066331676688120185
2011-07-22,0.010287651085804228
2011-07-25,-0.0020152621848666687
2011-07-26,0.0025184800822248008
2011-07-27,-0.025208777652977004
2011-07-28,0.0017198247733080647
2011-07-29,-0.0032700881300935817
2011-08-01,-0.0046665367257507865
2011-08-02,-0.025208777652977004
2011-08-03,0.009551002252825765
2011-08-04,-0.025208777652977004
2011-08-05,-0.006296686153838452
2011-08-08,-0.025208777652977004
2011-08-09,0.022905416265258074
2011-08-10,-0.025208777652977004
2011-08-11,0.022905416265258074
2011-09-08,-0.0045855883207197275
2011-09-09,-0.022498015670548037
2011-09-12,0.012705795365813745
2011-09-13,0.01327921216733662
2011-09-14,0.014189796659418531
2011-09-15,0.014703289790114734
2011-09-16,0.009124824447531881
2011-09-19,0.0003534326062148627
2011-09-20,-0.004425723301715576
2011-09-21,-0.017541758025322887
2011-09-22,-0.025208777652977004
2011-09-23,0.010582570988987095
2011-09-26,0.011566772262796062
2011-09-27,0.010351400224223177
2011-09-28,-0.014925626745272851
2011-09-29,-0.01199171845445397
2011-09-30,-0.025208777652977004
2011-10-03,-0.025208777652977004
2011-10-04,0.020324070738955445
2011-10-05,0.022905416265258074
2011-10-06,0.016673120658890237
2011-10-07,-0.006635798704547552
2011-10-10,0.022905416265258074
2011-10-11,0.006770244792659964
2011-10-12,0.004959112753668493
2011-10-13,0.009145395245468937
2011-10-14,0.018387530218124597
2011-10-17,-0.015590254409027969
2011-10-18,0.012319263314870656
2011-10-19,-0.019502965144264823
2011-10-20,-0.004935434026587673
2011-10-21,0.012468010211936076
2011-10-24,0.020555443537498247
2011-10-25,-0.01985738174775494
2011-10-26,-0.0012216829678259793
2011-10-27,0.022905416265258074
2011-10-28,0.001528287939431594
2011-10-31,-0.01693952906068571
2011-11-01,-0.025208777652977004
2011-11-02,0.008468863579895018
2011-11-03,0.020519233093838046
2011-11-04,-0.0051772525900593
2011-11-07,0.007068375603921296
2011-11-08,0.011444590547355334
2011-11-09,-0.025208777652977004
2011-11-10,-0.0005282906771108122
2011-11-11,0.018668972958862128
2011-11-14,-0.006241974763817273
2011-11-15,0.011070619293758466
2011-11-16,-0.016652796907066978
2011-11-17,-0.02371781593917058
2011-11-18,-0.007731910102821231
2011-11-21,-0.019318804912344494
2011-11-22,0.003306839382542487
2011-11-23,-0.022818717312535458
2011-11-25,-0.007723488824042151
2011-11-28,0.022905416265258074
2011-11-29,-0.006232349112470163
2011-11-30,0.022905416265258074
2011-12-01,0.0068923782533525015
2011-12-02,-0.0028220955071732307
2011-12-05,0.010890734769159666
2011-12-06,-0.0027989308176672874
2011-12-07,0.0
2011-12-08,-0.016961584571406126
2011-12-09,0.015909574251998782
2011-12-12,-0.01128765807607971
2011-12-13,-0.011057548962207842
2011-12-14,-0.015725638029559917
2011-12-15,-0.0027364748519890726
2011-12-16,0.005135410661670332
2011-12-19,-0.009892163697372641
2011-12-20,0.022905416265258074
2011-12-21,-0.014406907674023568
2011-12-22,0.008489391545478734
2011-12-23,0.008596043016847573
2011-12-27,0.0037229284704667505
2011-12-28,-0.01162483423198253
2011-12-29,0.0071698878202035585
2011-12-30,-0.0028616813063601716
2012-01-03,0.01898387623287138
2012-01-04,0.004209076873445328
2012-01-05,0.00819164922578542
2012-01-06,0.003465662366759316
2012-01-09,-0.003292235590664384
2012-01-10,0.007262755130319854
2012-01-11,0.0020653789996510526
2012-01-12,0.003946746853313515
2012-01-13,-0.0036029067148755593
2012-01-17,0.009068583353824242
2012-01-18,0.013198137135426826
2012-01-19,0.006200275732050314
2012-01-20,-0.001504584250614477
2012-01-23,0.00033472367541672037
2012-01-24,-0.0018417914240313894
2012-01-25,0.012488948032126189
2012-01-26,-0.0034811378126911392
2012-01-27,0.002984400711302283
2012-01-30,0.0008273784824608563
2012-01-31,0.0013226108378414437
2012-02-01,0.008062619517262157
2012-02-02,0.003108586243737897
2012-02-03,0.013629975275248849
2012-02-06,-0.0008057578750001461
2012-02-07,0.0020945635138377157
2012-02-08,0.005297491770457209
2012-02-09,0.007178585982536885
2012-02-10,-0.0070186247035720455
2012-02-13,0.009241343053530077
2012-02-14,0.0025345356043439174
2012-02-15,-0.006985266562479198
2012-02-16,0.013607858774297389
2012-02-17,-0.0031479683347128136
2012-02-21,0.0028335155896376564
2012-02-22,-0.004569386361812856
2012-02-23,0.006610990088174744
2012-02-24,0.003445647606874133
2012-02-27,0.0014061561017382326
2012-02-28,0.01009716719329227
2012-02-29,-0.0044922325176880605
2012-03-01,0.007886907291376649
2012-03-02,-0.0007705207894655936
2012-03-05,-0.01038193397382925
2012-03-06,-0.00986179384995526
2012-03-07,0.007678733215409692
2012-03-08,0.010713318793884248
2012-03-09,0.004161194630483272
2012-03-12,0.0004617142198093781
2012-03-13,0.01843002829071147
2012-03-14,0.0034648490987281653
2012-03-15,0.0028534076979842386
2012-03-16,-0.0007060663410124506
2012-03-19,0.007040637976936851
2012-03-20,0.0017895372773953496
2012-03-21,0.00014907432329935987
2012-03-22,-0.0020877828125178614
2012-03-23,-0.0005972925184388958
2012-03-26,0.01732725121445724
2012-03-27,0.0014666905393296021
2012-03-28,-0.003965789798449954
2012-03-29,-0.003834500954835262
2012-03-30,-0.0019224922032613746
2012-04-02,0.010309398684576806
2012-04-03,-0.0002929185590579032
2012-04-04,-0.013724040268989615
2012-04-05,0.006221006638961926
2012-04-09,-0.007559307572359723
2012-04-10,-0.016199461733349484
2012-04-11,0.004827098306262379
2012-04-12,0.011372363427087133
2012-04-13,-0.01529294893796832
2012-04-16,-0.011242590293159762
2012-04-17,0.02011678982957648
2012-04-18,-0.002548613442936545
2012-04-19,-0.011323269949863561
2012-04-20,-0.0027371682118745824
2012-04-23,-0.009177218893449877
2012-04-24,-0.005391961517308358
2012-04-25,0.022905416265258074
2012-04-26,0.00585162901379131
2012-04-27,0.005966969870640303
2012-04-30,-0.007164094945893807
2012-05-01,0.001646215792988083
2012-05-02,0.002837282440425951
2012-05-03,-0.010644021486346774
2012-05-04,-0.025182539807578005
2012-05-07,0.0009270037678285091
2012-05-08,-0.003712849355457004
2012-05-09,-0.003104684326982034
2012-05-10,-0.0020231558246255202
2012-05-11,-0.00015567861887353843
2012-05-14,-0.009392984175238915
2012-05-15,-0.0033082592423493615
2012-05-16,-0.006808621055512261
2012-05-17,-0.021357524142122532
2012-05-18,-0.013070392521746951
2012-05-21,0.022905416265258074
2012-05-22,-0.0011204030717009883
2012-05-23,0.0019199525528334933
2012-05-24,-0.006575407153494831
2012-05-25,-0.0012882823231717317
2012-05-29,0.012647744510849478
2012-05-30,-0.008467397751640715
2012-05-31,-0.004341273837959535
2012-06-01,-0.025208777652977004
2012-06-04,0.007585705992621566
2012-06-05,0.004098688669329307
2012-06-06,0.02264769836510324
2012-06-07,-0.004006997890020342
2012-06-08,0.009589437645608833
2012-06-11,-0.017004100897611202
2012-06-12,0.01206109840957748
2012-06-13,-0.0068970801711898365
2012-06-14,0.003694901622576303
2012-06-15,0.012347768924849649
2012-06-18,0.009322679385382476
2012-06-19,0.010327087375851265
2012-06-20,0.0007783760066296952
2012-06-21,-0.025202540162986453
2012-06-22,0.0104730026752
2012-06-25,-0.019445582619383412
2012-06-26,0.0062573922529951635
2012-06-27,0.006059725944830726
2012-06-28,-0.011191158921933196
2012-06-29,0.022905416265258074
2012-07-02,0.0029572367172627655
2012-07-03,0.008356358932815043
2012-07-05,0.0006163941692061061
2012-07-06,-0.012553583379458345
2012-07-09,-0.0018733851718262533
2012-07-10,-0.009892523934400876
2012-07-11,-0.005538391428643227
2012-07-12,-0.009405910995395466
2012-07-13,0.015102285553311116
2012-07-16,-0.0028438599309751067
2012-07-17,0.005207513335562855
2012-07-18,0.013446068730684754
2012-07-19,0.010966458377467445
2012-07-20,-0.013298772689223142
2012-07-23,-0.012216196515184182
2012-07-24,-0.007910121672563827
2012-07-25,-0.00669327737647501
2012-07-26,0.013184204611433673
2012-07-27,0.022905416265258074
2012-07-30,-0.0007712815569474344
2012-07-31,-0.00030870572197896326
2012-08-01,-0.002936339481822008
2012-08-02,-0.003566129453082711
2012-08-03,0.018772585725208908
2012-08-06,0.007593122470692438
2012-08-07,0.008286512290216298
2012-08-08,-0.0004504405926021977
2012-08-09,0.0029976579654118845
2012-08-10,0.0005983393968317132
2012-08-13,0.0023902955133471375
2012-08-14,0.0004478806258511699
2012-08-15,0.002532040237823051
2012-08-16,0.011830787989328658
2012-08-17,0.004400534918119077
2012-08-20,0.001462969819572374
2012-08-21,-0.0039539410510438895
2012-08-22,0.004100013908836911
2012-08-23,-0.008217222914306831
2012-08-24,0.006168877886674117
2012-08-27,0.0016098117814765816
2012-08-28,0.0
2012-09-25,-0.014152195148969015
2012-09-26,-0.008177461933891364
2012-09-27,0.013688725603811076
2012-09-28,-0.008277984968789173
2012-10-01,-0.0014596700664147178
2012-10-02,0.0029165902265367505
2012-10-03,0.006386847958107628
2012-10-04,0.0034672344552049085
2012-10-05,-0.005349721480369341
2012-10-08,-0.009175347329097935
2012-10-09,-0.01607557549650543
2012-10-10,-0.005067855393885484
2012-10-11,-0.003142749983239227
2012-10-12,-0.0004501012771805481
2012-10-15,0.0073218664292314375
2012-10-16,0.014044000658484919
2012-10-17,-0.0005873559733916209
2012-10-18,-0.01167177422173631
2012-10-19,-0.024217317998681983
2012-10-22,0.005163416536045707
2012-10-23,-0.009588504641028615
2012-10-24,-0.0035233824744847456
2012-10-25,0.0
2012-10-26,0.0029111701670256514
2012-10-31,-0.006139272738828762
2012-11-01,0.014065377767184372
2012-11-02,-0.010683937436070932
2012-11-05,0.006576526144222921
2012-11-06,0.0018276137147306506
2012-11-07,-0.023867688124041886
2012-11-08,-0.015864623271304234
2012-11-09,0.004265751837718623
2012-11-12,-0.00015767922095464895
2012-11-13,-0.006962140558013123
2012-11-14,-0.011819057492244774
2012-11-15,-0.0033795992444645134
2012-11-16,0.0043430166729658635
2012-11-19,0.022905416265258074
2012-11-20,0.00031368801552290345
2012-11-21,0.002035641174669808
2012-11-23,0.015058772882941267
2012-11-26,0.004305067541666877
2012-11-27,-0.0033809868625626774
2012-11-28,0.008583713888178633
2012-11-29,0.005934952437406199
2012-11-30,-0.0016704709341736068
2012-12-03,-0.0019780576317818457
2012-12-04,-0.0006088851389592308
2012-12-05,-0.011185333299774423
2012-12-06,0.006450507524801625
2012-12-07,-0.005988130066257065
2012-12-10,0.0029217955000215576
2012-12-11,0.012968111735038314
2013-01-09,0.0037512813809850187
2013-01-10,0.005972857121112711
2013-01-11,0.0013388230886607648
2013-01-14,-0.004470133932672468
2013-01-15,-0.0049405094950142146
2013-01-16,0.004044181493408508
2013-01-17,0.004771980919066363
2013-01-18,-0.002234120097159272
2013-01-22,0.0016384630128175159
2013-01-23,0.006084799769911568
2013-01-24,-0.013854682595556047
2013-01-25,0.005087119839960851
2013-01-28,0.0022356922737679337
2013-01-29,0.00014980519182426552
2013-01-30,-0.0020870781628224413
2013-01-31,-0.0022407951825173552
2013-02-01,0.011744813296769073
2013-02-04,-0.017594169544701683
2013-02-05,0.014633638790220265
2013-02-06,-0.0032661703044314016
2013-02-07,0.0008921135296822197
2013-02-08,0.010200194753785152
2013-02-11,0.00029394967347015497
2013-02-12,-0.004125375584552564
2013-02-13,0.0035369520945851963
2013-02-14,-0.000294060168129776
2013-02-15,-0.002947688546281412
2013-02-19,0.007206234898139479
2013-02-20,-0.015505872065042003
2013-02-21,-0.010774295645953008
2013-02-22,0.010029494616716771
2013-02-25,-0.012439465612898142
2013-02-26,0.0037630117498877224
2013-02-27,0.010164806306590292
2013-02-28,-0.0020845929295330167
2013-03-01,0.004164344748055655
2013-03-04,0.004442395229058915
2013-03-05,0.014667547345807478
2013-03-06,-0.00247829451639171
2013-03-07,0.002624081994891563
2013-03-08,0.0011636194319414987
2013-03-11,0.0029040320776231197
2013-03-12,-0.003631035031596806
2013-03-13,-0.001310607538718311
2013-03-14,0.0033454902645239227
2013-03-15,-0.0027838916048315058
2013-03-18,-0.0021922749166724976
2013-03-19,-0.0019033366219434807
2013-03-20,0.0070105303447399086
2013-03-21,-0.011417139075236109
2013-03-22,0.009669417793915091
2013-03-25,-0.0036517379813451522
2013-03-26,0.005399459262666103
2013-03-27,0.0013087122993573482
2013-03-28,0.0024681344341174025
2013-04-01,-0.00683759857143511
2013-04-02,0.007852200762049713
2013-04-03,-0.009167019619413038
2013-04-04,0.00029209042218947067
2013-04-05,-0.008364536378359419
2013-04-08,0.005291179045208334
2013-04-09,0.006720178129475133
2013-04-10,0.01932283417476331
2013-04-11,-0.0004285488719566427
2013-04-12,-0.0007146160739870522
2013-04-15,-0.019928463748139027
2013-04-16,0.01318565062685583
2013-04-17,-0.019770630069948655
2013-04-18,-0.013897690241849968
2013-04-19,0.013603542356694158
2013-04-22,0.010227951998236093
2013-04-23,0.009548742561967964
2013-04-24,-0.00043182264174612683
2013-04-25,0.005315801760508364
2013-04-26,-0.003157209924509339
2013-04-29,0.009156856465494991
2013-04-30,0.007238044481261011
2013-05-01,-0.004677418707671542
2013-05-02,0.012564771562322795
2013-05-03,0.01171559755358261
2013-05-06,0.003874543863137189
2013-05-07,-0.0005522196575509681
2013-05-08,0.004824908726491158
2013-05-09,-0.0013761047628186888
2013-05-10,0.006041791677865233
2013-05-13,0.0012310074303468822
2013-05-14,0.00518212396456548
2013-05-15,0.002038048097938347
2013-05-16,-0.0010866110877449688
2013-05-17,0.009602233246795495
2013-05-20,-0.0014818566683966528
2013-05-21,0.0010780562353059587
2013-05-22,-0.008790786478236503
2013-05-23,-0.0023116573754696193
2013-05-24,-0.000544669682744912
2013-05-28,0.0065171115537707
2013-05-29,-0.004748018684568786
2013-05-30,0.005289610044646091
2013-05-31,-0.009240700485243069
2013-06-03,0.0017729538163828989
2013-06-04,-0.005191805369594203
2013-06-05,-0.013098915135820764
2013-06-06,0.004845500594080564
2013-06-07,0.013581933092090584
2013-06-10,0.0004079482610435028
2013-06-11,-0.009991795106302697
2013-06-12,-0.011623191096250573
2013-06-13,0.012585253384044369
2013-06-14,-0.0066184271786482885
2013-06-17,0.009638065252395784
2013-06-18,0.008187968703376607
2013-06-19,-0.011207606777124044
2013-06-20,-0.02406367655347616
2013-06-21,-0.005324361918799931
2013-06-24,-0.009988636160351384
2013-06-25,0.007286810624884239
2013-06-26,0.00892943072687435
2013-06-27,0.00422419900254919
2013-06-28,0.0014038928484035997
2013-07-01,0.006154905492024202
2013-07-02,0.000418426322409121
2013-07-03,0.004034182902943426
2013-07-05,0.007606339445447155
2013-07-08,0.0009646723016332906
2013-07-09,0.006037762158782404
2013-07-10,0.00573003755797248
2013-07-11,0.019666836129749996
2013-07-12,0.004391440650698895
2013-07-15,0.0022554424948024562
2013-07-16,-0.0013258244095150449
2013-07-17,0.002517766699289874
2013-07-18,-0.0025177666992898503
2013-07-19,-0.010402386049771464
2013-07-22,0.0029444081716442213
2013-07-23,-0.007379218317317739
2013-07-24,0.0032267911213742905
2013-07-25,0.006289346338084419
2013-07-26,0.005321058735986278
2013-07-29,-0.001858977413220229
2013-07-30,0.005302605542009283
2013-07-31,0.001849601459309185
2013-08-01,0.010110449113141847
2013-08-02,0.005602848532868493
2013-08-05,0.0006489125453000369
2013-08-06,-0.005990024510883449
2013-08-07,-0.0018303880948569542
2013-08-08,0.004959950870188823
2013-08-09,-0.004044503818725998
2013-08-12,0.002351063612091729
2013-08-13,0.005592273793967138
2013-08-14,-0.0037683998023540877
2013-08-15,-0.017069547926081712
2013-08-16,-0.00039753128002843676
2013-08-19,-0.0017235290586669495
2013-08-20,0.004369789303390404
2013-08-21,-0.0034414609364122484
2013-08-22,0.009764037678764175
2013-08-23,0.006674368227421903
2013-08-26,0.0005211944819338391
2013-08-27,-0.020679220941497177
2013-08-28,0.0038523286791988425
2013-08-29,0.00700154706833266
2013-08-30,-0.0064715627156761175
2013-09-03,0.005681611653230686
2013-09-04,0.010615296256411064
2013-09-05,0.0016929986536260498
2013-09-06,0.0011707035206062295
2013-09-09,0.011631289645174583
2013-09-10,0.004870420063786429
2013-09-11,-0.0019199580034092805
2013-09-12,-0.0006404809285867453
2013-09-13,0.0006404809285868069
2013-09-16,-0.002693606220960332
2013-09-17,0.006657356631015644
2013-09-18,0.011923102176945201
2013-09-19,0.002392199055813953
2013-09-20,-0.0034371537415534116
2013-09-23,-0.002027645473077804
2013-09-24,0.0
2013-09-25,-0.003430700440281899
2013-09-26,0.007734343878254074
2013-09-27,-0.0012637682007686473
2013-09-30,-0.002405814301647514
2013-10-01,0.010090676828368303
2013-10-02,-0.00037654735723607045
2013-10-03,-0.011744605482122474
2013-10-04,0.00860132614600605
2013-10-07,-0.008347170637867479
2013-10-08,-0.019492807682294697
2013-10-09,-0.003113035250286865
2013-10-10,0.020953105204105715
2013-10-11,0.007856050645280898
2013-10-14,0.0070433927338980585
2013-10-15,-0.003892847800618685
2013-10-16,0.011260140475474195
2013-10-17,0.005706125114424025
2013-10-18,0.016075378572044687
2013-10-21,0.002188544624894935
2013-10-22,0.0014566799945339723
2013-10-23,-0.0060830173792514744
2013-10-24,0.004383368021467113
2013-10-25,0.00714233651170703
2013-10-28,0.00024144368189283323
2013-10-29,0.0016870548042623307
2013-10-30,-0.0009636827801199547
2013-10-31,-0.0022920173498377962
2013-11-01,0.0002411536009969878
2013-11-04,0.0014484457983810982
2013-11-05,0.0010841723744968996
2013-11-06,-0.00024084820110319643
2013-11-07,-0.01897389418986701
2013-11-08,0.013416578754242584
2013-11-11,-0.0015763838226817008
2013-11-12,0.0015763838226817324
2013-11-13,0.012042262891108213
2013-11-14,0.0031077408906991354
2013-11-15,0.0019071028231256635
2013-11-18,-0.009814665139497693
2013-11-19,-0.00289084795877986
2013-11-20,-0.0024154062631482173
2013-11-21,0.010106075647601095
2013-11-22,0.005372064846384878
2013-11-25,0.0023784523073943596
2013-11-26,0.005212787077561886
2013-11-27,0.006947317163502727
2013-11-29,0.005966894879148236
2013-12-02,-0.0029204244789561365
2013-12-03,-0.0008190442893179174
2013-12-04,0.0009358831965505657
2013-12-05,-0.001287657647613816
2013-12-06,0.0072351751041295756
2013-12-09,0.00406171139186904
2013-12-10,-0.0006947404232799723
2013-12-11,-0.012947211386128253
2013-12-12,-0.002585969266291419
2013-12-13,-0.001295894022492996
2013-12-16,0.005523996136236069
2013-12-17,-0.00199456046723238
2013-12-18,0.011559450247103874
2013-12-19,-0.0027902236875520766
2013-12-20,0.010132469364072376
2013-12-23,0.01046520274634902
2013-12-24,0.00045695338972096303
2013-12-26,0.0033113983531861623
2013-12-27,-0.0025105280037823713
2013-12-30,-0.0014866191189945744
2013-12-31,0.006501388156023321
2014-01-02,-0.00787554964730357
2014-01-03,-0.00724483765237265
2014-01-06,-0.003700256038439883
2014-01-07,0.00922509376783968
2014-01-08,0.0021782635987354247
2014-01-09,-0.0033271552850308163
2014-01-10,0.0032124406279903876
2014-01-13,-0.014886583700778158
2014-01-14,0.01888794008021155
2014-01-15,0.008181022449509627
2014-01-16,0.0001130405166842671
2014-01-17,-0.005673378538818953
2014-01-21,0.007595202289448013
2014-01-22,0.0025937987043987776
2014-01-23,-0.0033848749804761685
2014-01-24,-0.01986111052648714
2014-01-27,-0.009731756028758332
2014-01-28,-0.0005816568303667826
2014-01-29,-0.010774396002293414
2014-01-30,0.018316957673805687
2014-01-31,-0.002662549905485289
2014-02-03,-0.023218310691526755
2014-02-04,0.00732842584704826
2014-02-05,-0.0025945093737777215
2014-02-06,0.01267165580333006
2014-02-07,0.01768108321433232
2014-02-10,0.00571125220394303
2014-02-11,0.011325287079604547
2014-02-12,0.0019124590988006068
2014-02-13,0.007391047939652656
2014-02-14,0.0020056321168170203
2014-02-18,0.004887588055633706
2014-02-19,-0.006893220172450836
2014-02-20,0.004674779200737597
2014-02-21,-0.0013336362849393523
2014-02-24,0.0053233491262385515
2014-02-25,-0.001106316689538961
2014-02-26,-0.0008863637716047793
2014-02-27,0.0064672740866438955
2014-02-28,-0.0011067466290466401
2014-03-03,-0.007444055935475006
2014-03-04,0.01263319421047206
2014-03-05,0.002749549255814136
2014-03-06,-0.0008791953667831256
2014-03-07,-0.004958311288290837
2014-03-10,0.0008831018686653979
2014-03-11,-0.004313515320002138
2014-03-12,0.003761425514028651
2014-03-13,-0.01423508104972945
2014-03-14,-0.006855670005084827
2014-03-17,0.008758233158499707
2014-03-18,0.012001505833622968
2014-03-19,-0.005427395202433977
2014-03-20,0.002772844694142826
2014-03-21,-0.01210610386843655
2014-03-24,-0.00880278873755719
2014-03-25,0.003282109090848893
2014-03-26,-0.012964032827929154
2014-03-27,-0.00562377481492322
2014-03-28,0.001954351895070816
2014-03-31,0.007097208019843304
2014-04-01,0.01741339411139422
2014-04-02,0.0025748700191196633
2014-04-03,-0.00796998787694122
2014-04-04,-0.025208777652977004
2014-04-07,-0.00953917405212278
2014-04-08,0.009191926214896359
2014-04-09,0.0169961216817181
2014-04-10,-0.025208777652977004
2014-04-11,-0.011701564438236294
2014-04-14,0.00781640132152265
2014-04-15,0.0032975785032774755
2014-04-16,0.013198499595550415
2014-04-17,0.0002321677030285256
2014-04-21,0.007396626588697357
2014-04-22,0.007914826034243087
2014-04-23,-0.008836008987464778
2014-04-24,0.009521232914546289
2014-04-25,-0.016112705234999705
2014-04-28,0.0032432423749001174
2014-04-29,0.007947981025210549
2014-04-30,0.0026355419115324536
2014-05-01,0.002970789884335485
2014-05-02,-0.001827214441840376
2014-05-05,0.005243877055486627
2014-05-06,-0.013046642252162424
2014-05-07,-0.002884130212540233
2014-05-08,-0.0009245499628956634
2014-05-09,0.003692985956377703
2014-05-12,0.016340780446623324
2014-05-13,0.0006798840751238069
2014-05-14,-0.005223820703382645
2014-05-15,-0.007886824644958913
2014-05-16,0.00651994076757763
2014-05-19,0.0069305678776888984
2014-05-20,-0.0036300705200986816
2014-05-21,0.009500280865710429
2014-05-22,0.004380691805817975
2014-05-23,0.007257722862184612
2014-05-27,0.012384397858696711
2014-05-28,-0.0030816353917963077
2014-05-29,0.006372452259450172
2014-05-30,0.00010971788707885981
2014-06-02,-0.0009861558018756645
2014-06-03,-0.00043873607186993465
2014-06-04,0.0037226336405088763
2014-06-05,0.008377907954610445
2014-06-06,0.005726334893025933
2014-06-09,-0.0007545147980481105
2014-06-10,0.0017234100833959144
2014-06-11,-0.000215129093561818
2014-06-12,-0.009084090198745651
2014-06-13,0.002929034104414806
2014-06-16,0.0008659994195135424
2014-06-17,0.0005409480596430986
2014-06-18,0.005608886210419441
2014-06-19,-0.000645648501683291
2014-06-20,0.0011757422401430218
2014-06-23,0.0002157273889001611
2014-06-24,-0.0009705112499145677
2014-06-25,0.00634425320489567
2014-06-26,0.0005359588395570557
2014-06-27,0.004383314918192627
2014-06-30,0.0017049980259084543
2014-07-01,0.010908142429523914
2014-07-02,0.001683908326041267
2014-07-03,0.006289130484428551
2014-07-07,-0.0030347688337847745
2014-07-08,-0.012126286660401463
2014-07-09,0.007398813793069057
2014-07-10,-0.003164520975174672
2014-07-11,0.006423847168655946
2014-07-14,0.005964992151278047
2014-07-15,-0.003449275678360883
2014-07-16,0.00397045693994839
2014-07-17,-0.01333237998274327
2014-07-18,0.01572843487737218
2014-07-21,-0.0012493879819912889
2014-07-22,0.006334378050567295
2014-07-23,0.006396924608436946
2014-07-24,-0.0011320669439461887
2014-07-25,-0.003920330531401096
2014-07-28,0.00030995275576876485
2014-07-29,-0.0017583313518851123
2014-07-30,0.003926173329676482
2014-07-31,-0.0204173549391696
2014-08-01,-0.0036902286393622895
2014-08-04,0.006842429258463909
2014-08-05,-0.007688029274607607
2014-08-06,-0.000740343886905737
2014-08-07,-0.003179011636924184
2014-08-08,0.007191323465552363
2014-08-11,0.005884136637710222
2014-08-12,-0.00041969141041199695
2014-08-13,0.010529254908496107
2014-08-14,0.005171678329763755
2014-08-15,0.004837131340978127
2014-08-18,0.007670830216758427
2014-08-19,0.00558803955401921
2014-08-20,0.0
2014-08-21,0.0020243124888876707
2014-08-22,0.0015154236022562372
2014-08-25,0.003527334302530946
2014-08-26,0.0010056243641943542
2014-08-27,0.00020088645293433815
2014-08-28,-0.0011060033632855732
2014-08-29,0.0037150297198977667
2014-09-02,0.0029024662826571063
2014-09-03,-0.005912887443470813
2014-09-04,-0.0009058848760871052
2014-09-05,0.005018543844466141
2014-09-08,0.0019001462073568705
2014-09-09,-0.008328004770778387
2014-09-10,0.008228087038513394
2014-09-11,-0.0008000345343797305
2014-09-12,-0.005112852909091059
2014-09-15,-0.009697510326999401
2014-09-16,0.008691181541525655
2014-09-17,0.0015081098593938238
2014-09-18,0.007507285059473544
2014-09-19,-0.000619976646781142
2014-09-22,-0.009345401010160358
2014-09-23,-0.0027293220625975
2014-09-24,0.010673148289574403
2014-09-25,-0.02125789291729996
2014-09-26,0.010584744627725563
2014-09-29,-0.0013170664553642723
2014-09-30,0.0014181328233462019
2014-10-01,-0.016122767164602963
2014-10-02,0.0
2014-10-03,0.009827103507904337
2014-10-06,-0.002141534839148801
2014-10-07,-0.01429106417861754
2014-10-08,0.019280441538432926
2014-10-09,-0.016281888326520656
2014-10-10,-0.025208777652977004
2014-10-13,-0.01579587218640449
2014-10-14,0.00010792964855782747
2014-10-15,-0.006474724825483195
2014-10-16,-0.00629890741024258
2014-10-17,0.013096100937394658
2014-10-20,0.014835872962502957
2014-10-21,0.022905416265258074
2014-10-22,-0.005174986532947766
2014-10-23,0.014934353981666572
2014-10-24,0.00814463412152599
2014-10-27,0.0007097440319517512
2014-10-28,0.014984955162725477
2014-10-29,-0.003700523790769403
2014-10-30,0.0021021323464905355
2014-10-31,0.013703050763673954
2014-11-03,0.0029539369195141223
2014-11-04,-0.0033488376906716565
2014-11-05,9.882175145266731e-05
2014-11-06,0.003152004933648061
2014-11-07,-0.0008858834316063742
2014-11-10,0.0035372868940549192
2014-11-11,0.0031334692528743745
2014-11-12,0.0017581647829625166
2014-11-13,0.004285440205561031
2014-11-14,0.0031051305177890783
2014-11-17,-0.0030080298131837553
2014-11-18,0.007454349668927726
2014-11-19,-0.004543370334059401
2014-11-20,0.004446830555970707
2014-11-21,0.0019275076496280195
2014-11-24,0.007767756451911366
2014-11-25,0.001527291196561851
2014-11-26,0.006465266601732361
2014-11-28,0.004632817768783972
2014-12-01,-0.011384209457148126
2014-12-02,0.003999109715136226
2014-12-03,0.00180410183302935
2014-12-04,-0.0004741121165347294
2014-12-05,9.458818439823934e-05
2014-12-08,-0.007142238873998369
2014-12-09,0.003148754393380178
2014-12-10,-0.01584523188172539
2014-12-11,0.004731688987614008
2014-12-12,-0.01094546060102783
2014-12-15,-0.010378313251378649
2014-12-16,-0.016171865876698267
2014-12-17,0.018040099322972833
2014-12-18,0.022905416265258074
2014-12-19,0.004390270848296944
2014-12-22,0.00248945111107822
2014-12-23,-0.0035444756168444727
2014-12-24,0.0008634361084558362
2014-12-26,0.007069873728351298
2014-12-29,-0.00019082656877439497
2014-12-30,-0.006687458762266496
2014-12-31,-0.01031009509305987
2015-01-02,-0.003006989002895074
2015-01-05,-0.014777301497515497
2015-01-06,-0.013498499468974438
2015-01-07,0.012808376427319999
2015-01-08,0.018958785737674313
2015-01-09,-0.006604343026196798
2015-01-12,-0.010481462149796552
2015-01-13,-0.00029576663942672103
2015-01-14,-0.0055314123410781955
2015-01-15,-0.013060311024083197
2015-01-16,0.011672746053868173
2015-01-20,0.007903657492438473
2015-01-21,0.005103857906089155
2015-01-22,0.01833517693697172
2015-01-23,0.0022083074897091496
2015-01-26,-0.0011517765516643919
2015-01-27,-0.025208777652977004
2015-01-28,-0.005139331898973347
2015-01-29,0.009565526840846505
2015-01-30,-0.0077835052679781
2015-02-02,0.008666592907392552
2015-02-03,0.009563986449462422
2015-02-04,-0.0008748392699170959
2015-02-05,0.008614694594366062
2015-02-06,-0.006090197481932045
2015-02-09,-0.003204956300558231
2015-02-10,0.015443923947069163
2015-02-11,0.0036336037464144246
2015-02-12,0.01157597494126806
2015-02-13,0.0085485564902632
2015-02-17,0.000934595342241052
2015-02-18,0.0014011067486589773
2015-02-19,0.0049336178321740445
2015-02-20,0.006663601562081724
2015-02-23,0.00101409526216528
2015-02-24,0.000736961558062836
2015-02-25,-0.0024894632246913705
2015-02-26,0.005064484052274003
2015-02-27,-0.00441821504190611
2015-03-02,0.008999719864352737
2015-03-03,-0.004673472495190477
2015-03-04,-0.003865568963992655
2015-03-05,0.0017504121672477584
2015-03-06,-0.01138622144774307
2015-03-09,0.0028822595249958973
2015-03-10,-0.018741233171014646
2015-03-11,-0.0057868801476815765
2015-03-12,0.006543430961653365
2015-03-13,-0.004357552652608622
2015-03-16,0.012827738517110028
2015-03-17,0.0015922686096286587
2015-03-18,0.009776970190214857
2015-03-19,0.0014814894146614407
2015-03-20,0.006452286702892556
2015-03-23,-0.0019372483533204865
2015-03-24,-0.003606695952184258
2015-03-25,-0.02315105861620656
2015-03-26,-0.003419567907650886
2015-03-27,0.003988243390468331
2015-03-30,0.011401814537709096
2015-03-31,-0.010643926897649598
2015-04-01,-0.00522182036078326
2015-04-02,0.0006661687604865169
2015-04-06,0.008147755620759803
2015-04-07,-0.0016998160540201124
2015-04-08,0.007908103085592139
2015-04-09,0.006263157995300849
2015-04-10,0.0040918669302977785
2015-04-13,-0.0025088927591742625
2015-04-14,-0.0028884614557748976
2015-04-15,0.006232433600419281
2015-04-16,-0.001392058871148026
2015-04-17,-0.015723271554488785
2015-04-20,0.014887105123846084
2015-04-21,0.004265852420590062
2015-04-22,0.005445199491990703
2015-04-23,0.003766359670449924
2015-04-24,0.01347924815481738
2015-04-27,-0.002535792448155815
2015-04-28,-0.001997529425052757
2015-04-29,-0.00628999848935228
2015-04-30,-0.015854386120243574
2015-05-01,0.013107004526666554
2015-05-04,0.0016491985087921058
2015-05-05,-0.01643016893271289
2015-05-06,-0.0069105495146084255
2015-05-07,0.005979381858261498
2015-05-08,0.012405710920960988
2015-05-11,-0.0038720021987250575
2015-05-12,-0.004535894152596131
2015-05-13,0.0020389132964968248
2015-05-14,0.014523631015091994
2015-05-15,0.0
2015-05-18,0.004371013311301526
2015-05-19,-0.0010911699860338417
2015-05-20,0.0006369231871570991
2015-05-21,0.005167968997882579
2015-05-22,-0.0009953756754908145
2015-05-26,-0.011563021932334478
2015-05-27,0.015988857530525313
2015-05-28,-0.002255959049369618
2015-05-29,-0.005979295997730901
2015-06-01,0.0033564850877555023
2015-06-02,-0.003174872591086323
2015-06-03,0.0029942097508996656
2015-06-04,-0.007638111930387244
2015-06-05,-0.002375762272610383
2015-06-08,-0.010207424083863516
2015-06-09,-0.0016653702575942274
2015-06-10,0.013609468845975544
2015-06-11,0.0014600002457816174
2015-06-12,-0.00824158264215829
2015-06-15,-0.004977934374025657
2015-06-16,0.005437746583226475
2015-06-17,0.0027534583279290653
2015-06-18,0.014468422791393598
2015-06-19,-0.0049565127931156935
2015-06-22,0.007344296580015568
2015-06-23,0.0008127546465157739
2015-06-24,-0.005158239192184761
2015-06-25,-0.0019979339067605997
2015-06-26,-0.006658652989782564
2015-06-29,-0.02389437252889615
2015-06-30,0.003555403927418693
2015-07-01,0.007907333639601112
2015-07-02,0.000278174849681902
2015-07-06,-0.002318732495992377
2015-07-07,0.0025037579550696034
2015-07-08,-0.017565520430007545
2015-07-09,-0.0005654084951181988
2015-07-10,0.015162732678238415
2015-07-13,0.01740453447701215
2015-07-14,0.006551603845157752
2015-07-15,0.0010875242194764996
2015-07-16,0.014034100171679569
2015-07-17,0.014632506743255074
2015-07-20,0.0034273140250902813
2015-07-21,-0.0006141889104405704
2015-07-22,-0.0113890138209341
2015-07-23,-0.0037367044950373613
2015-07-24,-0.009852031855213833
2015-07-27,-0.008315553650077608
2015-07-28,0.00858547087994153
2015-07-29,0.0037723928105819027
2015-07-30,0.004739847779712579
2015-07-31,-0.0011604153235349743
2015-08-03,-0.00313137590777055
2015-08-04,-0.001883720505331441
2015-08-05,0.007691067510640088
2015-08-06,-0.016165497826864095
2015-08-07,-0.0012682749972112743
2015-08-10,0.011357350191574822
2015-08-11,-0.0128998044115324
2015-08-12,0.0034443012957025756
2015-08-13,-0.0016299224209413098
2015-08-14,0.0015395857737617482
2015-08-17,0.008290378074522204
2015-08-18,-0.005128462650780102
2015-08-19,-0.0066067528039452355
2015-08-20,-0.025208777652977004
2015-08-21,-0.025208777652977004
2015-08-24,-0.025208777652977004
2015-08-25,-0.003765128436341945
2015-08-26,0.022905416265258074
2015-08-27,0.022905416265258074
2015-08-28,-0.00018918476163039914
2015-08-31,-0.012480549809966612
2015-09-01,-0.025208777652977004
2015-09-02,0.022905416265258074
2015-09-03,-0.004920349462727935
2015-09-04,-0.011968149037972727
2015-09-08,0.022905416265258074
2015-09-09,-0.011297740006819778
2015-09-10,0.01082122394433005
2015-09-11,0.005509461822503829
2015-09-14,-0.0030356977156909917
2015-09-15,0.011712488656408676
2015-09-16,0.005618149825741781
2015-09-17,0.000373449067918184
2015-09-18,-0.014325054245043939
2015-09-21,0.003128038320716916
2015-09-22,-0.015063911856072634
2015-09-23,0.0007681494616528121
2015-09-24,-0.0036539567819990374
2015-09-25,-0.008514254101728153
2015-09-28,-0.025208777652977004
2015-09-29,-0.005214058519184139
2015-09-30,0.02276113230264865
2015-10-01,0.004510198276145289
2015-10-02,0.017359695086739325
2015-10-05,0.014223942892638041
2015-10-06,-0.004750173257714508
2015-10-07,0.005981848567525569
2015-10-08,0.003968111908252229
2015-10-09,0.004515831806271059
2015-10-12,0.002437754221750619
2015-10-13,-0.006482279441107962
2015-10-14,-0.0016033805411745624
2015-10-15,0.016292243805315392
2015-10-16,0.004171127747064047
2015-10-19,0.0057177704689904225
2015-10-20,-0.005163342509583705
2015-10-21,-0.006119577616043707
2015-10-22,0.02016371887084513
2015-10-23,0.022905416265258074
2015-10-26,0.0006205105553504352
2015-10-27,0.00203640435596678
2015-10-28,0.008278100112865274
2015-10-29,-0.0015800551852716103
2015-10-30,-0.004490150657617248
2015-11-02,0.011231248472807726
2015-11-03,0.003484164477411494
2015-11-04,8.666299705863961e-05
2015-11-05,-0.002698504355181605
2015-11-06,0.000696981735077087
2015-11-09,-0.010685067877878651
2015-11-10,-0.0025567180153835928
2015-11-11,-0.0012363281378056556
2015-11-12,-0.009770003065902384
2015-11-13,-0.019831413072079574
2015-11-16,0.014281931227592234
2015-11-17,0.0006282296182681575
2015-11-18,0.019012564679230837
2015-11-19,0.0007039653388643351
2015-11-20,0.006748562212326358
2015-11-23,-0.0028865940584999676
2015-11-24,-0.0008765324619471941
2015-11-25,0.0008765324619470784
2015-11-27,0.0014003813681863141
2015-11-30,-0.002539857701202925
2015-12-01,0.00994857408948834
2015-12-02,-0.006184531605945405
2015-12-03,-0.017095849511473755
2015-12-04,0.022905416265258074
2015-12-07,-0.004526585574968378
2015-12-08,8.745966734914099e-05
2015-12-09,-0.015295635955622503
2015-12-10,0.0045071757413897105
2015-12-11,-0.023284811835210927
2015-12-14,0.007553109641830811
2015-12-15,0.006073545263322545
2015-12-16,0.014759826771476593
2015-12-17,-0.014670860967429353
2015-12-18,-0.019368991357864393
2015-12-21,0.011047034540096451
2015-12-22,0.006551835417076505
2015-12-23,0.007398137314028611
2015-12-24,-0.00017759565720888896
2015-12-28,-0.0005328306903197727
2015-12-29,0.015606500764607172
2015-12-30,-0.009052390998083176
2015-12-31,-0.012525969911665026
2016-01-04,-0.021323588961276868
2016-01-05,-0.0017366919324989108
2016-01-06,-0.009652216851155394
2016-01-07,-0.025208777652977004
2016-01-08,-0.008234649088033334
2016-01-11,0.003072035468726283
2016-01-12,0.011530946427417883
2016-01-13,-0.025208777652977004
2016-01-14,0.021071757500800783
2016-01-15,-0.025208777652977004
2016-01-19,0.0021793250367171547
2016-01-20,-0.0030721454105520243
2016-01-21,0.0009923344810571124
2016-01-22,0.022905416265258074
2016-01-25,-0.014951527099986763
2016-01-26,0.008959355625272128
2016-01-27,-0.025208777652977004
2016-01-28,0.014019572590555621
2016-01-29,0.020667147911037426
2016-02-01,0.0026852858739924287
2016-02-02,-0.02188332679667912
2016-02-03,-0.004807954530706805
2016-02-04,-9.847939600600445e-05
2016-02-05,-0.025208777652977004
2016-02-08,-0.01540546069609217
2016-02-09,-0.0031102029157505243
2016-02-10,0.0038342870938810167
2016-02-11,-0.001448862733614244
2016-02-12,0.015110615032480477
2016-02-16,0.022295814227353217
2016-02-17,0.02239531044482623
2016-02-18,-0.011480363195882666
2016-02-19,0.0029563308548421745
2016-02-22,0.016104981105779927
2016-02-23,-0.016596975404313277
2016-02-24,0.009503845773746907
2016-02-25,0.00980056463022414
2016-02-26,-0.0012564428178017998
2016-02-29,-0.009031940946595415
2016-03-01,0.022905416265258074
2016-03-02,0.0003781393683723295
2016-03-03,-0.00189158546740382
2016-03-04,0.0003784018800238467
2016-03-07,-0.006170119514079404
2016-03-08,-0.008318641371551907
2016-03-09,0.0064124523891953295
2016-03-10,-0.0015274620913720747
2016-03-11,0.017334082186476984
2016-03-14,0.0016888725235558821
2016-03-15,-0.00037523785507890184
2016-03-16,0.008869986862856
2016-03-17,-0.0005580324557723647
2016-03-18,0.001566058234062196
2016-03-21,0.0039041461115584077
2016-03-22,0.003056718769043939
2016-03-23,-0.008265463734074196
2016-03-24,0.000279591423627422
2016-03-28,-0.0013997308444032306
2016-03-29,0.015930882224148058
2016-03-30,0.004858142919014124
2016-03-31,-0.0014640842366242849
2016-04-01,0.01056651171586307
2016-04-04,-0.0038126846866509724
2016-04-05,-0.009688666920222919
2016-04-06,0.01630663079143027
2016-04-07,-0.014471487139174833
2016-04-08,-0.000733503508264247
2016-04-11,-0.003676437054340954
2016-04-12,0.00834430002482145
2016-04-13,0.01270339618381984
2016-04-14,8.99906732859944e-05
2016-04-15,-0.002527677527205836
2016-04-18,0.005318666437548241
2016-04-19,-0.006132255486744294
2016-04-20,0.0008135890491961419
2016-04-21,9.065321107568535e-05
2016-04-22,-0.015207835385506413
2016-04-25,0.0
2016-04-26,-0.004875049108943795
2016-04-27,-0.008054555365701413
2016-04-28,-0.012157761699887514
2016-04-29,-0.005282792684992119
2016-05-02,0.009414358093500443
2016-05-03,-0.009319718046034084
2016-05-04,-0.006452281811205757
2016-05-05,-0.00028555198161573064
2016-05-06,0.005317910668581822
2016-05-09,0.0028376786370850086
2016-05-10,0.013601997087834187
2016-05-11,-0.009078870187550707
2016-05-12,-0.004428861281453539
2016-05-13,-0.0036896179044790525
2016-05-16,0.01243384074204238
2016-05-17,-0.01262392966125547
2016-05-18,0.003596497511796433
2016-05-19,-0.00520933165052157
2016-05-20,0.01095507863787702
2016-05-23,-0.0013157108257357908
2016-05-24,0.019833954827996783
2016-05-25,0.007165448603833559
2016-05-26,0.002925257334661497
2016-05-27,0.005188890869064567
2016-05-31,0.0019052415673054685
2016-06-01,9.075162485689626e-05
2016-06-02,0.002081989032014565
2016-06-03,-0.004713350756319902
2016-06-06,0.003627903282581736
2016-06-07,-0.0025384387732638593
2016-06-08,0.0017230797378531353
2016-06-09,-0.0016321963295650047
2016-06-10,-0.011408806221140128
2016-06-13,-0.008388443941973127
2016-06-14,0.0
2016-06-15,-0.0028735535552432277
2016-06-16,0.0029661700230692568
2016-06-17,-0.011790382781262492
2016-06-20,0.006271751620493787
2016-06-21,0.003167830145416958
2016-06-22,-0.002421514809849914
2016-06-23,0.014166255951018681
2016-06-24,-0.025208777652977004
2016-06-27,-0.020048481171003628
2016-06-28,0.021677042681636314
2016-06-29,0.017555020671095878
2016-06-30,0.011503711793285978
2016-07-01,0.005008851202892186
2016-07-05,-0.00612536985476768
2016-07-06,0.008158449099127309
2016-07-07,0.002950808355202622
2016-07-08,0.01534806707752884
2016-07-11,0.005695553229162495
2016-07-12,0.005035696841579918
2016-07-13,-0.0024247662585102697
2016-07-14,0.006810012960619165
2016-07-15,-0.0016087326999320718
2016-07-18,0.006597039331232361
2016-07-19,-0.0036499123546433294
2016-07-20,0.01161559617373884
2016-07-21,-0.0022948600555537726
2016-07-22,0.004144166938460309
2016-07-25,8.787459598385106e-05
2016-07-26,0.0011431710143599845
2016-07-27,0.006918602218296628
2016-07-28,0.0034852195362117264
2016-07-29,0.0021716681642503463
2016-08-01,0.005279695924712794
2016-08-02,-0.007625669934091858
2016-08-03,0.003300199592887935
2016-08-04,0.0028569438967649876
2016-08-05,0.00955038383240699
2016-08-08,-0.0011136759440054063
2016-08-09,0.002311955411818925
2016-08-10,-0.002569123035259927
2016-08-11,0.004278304892526145
2016-08-12,0.0006826609941851891
2016-08-15,0.0042573163555146174
2016-08-16,-0.005537914435925375
2016-08-17,0.0017926007955927853
2016-08-18,0.00025569472259615744
2016-08-19,-0.00025569472259609656
2016-08-22,0.0007672352069518758
2016-08-23,0.0017878834045287183
2016-08-24,-0.006485793582535297
2016-08-25,-0.0016281473033308708
2016-08-26,0.0014566972399388096
2016-08-29,0.0013692455772294939
2016-08-30,-0.0032545529927191633
2016-08-31,-0.0010303520502229029
2016-09-01,0.002573159600595955
2016-09-02,0.00324996119019649
2016-09-06,0.006213369440814793
2016-09-07,0.0005938793973324124
2016-09-08,-0.005868484227974266
2016-09-09,-0.025208777652977004
2016-09-12,0.017779162976113858
2016-09-13,-0.008979862487898675
2016-09-14,0.0047588715431650585
2016-09-15,0.01541913861214029
2016-09-16,-0.00047723172708261097
2016-09-19,-0.004357899551447121
2016-09-20,0.0018823399859374795
2016-09-21,0.009781018457737526
2016-09-22,0.007924668019561671
2016-09-23,-0.00640228714344582
2016-09-26,-0.008401714280132155
2016-09-27,0.009837302041217294
2016-09-28,0.0016866508632410724
2016-09-29,-0.007271827901687809
2016-09-30,0.007440220271091235
2016-10-03,-0.0014331308788474272
2016-10-04,-0.0015195535305702263
2016-10-05,0.0035421765296035166
2016-10-06,-0.0005053750084468935
2016-10-07,-0.0021922972007021673
2016-10-10,0.006310640229062684
2016-10-11,-0.0143618543711142
2016-10-12,-0.0008510571402958152
2016-10-13,-0.003583578956272632
2016-10-14,0.0011960925187999838
2016-10-17,-0.0027353750679163114
2016-10-18,0.008862920691796231
2016-10-19,-8.48070103224523e-05
2016-10-20,-0.0011888133189953262
2016-10-21,0.003731000644375324
2016-10-24,0.011947135766301286
2016-10-25,-0.0031830671482587897
2016-10-26,-0.006819100745968749
2016-10-27,-0.004572176273319492
2016-10-28,-0.0062993519522308895
2016-10-31,-0.0009398885169703165
2016-11-01,-0.00755052070980198
2016-11-02,-0.008041754047017262
2016-11-03,-0.009859351477074793
2016-11-04,-0.0035130447253700157
2016-11-07,0.022905416265258074
2016-11-08,0.006510675606853016
2016-11-09,0.004600334508362013
2016-11-10,-0.016281246297554054
2016-11-11,0.00043179360375445515
2016-11-14,-0.010154874042847671
2016-11-15,0.013775241494702708
2016-11-16,0.005919597369787296
2016-11-17,0.007244106285151191
2016-11-18,-0.0037433105996454714
2016-11-21,0.01034520402346406
2016-11-22,0.003032384154754311
2016-11-23,-0.00404511136676648
2016-11-25,0.0032035257929395457
2016-11-28,-0.0022753932999502336
2016-11-29,0.0034531006176532573
2016-11-30,-0.01218063641008957
2016-12-01,-0.017427601918566817
2016-12-02,0.0019898536996251796
2016-12-05,0.007748699167861999
2016-12-06,0.0023984608509872935
2016-12-07,0.012583037063720236
2016-12-08,0.0017726004798504047
2016-12-09,0.007812935201584827
2016-12-12,-0.004529158849354729
2016-12-13,0.012530542544763691
2016-12-14,-0.002077358783592939
2016-12-15,0.0015791267076672234
2016-12-16,-0.00371378310871739
2016-12-19,0.004088559893516425
2016-12-20,0.0038232034138130505
2016-12-21,-0.0007468995093744658
2016-12-22,-0.0028265756900046467
2016-12-23,0.0006657045785923043
2016-12-27,0.005144993700753503
2016-12-28,-0.007810880633584503
2016-12-29,-0.0014187211795713525
2016-12-30,-0.010328092358030491
2017-01-03,0.008906610007520984
2017-01-04,0.005423112278071649
2017-01-05,0.005641972014667763
2017-01-06,0.008731460376503025
2017-01-09,0.0032749674331816678
2017-01-10,0.0022047056635537505
2017-01-11,0.002688151130863424
2017-01-12,-0.0015467247088506867
2017-01-13,0.003416022407909773
2017-01-17,-0.003008827042488951
2017-01-18,0.0020339543529356444
2017-01-19,-0.00048779296784145457
2017-01-20,0.0021929340508124915
2017-01-23,0.0008111857466386771
2017-01-24,0.006706162798163805
2017-01-25,0.010015845318748606
2017-01-26,0.0010358707538609534
2017-01-27,0.001909785191889233
2017-01-30,-0.00782078699369146
2017-01-31,-0.0020049849985055673
2017-02-01,0.006880116046446766
2017-02-02,-0.0008773747459710989
2017-02-03,0.002868497307682625
2017-02-06,0.001192863462148885
2017-02-07,0.003648988986759404
2017-02-08,0.0016614248451634244
2017-02-09,0.00362982536838934
2017-02-10,0.0033029198083238233
2017-02-13,0.0056361496586367285
2017-02-14,0.003351174571889652
2017-02-15,0.005895540615607776
2017-02-16,-0.00030961465945573453
2017-02-17,0.004323471936885518
2017-02-21,0.004918241221004841
2017-02-22,0.0003831955957352449
2017-02-23,-0.003761863031743982
2017-02-24,0.0019211710891510949
2017-02-27,0.001227359393236004
2017-02-28,-0.0030715080451396717
2017-03-01,0.010862104319364109
2017-03-02,-0.005033929066397564
2017-03-03,0.0018336272221987772
2017-03-06,-0.0022159402491433427
2017-03-07,-0.0016845367048853395
2017-03-08,0.001761011004228305
2017-03-09,0.0007644215080014714
2017-03-10,0.004195076652492699
2017-03-13,0.0016728937871800513
2017-03-14,-0.002434607672766573
2017-03-15,0.006150883010965394
2017-03-16,-0.0006818184243622858
2017-03-17,-0.0003490957109233623
2017-03-20,0.0009110636060487219
2017-03-21,-0.015289952900018635
2017-03-22,0.006756383798422078
2017-03-23,-0.002528227710257173
2017-03-24,0.0020690194963145832
2017-03-27,0.0016062143377801419
2017-03-28,0.006096002700094526
2017-03-29,0.004622861373103344
2017-03-30,0.0016622398270698343
2017-03-31,-0.0006796010928206746
2017-04-03,-0.0006045864812142818
2017-04-04,0.0015860775374675754
2017-04-05,-0.0040836226402541885
2017-04-06,0.0005304782081232426
2017-04-07,-0.0005304782081233196
2017-04-10,0.00037873174567401536
2017-04-11,-0.004326671138474741
2017-04-12,-0.004039915732635704
2017-04-13,-0.003980036350201068
2017-04-17,0.00824811950582374
2017-04-18,-0.0015222646720695545
2017-04-19,0.00159814494164947
2017-04-20,0.00833114294985295
2017-04-21,-0.0002264400166080085
2017-04-24,0.011997573093522342
2017-04-25,0.007204309206841104
2017-04-26,-0.001407176194938857
2017-04-27,0.005984709565744484
2017-04-28,0.0017663994843293712
2017-05-01,0.008858335895847681
2017-05-02,0.0016752700971588705
2017-05-03,-0.0032068524500417643
2017-05-04,0.000365032617705231
2017-05-05,0.0036417229127668404
2017-05-08,0.0021789898835901074
2017-05-09,0.00347614052756985
2017-05-10,0.0005783979799863873
2017-05-11,-0.0007952811867749703
2017-05-12,0.002239405854282801
2017-05-15,0.0031693104093135313
2017-05-16,0.0041628918460126065
2017-05-17,-0.025208777652977004
2017-05-18,0.00870731192447992
2017-05-19,0.004216762992224911
2017-05-22,0.008379973038954517
2017-05-23,0.0010068257210249804
2017-05-24,0.0045891880874787405
2017-05-25,0.008477069052032087
2017-05-26,0.0017720426305604113
2017-05-30,0.0008494938342836418
2017-05-31,-0.0003539252931897569
2017-06-01,0.0038856217497229804
2017-06-02,0.011356669750902118
2017-06-05,-0.00020967534555160845
2017-06-06,-0.003981680764391743
2017-06-07,0.003912455701734666
2017-06-08,0.001044968854489517
2017-06-09,-0.025208777652977004
2017-06-12,-0.005372413202882787
2017-06-13,0.008083088649738331
2017-06-14,-0.004355402201213284
2017-06-15,-0.00444627914388818
2017-06-16,-0.004347881046625405
2017-06-19,0.01658280365172985
2017-06-20,-0.007862468699784502
2017-06-21,0.009853728166281668
2017-06-22,-0.0002844358488563825
2017-06-23,0.0038310192935513687
2017-06-26,-0.004684124303344759
2017-06-27,-0.018305614310506372
2017-06-28,0.014314230389395643
2017-06-29,-0.017507222801180822
2017-06-30,0.0003635083588357789
2017-07-03,-0.010590672300464633
2017-07-05,0.00979141260747715
2017-07-06,-0.009057295259435718
2017-07-07,0.010727991433086078
2017-07-10,0.006511970352609346
2017-07-11,0.0028085829831398105
2017-07-12,0.0117962135568373
2017-07-13,0.0022009494121156157
2017-07-14,0.007840951832384625
2017-07-17,0.0004927946467698142
2017-07-18,0.006658585757333084
2017-07-19,0.0058514095156832965
2017-07-20,0.001318657229382159
2017-07-21,-0.0004160830068977476
2017-07-24,0.004568866956644877
2017-07-25,-0.002558526157826725
2017-07-26,0.0032495954898042355
2017-07-27,-0.006301181909401
2017-07-28,-0.0008341141612904871
2017-07-31,-0.004249829863412026
2017-08-01,0.0023008535360667455
2017-08-02,0.002713187437641645
2017-08-03,-0.003897984876819588
2017-08-04,0.0018117526590323118
2017-08-07,0.006314851469856511
2017-08-08,-0.0017307157156146603
2017-08-09,-0.0013172651280134555
2017-08-10,-0.021673775996684522
2017-08-11,0.007558322216660235
2017-08-14,0.012796227088524613
2017-08-15,0.0006940930187417973
2017-08-16,0.0017344131223108355
2017-08-17,-0.020658221802319028
2017-08-18,-0.0007079285897346331
2017-08-21,-0.0012751241717264843
2017-08-22,0.015127536399909863
2017-08-23,-0.0035677994898499193
2017-08-24,-0.0029475358749597815
2017-08-25,-0.0021107795648424585
2017-08-28,0.003094408154784019
2017-08-29,0.003924416380617172
2017-08-30,0.01168212641942029
2017-08-31,0.010658574000411519
2017-09-01,-0.0013689259095442914
2017-09-05,-0.00901297835885539
2017-09-06,0.003036214473365991
2017-09-07,0.00234016527235656
2017-09-08,-0.008699578271924325
2017-09-11,0.011445291690534052
2017-09-12,0.002396578625964902
2017-09-13,0.001367087961124755
2017-09-14,-0.005891319075939108
2017-09-15,0.003429456421610044
2017-09-18,-0.001310979913646904
2017-09-19,0.0017158805413544764
2017-09-20,-0.0030912393808172124
2017-09-21,-0.006141897027007129
2017-09-22,-0.0009697744747389745
2017-09-25,-0.010588063750025113
2017-09-26,0.0025879198850757177
2017-09-27,0.008969918339688474
2017-09-28,-0.00034647884814755045
2017-09-29,0.007176291746359534
2017-10-02,0.0008931637192594542
2017-10-03,0.0021272405677996136
2017-10-04,0.0009590125166844812
2017-10-05,0.009745158979171147
2017-10-06,0.001355365062511473
2017-10-09,-0.001152090441891759
2017-10-10,0.0007454230309849857
2017-10-11,0.0029765827441369792
2017-10-12,-0.0018255680703036174
2017-10-13,0.003849919277970548
2017-10-16,0.003432225377095968
2017-10-17,0.0012756727045730156
2017-10-18,-0.001208110268072981
2017-10-19,-0.0037022230691789587
2017-10-20,0.0026935007865718195
2017-10-23,-0.006543656426691221
2017-10-24,0.0016903584350777623
2017-10-25,-0.003791260816142528
2017-10-26,-0.0031929930015183305
2017-10-27,0.022905416265258074
2017-10-30,0.0022453950585309256
2017-10-31,0.00375333166575308
2017-11-01,-0.0003287526247577407
2017-11-02,-0.0019081151062617543
2017-11-03,0.00957135691816642
2017-11-06,0.0033862537423149253
2017-11-07,0.0005856581088343794
2017-11-08,0.004020773401485369
2017-11-09,-0.005256401949604915
2017-11-10,-6.543910927242827e-05
2017-11-13,0.001236127665947307
2017-11-14,-0.0036463255235509163
2017-11-15,-0.0047072272809609555
2017-11-16,0.01269804608763797
2017-11-17,-0.0038250913949110276
2017-11-20,-0.0007793086380651355
2017-11-21,0.010797181413958527
2017-11-22,0.00122146169974178
2017-11-24,0.003654222994191787
2017-11-27,-0.00044815408598342424
2017-11-28,0.0025580913983401423
2017-11-29,-0.01758825921317746
2017-11-30,0.008349192634665017
2017-12-01,-0.004262587783254468
2017-12-04,-0.011588734435527291
2017-12-05,0.0006544560414237992
2017-12-06,0.004505295142462269
2017-12-07,0.0033822340848736936
2017-12-08,0.004404762598067553
2017-12-11,0.007727034030341241
2017-12-12,-0.0013475534064230753
2017-12-13,0.0019251840123471272
2017-12-14,-0.0007057286022017125
2017-12-15,0.011290913044139312
2017-12-18,0.008349116612445143
2017-12-19,-0.005942975993360651
2017-12-20,-0.0010784893882077266
2017-12-21,0.000126695682491752
2017-12-22,-0.0011430842437405969
2017-12-26,-0.005415890042546296
2017-12-27,0.00012782093432970446
2017-12-28,0.0012127675238703679
2017-12-29,-0.006207971675494352
