Date,SPY
2011-01-04,-0.0005506760678059588
2011-01-05,0.005184085197460681
2011-01-06,-0.001960359028952324
2011-01-07,-0.001964757061547267
2011-01-10,-0.0012589691069611482
2011-01-11,0.0035369989877544195
2011-01-12,0.008984405317208262
2011-01-13,-0.001634725546044033
2011-01-14,0.007218770075567576
2011-01-18,0.001699907000162217
2011-01-19,-0.009853763504507779
2011-01-20,-0.0013264760734811034
2011-01-21,0.00226156250225914
2011-01-24,0.005670566389536576
2011-01-25,0.0005421747762819233
2011-01-26,0.0038633192910263402
2011-01-27,0.002464907279553134
2011-01-28,-0.01761701669797272
2011-01-31,0.007488074602163972
2011-02-01,0.015881998419885003
2011-02-02,-0.0019138324712435165
2011-02-03,0.0022196878008642167
2011-02-04,0.0028250012286518893
2011-02-07,0.006232835634118928
2011-02-08,0.004536515867201273
2011-02-09,-0.002265535083889699
2011-02-10,0.0003778455953804335
2011-02-11,0.0059526137166576515
2011-02-14,0.0024014314320573485
2011-02-15,-0.003152777934976276
2011-02-16,0.006295721383238005
2011-02-17,0.002983636878584469
2011-02-18,0.002083601689774335
2011-02-22,-0.020273918183287953
2011-02-23,-0.006163574459031414
2011-02-24,-0.0006870069003923416
2011-02-25,0.010635869453413228
2011-02-28,0.006177352438613804
2011-03-01,-0.016813221892027077
2011-03-02,0.002136455079218797
2011-03-03,0.01707762698530325
2011-03-04,-0.007520828494470379
2011-03-07,-0.007881994548780705
2011-03-08,0.008712232358482662
2011-03-09,-0.00143385900697133
2011-03-10,-0.018679860516342323
2011-03-11,0.006902596942043765
2011-03-14,-0.006056200735813309
2011-03-15,-0.011523167972566972
2011-03-16,-0.018686256123771526
2011-03-17,0.01314814778374008
2011-03-18,0.0036306946044052236
2011-03-21,0.015378890216109865
2011-03-22,-0.003474864912155808
2011-03-23,0.0028577690004972216
2011-03-24,0.009518522613315527
2011-03-25,0.0030507948476602618
2011-03-28,-0.0024399966610957158
2011-03-29,0.006696073882014821
2011-03-30,0.006877582889213423
2011-03-31,-0.0013568331244806831
2011-04-01,0.004214458749786184
2011-04-04,0.0008260688580462077
2011-04-05,-0.00014986662678462287
2011-04-06,0.0031470847876582924
2011-04-07,-0.002547307416777905
2011-04-08,-0.0034560647144959928
2011-04-11,-0.0030150686975922948
2011-04-12,-0.007502487110625668
2011-04-13,-7.598842283510033e-05
2011-04-14,0.0007607533563846521
2011-04-15,0.003641557030835833
2011-04-18,-0.01127177200664923
2011-04-19,0.005727886230855705
2011-04-20,0.013539628431769072
2011-04-21,0.005096087397232616
2011-04-25,-0.0010470125854552155
2011-04-26,0.008568813883760167
2011-04-27,0.00650683060089369
2011-04-28,0.0032379705026816985
2011-04-29,0.0023485770523619504
2011-05-02,-0.0015404655881861992
2011-05-03,-0.0036039425741190225
2011-05-04,-0.006652484911317277
2011-05-05,-0.009089801499413956
2011-05-06,0.004405991488110269
2011-05-09,0.003867584631671332
2011-05-10,0.008499973625138145
2011-05-11,-0.010580462027756192
2011-05-12,0.004749057628163196
2011-05-13,-0.007729155749016185
2011-05-16,-0.006361328721810341
2011-05-17,-0.0001504658198616653
2011-05-18,0.008896818895010001
2011-05-19,0.0023784673903035386
2011-05-20,-0.007976481339952188
2011-05-23,-0.011668411595030284
2011-05-24,-0.0008338031787400358
2011-05-25,0.003329329406406066
2011-05-26,0.00459696037505354
2011-05-27,0.0038270706813773605
2011-05-31,0.010357385022064713
2011-06-01,-0.022716902227399204
2011-06-02,-0.0010622604955096242
2011-06-03,-0.009994455482011236
2011-06-06,-0.010637582230894732
2011-06-07,-0.0006199071749979192
2011-06-08,-0.004196478877977721
2011-06-09,0.007602332049666129
2011-06-10,-0.01400807735496425
2011-06-13,0.0007833700108060904
2011-06-14,0.012606448767021066
2011-06-15,-0.01794566224051439
2011-06-16,0.002202200224074783
2011-06-17,0.002979535357930541
2011-06-20,0.005103181094152975
2011-06-21,0.013611146266135729
2011-06-22,-0.006043807970862428
2011-06-23,-0.00287991960854219
2011-06-24,-0.011681649845077906
2011-06-27,0.00887165127298562
2011-06-28,0.012968841127071503
2011-06-29,0.00852738631607428
2011-06-30,0.009516956013483962
2011-07-01,0.014667908862806656
2011-07-05,-0.0008215471445801965
2011-07-06,0.0011950421270767782
2011-07-07,0.0103219279605323
2011-07-08,-0.007116921378816743
2011-07-11,-0.01824641042701878
2011-07-12,-0.004328364480775521
2011-07-13,0.0033429162304923665
2011-07-14,-0.006926291203816211
2011-07-15,0.005787941194752567
2011-07-18,-0.008235050873491656
2011-07-19,0.01610153170382095
2011-07-20,-0.0006030360619661839
2011-07-21,0.013775792311518372
2011-07-22,0.0006689471165030616
2011-07-25,-0.005588501416029619
2011-07-26,-0.003743094124497653
2011-07-27,-0.02068797726139215
2011-07-28,-0.00291423906515085
2011-07-29,-0.006857807766618881
2011-08-01,-0.004261603710059081
2011-08-02,-0.025208763771856067
2011-08-03,0.005404016651836957
2011-08-04,-0.025208763771856067
2011-08-05,-0.001497907035112302
2011-08-08,-0.025208763771856067
2011-08-09,0.022905365602345837
2011-08-10,-0.025208763771856067
2011-08-11,0.022905365602345837
2011-09-08,-0.010446127281421472
2011-09-09,-0.025208763771856067
2011-09-12,0.006449078791610045
2011-09-13,0.009129211040491487
2011-09-14,0.013749286452644107
2011-09-15,0.01711001643249297
2011-09-16,0.005901138119342127
2011-09-19,-0.010007131121403954
2011-09-20,-0.0011645808521985803
2011-09-21,-0.025208763771856067
2011-09-22,-0.025208763771856067
2011-09-23,0.0060072981112540445
2011-09-26,0.022905365602345837
2011-09-27,0.011121733945301296
2011-09-28,-0.020630176048250747
2011-09-29,0.007872341267173021
2011-09-30,-0.025208763771856067
2011-10-03,-0.025208763771856067
2011-10-04,0.021685550731538824
2011-10-05,0.018346186591776153
2011-10-06,0.017929758304667257
2011-10-07,-0.006718420845335486
2011-10-10,0.022905365602345837
2011-10-11,0.0010031362671273027
2011-10-12,0.008733503390503472
2011-10-13,-0.0019893202102812357
2011-10-14,0.016949461263720718
2011-10-17,-0.019275863925958803
2011-10-18,0.019357423655072228
2011-10-19,-0.011899556396397021
2011-10-20,0.004365901607229776
2011-10-21,0.018809382496328648
2011-10-24,0.012186420646898214
2011-10-25,-0.019635050776359252
2011-10-26,0.010107305208295085
2011-10-27,0.022905365602345837
2011-10-28,-0.00023334100065749115
2011-10-31,-0.024401125802284023
2011-11-01,-0.025208763771856067
2011-11-02,0.01618009731763725
2011-11-03,0.01806330917863737
2011-11-04,-0.006117907795695677
2011-11-07,0.0061970126271439305
2011-11-08,0.01274877722735675
2011-11-09,-0.025208763771856067
2011-11-10,0.00937469576227173
2011-11-11,0.018647424936802295
2011-11-14,-0.00951946669408972
2011-11-15,0.004929891400829148
2011-11-16,-0.015989909514095856
2011-11-17,-0.016004106148695196
2011-11-18,-0.001065523099700817
2011-11-21,-0.019203060995759393
2011-11-22,-0.003935077531319299
2011-11-23,-0.022312810889254103
2011-11-25,-0.0018893645319986395
2011-11-28,0.022905365602345837
2011-11-29,0.002836434622123257
2011-11-30,0.022905365602345837
2011-12-01,-0.00015958841123999017
2011-12-02,-0.0008804289680048213
2011-12-05,0.010832673930442615
2011-12-06,0.000317155740683268
2011-12-07,0.0037156038500095285
2011-12-08,-0.0221807438012941
2011-12-09,0.016800212540292597
2011-12-12,-0.014704668872104129
2011-12-13,-0.00938287686878877
2011-12-14,-0.010703502711043245
2011-12-15,0.003607933837543969
2011-12-16,0.001481510016140049
2011-12-19,-0.01074902750380456
2011-12-20,0.022905365602345837
2011-12-21,0.0019341390094552414
2011-12-22,0.008819783253894336
2011-12-23,0.008901195623829397
2011-12-27,0.000790767123019351
2011-12-28,-0.013210531330170472
2011-12-29,0.010281425257533467
2011-12-30,-0.004928229296151775
2012-01-03,0.01581047881578776
2012-01-04,0.0015676147413052172
2012-01-05,0.0026588161941370923
2012-01-06,-0.0025807210863060125
2012-01-09,0.0024247752279575553
2012-01-10,0.00863305668054664
2012-01-11,0.0005417684154406683
2012-01-12,0.002396619183361895
2012-01-13,-0.005186939124324645
2012-01-17,0.003873428831247279
2012-01-18,0.010995648847445494
2012-01-19,0.005262394386070825
2012-01-20,0.003720501976972538
2012-01-23,-0.0025801487970980815
2012-01-24,-0.0011403531798743409
2012-01-25,0.008332498670990104
2012-01-26,-0.005142692449478116
2012-01-27,-0.0004550957897830108
2012-01-30,-0.0034197249857076434
2012-01-31,-0.00038024734183067304
2012-02-01,0.008718579155273689
2012-02-02,0.001584162005706811
2012-02-03,0.013921407864450808
2012-02-06,-0.0006693274183034426
2012-02-07,0.0025259340422645526
2012-02-08,0.0029628719246670822
2012-02-09,0.001256923304320194
2012-02-10,-0.007415070065148834
2012-02-13,0.00741507006514889
2012-02-14,-0.0012569233043203199
2012-02-15,-0.0046709447012048474
2012-02-16,0.011012556846915605
2012-02-17,0.0026422837215777325
2012-02-21,0.00043985727119663306
2012-02-22,-0.003229334346544404
2012-02-23,0.0044009856574768755
2012-02-24,0.0021936775823996513
2012-02-27,0.0016780363724578909
2012-02-28,0.0029118926223951004
2012-02-29,-0.003933146838931768
2012-03-01,0.005168145293834885
2012-03-02,-0.0030538310614466086
2012-03-05,-0.004086668410522377
2012-03-06,-0.014733181434081056
2012-03-07,0.006951712577861709
2012-03-08,0.009899881892210485
2012-03-09,0.0038597980073273547
2012-03-12,7.277553063338168e-05
2012-03-13,0.0178656098307549
2012-03-14,-0.0010720043784336916
2012-03-15,0.005772921041423331
2012-03-16,0.0013839566181765238
2012-03-19,0.003912630944531092
2012-03-20,-0.0029156544664312675
2012-03-21,-0.00163878075895756
2012-03-22,-0.007229894306503757
2012-03-23,0.0032277111998506697
2012-03-26,0.013937812261877259
2012-03-27,-0.003112212179185496
2012-03-28,-0.004970890975050253
2012-03-29,-0.0017100669922897758
2012-03-30,0.0041275349358360445
2012-04-02,0.0072878172190832535
2012-04-03,-0.004097021552973433
2012-04-04,-0.009960094381322884
2012-04-05,-0.0005007085268817588
2012-04-09,-0.011294711359328805
2012-04-10,-0.016927449380697845
2012-04-11,0.008061578473477124
2012-04-12,0.012980992416946438
2012-04-13,-0.01195951813053906
2012-04-16,-0.0006564563343413579
2012-04-17,0.014703597644747988
2012-04-18,-0.0033853435217317367
2012-04-19,-0.006441317756255801
2012-04-20,0.0016683151540596434
2012-04-23,-0.008444262741948276
2012-04-24,0.003794564273760618
2012-04-25,0.013598654882098521
2012-04-26,0.006944441497018208
2012-04-27,0.0016397797379192182
2012-04-30,-0.0037108846960673407
2012-05-01,0.006200766294927004
2012-05-02,-0.002988699473044949
2012-05-03,-0.0076548171934396675
2012-05-04,-0.016289812054109697
2012-05-07,0.0007297612574001545
2012-05-08,-0.004019583180261856
2012-05-09,-0.005949491641694257
2012-05-10,0.002060554785040473
2012-05-11,-0.0030189159658407434
2012-05-14,-0.011122998775731618
2012-05-15,-0.005758039823239775
2012-05-16,-0.0038321311176036108
2012-05-17,-0.014942080809821968
2012-05-18,-0.008595461347419047
2012-05-21,0.01704206389731865
2012-05-22,0.0017414551637681182
2012-05-23,0.0005293748334583446
2012-05-24,0.001963621822044556
2012-05-25,-0.0032496699561720987
2012-05-29,0.012039106497133117
2012-05-30,-0.014616322375523452
2012-05-31,-0.0022032141610787053
2012-06-01,-0.025208763771856067
2012-06-04,-0.0004681572558041198
2012-06-05,0.007543531152871166
2012-06-06,0.022219672590499274
2012-06-07,0.0006060100959430318
2012-06-08,0.00792000834171103
2012-06-11,-0.012778181950738265
2012-06-12,0.01142501967658659
2012-06-13,-0.006415070508001367
2012-06-14,0.010544492409858138
2012-06-15,0.010175239044700591
2012-06-18,0.0019365672351076908
2012-06-19,0.009626267179180078
2012-06-20,-0.001622878137551609
2012-06-21,-0.022694258022312643
2012-06-22,0.007672215108242148
2012-06-25,-0.01616466260577029
2012-06-26,0.00501288672324026
2012-06-27,0.008976580391627189
2012-06-28,-0.0028578026731190826
2012-06-29,0.022905365602345837
2012-07-02,0.003008340133481576
2012-07-03,0.006570783060876309
2012-07-05,-0.0045222349190618405
2012-07-06,-0.00954898381030022
2012-07-09,-0.0012554771136343665
2012-07-10,-0.00875831646154465
2012-07-11,0.00014907227346956276
2012-07-12,-0.0048564409972773346
2012-07-13,0.016638594535265585
2012-07-16,-0.002360181669733659
2012-07-17,0.0068433377005002426
2012-07-18,0.0073795871070551815
2012-07-19,0.0026171162573092434
2012-07-20,-0.009190171722974238
2012-07-23,-0.01016373007470207
2012-07-24,-0.008624037538121843
2012-07-25,0.00022427472177237234
2012-07-26,0.01636243663803896
2012-07-27,0.01826530277778077
2012-07-30,0.0
2012-07-31,-0.007019282816732828
2012-08-01,-0.000871550934264599
2012-08-02,-0.006928720647844374
2012-08-03,0.01963944415441194
2012-08-06,0.0019354684342952062
2012-08-07,0.005000869008820905
2012-08-08,0.0012108367750333633
2012-08-09,0.0008539112014056033
2012-08-10,0.0016342682185942333
2012-08-13,-0.0004969900824179237
2012-08-14,0.000142257297367717
2012-08-15,0.001135756262610156
2012-08-16,0.0073513088804553145
2012-08-17,0.0013371310547978265
2012-08-20,7.022226298978425e-05
2012-08-21,-0.003028714539729305
2012-08-22,0.0004231877270136067
2012-08-23,-0.008212897277655715
2012-08-24,0.00602461075003083
2012-08-27,0.0002117855929298048
2012-08-28,-0.0009891715646404267
2012-09-25,-0.010699123730703801
2012-09-26,-0.005636158546540383
2012-09-27,0.00937719868902439
2012-09-28,-0.004642948995180178
2012-10-01,0.0026359528578526756
2012-10-02,0.001038400546006625
2012-10-03,0.004074602760252472
2012-10-04,0.007142462217065838
2012-10-05,6.82897072901761e-05
2012-10-08,-0.0034269314234129287
2012-10-09,-0.009936303749845964
2012-10-10,-0.006400839389685073
2012-10-11,0.0005582531388376356
2012-10-12,-0.003283822876908791
2012-10-15,0.008293593620808403
2012-10-16,0.01008247968776207
2012-10-17,0.0045245240120532545
2012-10-18,-0.0026026199653939788
2012-10-19,-0.016804873141433235
2012-10-22,0.00013951886623843373
2012-10-23,-0.01397334805327004
2012-10-24,-0.0028330467188665454
2012-10-25,0.0029038142545638784
2012-10-26,-0.0005660090164185301
2012-10-31,0.0
2012-11-01,0.01041576050656111
2012-11-02,-0.008931110176376681
2012-11-05,0.0020464437505940793
2012-11-06,0.0077947777114740465
2012-11-07,-0.022924535828024065
2012-11-08,-0.012096874623325041
2012-11-09,0.0008691008799898584
2012-11-12,0.0007958277470747774
2012-11-13,-0.0034780315177022616
2012-11-14,-0.013590383850965294
2012-11-15,-0.001693755938126742
2012-11-16,0.004925140869689733
2012-11-19,0.020037439808931783
2012-11-20,0.00043096461371919416
2012-11-21,0.0018663104993839367
2012-11-23,0.013532925547102087
2012-11-26,-0.002124847413739573
2012-11-27,-0.005117734318884519
2012-11-28,0.0080204563136385
2012-11-29,0.004654718327081316
2012-11-30,0.0002114446518085643
2012-12-03,-0.004936779846426233
2012-12-04,-0.001415151862615143
2012-12-05,0.00176872885575516
2012-12-06,0.0033860469481445943
2012-12-07,0.00302383037833904
2012-12-10,0.00042205120811542865
2012-12-11,0.0067850346526519825
2013-01-09,0.0025388909204695086
2013-01-10,0.007918062945638803
2013-01-11,-6.776407764055785e-05
2013-01-14,-0.000680097681860215
2013-01-15,0.0006800976818600722
2013-01-16,-0.00013586590775000647
2013-01-17,0.006438835163917746
2013-01-18,0.0022277391496690183
2013-01-22,0.005378561892005948
2013-01-23,0.0016083837050345701
2013-01-24,0.00026768508339776724
2013-01-25,0.0056064829888520405
2013-01-28,-0.0011986280096565169
2013-01-29,0.003923723774699824
2013-01-30,-0.003923723774699703
2013-01-31,-0.00246891213054599
2013-02-01,0.010235065487298928
2013-02-04,-0.011304542282458136
2013-02-05,0.010047218854975138
2013-02-06,0.0007278579899248766
2013-02-07,-0.0013237552512493866
2013-02-08,0.005548888360678135
2013-02-11,-0.0001974861141540622
2013-02-12,0.0016456135520288553
2013-02-13,0.0008548579331116134
2013-02-14,0.0009193232433372813
2013-02-15,-0.0011819365187419261
2013-02-19,0.007466319594514663
2013-02-20,-0.012541330769634984
2013-02-21,-0.006097362498405276
2013-02-22,0.009725104248209665
2013-02-25,-0.019210641044669054
2013-02-26,0.006822397080120637
2013-02-27,0.01251984347968938
2013-02-28,-0.001977007555676275
2013-03-01,0.003292677465851203
2013-03-04,0.0053112369577256475
2013-03-05,0.008918535450173133
2013-03-06,0.001360329776965667
2013-03-07,0.00181036575051483
2013-03-08,0.004255190819850631
2013-03-11,0.0037883052162549667
2013-03-12,-0.0022455304029035954
2013-03-13,0.0014121835048855696
2013-03-14,0.005309823208910331
2013-03-15,-0.001321238608517379
2013-03-18,-0.0055338938524138815
2013-03-19,-0.0023258557210339105
2013-03-20,0.006961340060718887
2013-03-21,-0.008579506562380915
2013-03-22,0.00800131335216207
2013-03-25,-0.004186639001811467
2013-03-26,0.00797090944900869
2013-03-27,0.0
2013-03-28,0.003068387555716457
2013-04-01,-0.003965029238121494
2013-04-02,0.004922244943593522
2013-04-03,-0.010191196410104785
2013-04-04,0.004050328088670534
2013-04-05,-0.004501412845119553
2013-04-08,0.006744513118237581
2013-04-09,0.003451137028472684
2013-04-10,0.012174257605194519
2013-04-11,0.003271699454611852
2013-04-12,-0.0024527556085015244
2013-04-15,-0.023446207749561163
2013-04-16,0.01465494523942869
2013-04-17,-0.014719340494468401
2013-04-18,-0.006273763172267136
2013-04-19,0.008656192639461196
2013-04-22,0.004428087546987401
2013-04-23,0.010256362570292577
2013-04-24,0.0006332361172521553
2013-04-25,0.004045912214274652
2013-04-26,-0.0017678741579414503
2013-04-29,0.0066761947087835205
2013-04-30,0.0023827515416981744
2013-05-01,-0.008805884589656839
2013-05-02,0.009243847017771065
2013-05-03,0.010089806005408332
2013-05-06,0.00253787722793496
2013-05-07,0.005055463240316871
2013-05-08,0.0045413971542037435
2013-05-09,-0.0028207113046457076
2013-05-10,0.0032487460291395834
2013-05-13,0.0007951982147576405
2013-05-14,0.010280327549248038
2013-05-15,0.005372362310077243
2013-05-16,-0.004706508394434744
2013-05-17,0.009630674569996651
2013-05-20,-6.011982257481855e-05
2013-05-21,0.0014372261005401478
2013-05-22,-0.0074458107454351465
2013-05-23,-0.002896329917193288
2013-05-24,-0.0008470675440555607
2013-05-28,0.005970818005682201
2013-05-29,-0.006515527316293651
2013-05-30,0.003685829881738475
2013-05-31,-0.014456597018201216
2013-06-03,0.005491082967579377
2013-06-04,-0.00481809639030688
2013-06-05,-0.014099889028742025
2013-06-06,0.00901226943438482
2013-06-07,0.012640452189062677
2013-06-10,0.0
2013-06-11,-0.010369513204836008
2013-06-12,-0.008311448850956714
2013-06-13,0.01509417902250156
2013-06-14,-0.006292095167333154
2013-06-17,0.0076919647607040665
2013-06-18,0.007874347350263511
2013-06-19,-0.013913253082321093
2013-06-20,-0.025090453284984094
2013-06-21,0.003205074961777283
2013-06-24,-0.012716207710130564
2013-06-25,0.009568498908475961
2013-06-26,0.009852161094297932
2013-06-27,0.00585255043356919
2013-06-28,-0.0041058205739712165
2013-07-01,0.005842483266399107
2013-07-02,-0.0009301137102324543
2013-07-03,0.0004338642903828763
2013-07-05,0.01073135361572077
2013-07-08,0.005688448108764061
2013-07-09,0.007171475708501319
2013-07-10,0.0003634764591888524
2013-07-11,0.013528596088478444
2013-07-12,0.0004178373798969459
2013-07-15,0.0038136450632140734
2013-07-16,-0.003754048726422196
2013-07-17,0.00256378302438884
2013-07-18,0.005462702727256677
2013-07-19,0.00177543159684249
2013-07-22,0.001948550387966706
2013-07-23,-0.0021262753383788865
2013-07-24,-0.0036722327912883986
2013-07-25,0.0024302892425695794
2013-07-26,0.001064744986107781
2013-07-29,-0.0030794263558829213
2013-07-30,0.0
2013-07-31,0.0007112380608509351
2013-08-01,0.011492142852899168
2013-08-02,0.0016974347051855506
2013-08-05,-0.001463248777738491
2013-08-06,-0.005698251703779283
2013-08-07,-0.003246511484856371
2013-08-08,0.003658934654654938
2013-08-09,-0.0028900946791657243
2013-08-12,-0.0011822172721678132
2013-08-13,0.002952147865241208
2013-08-14,-0.00514249381692959
2013-08-15,-0.014084726397413247
2013-08-16,-0.003311305508199424
2013-08-19,-0.006412156298260344
2013-08-20,0.0049038098835251795
2013-08-21,-0.006179400515621321
2013-08-22,0.009073932798504387
2013-08-23,0.003366191355657796
2013-08-26,-0.0037281042556762795
2013-08-27,-0.016214456461588648
2013-08-28,0.0035449870247440123
2013-08-29,0.0015842849094262067
2013-08-30,-0.003172006313589218
2013-09-03,0.0045117012721726905
2013-09-04,0.008239143917918253
2013-09-05,0.0012658694044619394
2013-09-06,0.0004818039524046068
2013-09-09,0.009530684883058096
2013-09-10,0.007369584216344681
2013-09-11,0.003133933275865227
2013-09-12,-0.002660206341082364
2013-09-13,0.0022463631583400255
2013-09-16,0.005771185353385067
2013-09-17,0.004452706918566885
2013-09-18,0.011507364001941644
2013-09-19,-0.0016768186883004612
2013-09-20,-0.007016123331316488
2013-09-23,-0.004638526319811935
2013-09-24,-0.0023566020130210766
2013-09-25,-0.002894198760831762
2013-09-26,0.003837705314372885
2013-09-27,-0.004607150328877955
2013-09-30,-0.005342392518670656
2013-10-01,0.007884762864054406
2013-10-02,-0.0009451245958911973
2013-10-03,-0.009263818431968093
2013-10-04,0.007548263713349808
2013-10-07,-0.008682545242804079
2013-10-08,-0.01171462302579351
2013-10-09,0.0007249424646262498
2013-10-10,0.02132861118130511
2013-10-11,0.006422541384468731
2013-10-14,0.003986169402694498
2013-10-15,-0.007280206162814928
2013-10-16,0.013868958857992473
2013-10-17,0.0066612069401836334
2013-10-18,0.006731288945028836
2013-10-21,5.761365843750202e-05
2013-10-22,0.0057745394766492075
2013-10-23,-0.004800455939511832
2013-10-24,0.0033171355720137065
2013-10-25,0.004556951656628351
2013-10-28,0.0015898692850870495
2013-10-29,0.005320074228929891
2013-10-30,-0.0049794350140777875
2013-10-31,-0.002840110879139592
2013-11-01,0.002386396841619115
2013-11-04,0.003512132509189703
2013-11-05,-0.003171561324549433
2013-11-06,0.005092577866958076
2013-11-07,-0.012723824068589925
2013-11-08,0.013401161653478832
2013-11-11,0.00016873317176887992
2013-11-12,-0.002032198222878271
2013-11-13,0.007992641997644821
2013-11-14,0.004976864889884589
2013-11-15,0.0043413757072397075
2013-11-18,-0.003505316546311997
2013-11-19,-0.00217590177866316
2013-11-20,-0.0031330528709915696
2013-11-21,0.008036361536061928
2013-11-22,0.004990217163265997
2013-11-25,-0.0009961780056196943
2013-11-26,0.0002765269398520582
2013-11-27,0.0024325303357679356
2013-11-29,-0.0006624911745486631
2013-12-02,-0.0026002656057391186
2013-12-03,-0.004329911926409871
2013-12-04,-0.00011138281144864489
2013-12-05,-0.004405165908636368
2013-12-06,0.011114745141286403
2013-12-09,0.002539305060773303
2013-12-10,-0.003589834300692683
2013-12-11,-0.011294086200649285
2013-12-12,-0.0033071702203474602
2013-12-13,-0.00011197408960790541
2013-12-16,0.0062124435346013135
2013-12-17,-0.0031854407390481828
2013-12-18,0.01692859597406451
2013-12-19,-0.0011565387060630558
2013-12-20,0.0058001257539890645
2013-12-23,0.005328477734807656
2013-12-24,0.002188778329375168
2013-12-26,0.005071392356255595
2013-12-27,-5.45573164112412e-05
2013-12-30,-0.00016338496287082423
2013-12-31,0.004721594620346594
2014-01-02,-0.009629675173981419
2014-01-03,-0.0001640114717752748
2014-01-06,-0.0029020144466864435
2014-01-07,0.006122781852985216
2014-01-08,0.00021824430887863207
2014-01-09,0.0006533284190469678
2014-01-10,0.002719222749221357
2014-01-13,-0.013394486149339212
2014-01-14,0.010838503408501005
2014-01-15,0.005375869263399672
2014-01-16,-0.0013004669058878998
2014-01-17,-0.0042386423658949245
2014-01-21,0.002936177791642467
2014-01-22,0.0006512923120317492
2014-01-23,-0.008226982003920724
2014-01-24,-0.021566624873468245
2014-01-27,-0.004931398977563884
2014-01-28,0.0059370483777068245
2014-01-29,-0.009651622627516312
2014-01-30,0.010544546019200293
2014-01-31,-0.005875437109614638
2014-02-03,-0.02276252099917464
2014-02-04,0.006980457365762807
2014-02-05,-0.001254930476418809
2014-02-06,0.01310066452486044
2014-02-07,0.012319549203316814
2014-02-10,0.0018350309848700686
2014-02-11,0.01088388479513661
2014-02-12,0.0004947211629906682
2014-02-13,0.0051499951429933655
2014-02-14,0.005503412406128469
2014-02-18,0.001194613951403619
2014-02-19,-0.006643626881549976
2014-02-20,0.00588376761570643
2014-02-21,-0.001141482058652487
2014-02-24,0.005531599031395584
2014-02-25,-0.00037878388397596474
2014-02-26,5.4265125166389985e-05
2014-02-27,0.005233686721622974
2014-02-28,0.0025260447341046714
2014-03-03,-0.007056572235848182
2014-03-04,0.013957552419861628
2014-03-05,0.000905758395646768
2014-03-06,0.002287713459695151
2014-03-07,0.0004250465935595636
2014-03-10,-0.0005313612948038744
2014-03-11,-0.0049549108281274215
2014-03-12,0.0002668361532632283
2014-03-13,-0.011276242778732203
2014-03-14,-0.0028120579869160586
2014-03-17,0.009002990274008577
2014-03-18,0.007112434787083514
2014-03-19,-0.0053431373323793215
2014-03-20,0.005822688953348895
2014-03-21,-0.0038861130631901142
2014-03-24,-0.004143948510385459
2014-03-25,0.004734541819201104
2014-03-26,-0.00721821980506596
2014-03-27,-0.002110657425638444
2014-03-28,0.004917721411106229
2014-03-31,0.008161136738718896
2014-04-01,0.006609013054315745
2014-04-02,0.003341171094883059
2014-04-03,-0.0013249546288167755
2014-04-04,-0.011892111917478836
2014-04-07,-0.01111333896999577
2014-04-08,0.004114651285250584
2014-04-09,0.010693483866529106
2014-04-10,-0.02122989975453071
2014-04-11,-0.009049214317167646
2014-04-14,0.00784765113486553
2014-04-15,0.006863483723914824
2014-04-16,0.01042368631712134
2014-04-17,0.001395619989333743
2014-04-21,0.0034813476776857136
2014-04-22,0.0045343435474648
2014-04-23,-0.0023446611506956765
2014-04-24,0.0020250106351745365
2014-04-25,-0.008232671619602453
2014-04-28,0.003161639354985835
2014-04-29,0.0046450027462708295
2014-04-30,0.0029782046120633765
2014-05-01,0.00010605951390440412
2014-05-02,-0.0014342367377576759
2014-05-05,0.0019121549938093422
2014-05-06,-0.008742010583938302
2014-05-07,0.005872157759021329
2014-05-08,-0.0010653286479508806
2014-05-09,0.0014904697322156053
2014-05-12,0.009689495104058048
2014-05-13,0.0008957876252411825
2014-05-14,-0.004749585073117608
2014-05-15,-0.008819060410373352
2014-05-16,0.003462716144740836
2014-05-19,0.003662436453522797
2014-05-20,-0.006325129026072676
2014-05-21,0.008389412093718084
2014-05-22,0.002429016480646203
2014-05-23,0.0040008407652418095
2014-05-27,0.006127511153321104
2014-05-28,-0.0007310558895587098
2014-05-29,0.005159471501515004
2014-05-30,0.0016100457638729801
2014-06-02,0.0011411482867316382
2014-06-03,-0.0005184195763948949
2014-06-04,0.0020207611077587236
2014-06-05,0.006500991650866073
2014-06-06,0.004771395578920016
2014-06-09,0.0010232697707939884
2014-06-10,0.00010202221250140701
2014-06-11,-0.0034828128165343914
2014-06-12,-0.007104941440049329
2014-06-13,0.0030443430278538656
2014-06-16,0.000823413643132146
2014-06-17,0.0027756845301221884
2014-06-18,0.007312326933643926
2014-06-19,0.0011207231228571232
2014-06-20,0.002028197452474459
2014-06-23,-0.000305998985382709
2014-06-24,-0.006042379165754149
2014-06-25,0.004509274742848674
2014-06-26,-0.0007160581740628054
2014-06-27,0.00194269188078534
2014-06-30,-0.0005112770351724183
2014-07-01,0.006671107001920595
2014-07-02,0.0010147483946621927
2014-07-03,0.004905966062811274
2014-07-07,-0.003487345875415204
2014-07-08,-0.006450344902117223
2014-07-09,0.004473778086463786
2014-07-10,-0.003964892832592815
2014-07-11,0.0013744960787545662
2014-07-14,0.005022561707780632
2014-07-15,-0.0018742183256849818
2014-07-16,0.0036946315098705922
2014-07-17,-0.01143126962466075
2014-07-18,0.010167448076529844
2014-07-21,-0.001873362041758289
2014-07-22,0.004348518142830094
2014-07-23,0.002217411010506597
2014-07-24,5.0406365225835426e-05
2014-07-25,-0.004692236418043058
2014-07-28,0.00040411955413248364
2014-07-29,-0.0043063021046094736
2014-07-30,0.00015232094249297766
2014-07-31,-0.019945761341024635
2014-08-01,-0.0030606654766230546
2014-08-04,0.007195448693917084
2014-08-05,-0.009743410858994635
2014-08-06,0.0003118763522292782
2014-08-07,-0.005429297848023825
2014-08-08,0.011502636352315257
2014-08-11,0.0028935917970773772
2014-08-12,-0.00139434408295202
2014-08-13,0.006746152738132477
2014-08-14,0.004711039776425263
2014-08-15,-0.00020480691157812449
2014-08-18,0.008344777563012563
2014-08-19,0.005205241863227763
2014-08-20,0.002668236078542054
2014-08-21,0.0029114690529294563
2014-08-22,-0.0015553461417001774
2014-08-25,0.005057796336528777
2014-08-26,0.0006488729445491214
2014-08-27,-0.00039901486919836763
2014-08-28,-0.0005496222329221589
2014-08-29,0.002844137970139638
2014-09-02,-0.0004988173943870387
2014-09-03,-0.0005479897183726458
2014-09-04,-0.00144783044523977
2014-09-05,0.004485305964234167
2014-09-08,-0.0025887624375428983
2014-09-09,-0.006351635494001898
2014-09-10,0.003755876440856591
2014-09-11,0.0011492254118068011
2014-09-12,-0.0058588268497281335
2014-09-15,-0.0007536083013493979
2014-09-16,0.0075106476947355725
2014-09-17,0.001345393021338872
2014-09-18,0.00531604100638318
2014-09-19,-0.0009013335005369327
2014-09-22,-0.007753237213925105
2014-09-23,-0.005740680598507237
2014-09-24,0.00779742354901753
2014-09-25,-0.016267226511612557
2014-09-26,0.00791403474532208
2014-09-29,-0.0018206928235154013
2014-09-30,-0.0026352986221749902
2014-10-01,-0.013645130701639606
2014-10-02,0.00015439860471010963
2014-10-03,0.010949154156463197
2014-10-06,-0.0011709587834981057
2014-10-07,-0.015556828460224553
2014-10-08,0.017338329094432555
2014-10-09,-0.020032833234179124
2014-10-10,-0.011479653531073422
2014-10-13,-0.01656320312294276
2014-10-14,0.001545926540809017
2014-10-15,-0.006788937529344561
2014-10-16,-0.0008587776929851861
2014-10-17,0.01174166279182948
2014-10-20,0.009662646824528123
2014-10-21,0.019617629368917543
2014-10-22,-0.007136445543879287
2014-10-23,0.011557674020658038
2014-10-24,0.0076658291355894215
2014-10-27,-0.0013754556205986422
2014-10-28,0.011404982284860359
2014-10-29,-0.0015130954752279292
2014-10-30,0.006390049229579231
2014-10-31,0.011370553212532492
2014-11-03,0.0005452258580153757
2014-11-04,-0.0034752612529798067
2014-11-05,0.006296093872190068
2014-11-06,0.003995280404196547
2014-11-07,0.0009348622706306873
2014-11-10,0.003142604644935925
2014-11-11,0.0009797826522242692
2014-11-12,-0.001077867930136286
2014-11-13,0.001127129600560754
2014-11-14,0.0002449189810784947
2014-11-17,0.0006361481969997165
2014-11-18,0.0057571176555476725
2014-11-19,-0.0016067194146390476
2014-11-20,0.0017527953754737612
2014-11-21,0.005336207314270702
2014-11-24,0.00280235519127087
2014-11-25,-0.0007240466439437266
2014-11-26,0.002555872483803628
2014-11-28,-0.002121363809248699
2014-12-01,-0.006974180508155551
2014-12-02,0.006443157894755902
2014-12-03,0.003855880148486739
2014-12-04,-0.0011070580016597088
2014-12-05,0.0016358604023723536
2014-12-08,-0.006705064270250745
2014-12-09,-0.0006779644647219395
2014-12-10,-0.016161007023859458
2014-12-11,0.005057090492419194
2014-12-12,-0.01629360280502882
2014-12-15,-0.006892966170477743
2014-12-16,-0.008052166573249345
2014-12-17,0.01941516983387437
2014-12-18,0.022905365602345837
2014-12-19,0.004245672154882854
2014-12-22,0.004589581385501086
2014-12-23,0.0013484197163306424
2014-12-24,9.638472202914096e-05
2014-12-26,0.0032194442667635263
2014-12-29,0.0013425003173582887
2014-12-30,-0.00538031959576189
2014-12-31,-0.00997256961783508
2015-01-02,-0.0005351379431903134
2015-01-05,-0.01822514949659483
2015-01-06,-0.009463642185249982
2015-01-07,0.012384362474357367
2015-01-08,0.017589292151500586
2015-01-09,-0.008045932875846463
2015-01-12,-0.007864081801712323
2015-01-13,-0.0028166231234193918
2015-01-14,-0.0060557710235790005
2015-01-15,-0.00920254844536949
2015-01-16,0.013028989959118715
2015-01-20,0.002130412093325094
2015-01-21,0.005035060676007284
2015-01-22,0.014761509408269733
2015-01-23,-0.005497883577785636
2015-01-26,0.0023393005572041503
2015-01-27,-0.013278555020701991
2015-01-28,-0.012907028916650368
2015-01-29,0.009200991382139511
2015-01-30,-0.012654751440453572
2015-02-02,0.012308025771914477
2015-02-03,0.014357726643407134
2015-02-04,-0.0038150263029718594
2015-02-05,0.010044179444649911
2015-02-06,-0.0027691404219508755
2015-02-09,-0.0044858867757477505
2015-02-10,0.010596856636273352
2015-02-11,0.0005802650021871971
2015-02-12,0.009570714991345847
2015-02-13,0.0041083449895325235
2015-02-17,0.0015713967373101522
2015-02-18,9.538935474251683e-05
2015-02-19,-0.0007140715256710854
2015-02-20,0.005982863530641185
2015-02-23,-0.00014216198918536328
2015-02-24,0.002836466049001408
2015-02-25,-0.0008500260958309859
2015-02-26,-0.0011818736079867056
2015-02-27,-0.003412080378855227
2015-03-02,0.006293629943964216
2015-03-03,-0.004112289277333481
2015-03-04,-0.004224692084473304
2015-03-05,0.0010932783811399018
2015-03-06,-0.01416410204299302
2015-03-09,0.00413613751128195
2015-03-10,-0.01635534672650315
2015-03-11,-0.0023440446589862453
2015-03-12,0.012633579175937144
2015-03-13,-0.006151251501250222
2015-03-16,0.013272278555286949
2015-03-17,-0.0029770050670178067
2015-03-18,0.011949754754244287
2015-03-19,-0.004571978191731218
2015-03-20,0.00878824958224854
2015-03-23,-0.0019505173309178482
2015-03-24,-0.005634777052944096
2015-03-25,-0.014762311872339605
2015-03-26,-0.002383846784917567
2015-03-27,0.002286864330953281
2015-03-30,0.012125908564051501
2015-03-31,-0.008777838478542768
2015-04-01,-0.0035425065694277345
2015-04-02,0.003591190303949939
2015-04-06,0.006710381737801776
2015-04-07,-0.0026498008250585453
2015-04-08,0.0033711213061460204
2015-04-09,0.004414126925140535
2015-04-10,0.005442378196632897
2015-04-13,-0.004533604700260069
2015-04-14,0.0019113735999666114
2015-04-15,0.004477035432042398
2015-04-16,-0.00028521071673641223
2015-04-17,-0.011570022995511934
2015-04-20,0.009095160017131327
2015-04-21,-0.0011917388859619303
2015-04-22,0.004901783579424643
2015-04-23,0.0025128730330428455
2015-04-24,0.0023179480266855295
2015-04-27,-0.004166334638854081
2015-04-28,0.003173499909189307
2015-04-29,-0.004122666334385131
2015-04-30,-0.010071025166118613
2015-05-01,0.010782876234443071
2015-05-04,0.0028436424416369024
2015-05-05,-0.011517967032367182
2015-05-06,-0.0041254637990522
2015-05-07,0.003981736859731023
2015-05-08,0.013080014519376052
2015-05-11,-0.004784047251555057
2015-05-12,-0.002995776152382185
2015-05-13,0.00019047368465605885
2015-05-14,0.010373729701967076
2015-05-15,0.0010831663376427545
2015-05-18,0.0031017742120317345
2015-05-19,-0.0003283841185422073
2015-05-20,-0.0007042149463823864
2015-05-21,0.002908039037130337
2015-05-22,-0.002391606222070435
2015-05-26,-0.010809989932611582
2015-05-27,0.009447449583651967
2015-05-28,-0.0011290578346616906
2015-05-29,-0.006232232941627926
2015-06-01,0.00203457342215252
2015-06-02,-0.0009932100703468495
2015-06-03,0.0026458834594806874
2015-06-04,-0.008482455950512405
2015-06-05,-0.001714672087242438
2015-06-08,-0.006168476593676635
2015-06-09,-0.00014375403403343713
2015-06-10,0.011921733648358858
2015-06-11,0.0032182862813203107
2015-06-12,-0.007684347961587488
2015-06-15,-0.004294532518082329
2015-06-16,0.005436841397589215
2015-06-17,0.0016158383901800437
2015-06-18,0.01034536716411864
2015-06-19,-0.0044490066057587836
2015-06-22,0.005110036405218576
2015-06-23,0.0007077616569700272
2015-06-24,-0.007289170928022594
2015-06-25,-0.003044999156341668
2015-06-26,-0.00019073420226104656
2015-06-29,-0.021193040825910007
2015-06-30,0.00209093098123498
2015-07-01,0.007983462014641342
2015-07-02,-0.0009161209206130969
2015-07-06,-0.0028499036974657635
2015-07-07,0.006268647692495457
2015-07-08,-0.016919348247844856
2015-07-09,0.0018073745319743045
2015-07-10,0.012513122134016647
2015-07-13,0.010976515576596782
2015-07-14,0.00432903949672552
2015-07-15,-0.0003326169461427805
2015-07-16,0.007992358480177911
2015-07-17,0.0008476143344582688
2015-07-20,0.0005172915509233179
2015-07-21,-0.003958956163453764
2015-07-22,-0.0017961714171188068
2015-07-23,-0.005645848972648815
2015-07-24,-0.010426362330967892
2015-07-27,-0.005834135888788524
2015-07-28,0.01220819319267553
2015-07-29,0.006855445370422704
2015-07-30,0.00023722997818131992
2015-07-31,-0.0015189865649671733
2015-08-03,-0.0033788295185145792
2015-08-04,-0.001956170958966102
2015-08-05,0.0032899602113808635
2015-08-06,-0.008221370126166685
2015-08-07,-0.0019215205200301614
2015-08-10,0.012520463007574369
2015-08-11,-0.009064032122768564
2015-08-12,0.0011970771885503162
2015-08-13,-0.0012453554529934757
2015-08-14,0.003635912801020198
2015-08-17,0.005571300256936987
2015-08-18,-0.002900881711119903
2015-08-19,-0.007936895023810472
2015-08-20,-0.021102348873640552
2015-08-21,-0.025208763771856067
2015-08-24,-0.025208763771856067
2015-08-25,-0.011837884259699135
2015-08-26,0.022905365602345837
2015-08-27,0.022905365602345837
2015-08-28,4.991557164660554e-05
2015-08-31,-0.008111552817577868
2015-09-01,-0.025208763771856067
2015-09-02,0.018802956775958012
2015-09-03,0.0007162845844602034
2015-09-04,-0.01525256932925597
2015-09-08,0.022905365602345837
2015-09-09,-0.013462320880487596
2015-09-10,0.00542738214158447
2015-09-11,0.004533885326727629
2015-09-14,-0.003717339813422117
2015-09-15,0.012421763160108085
2015-09-16,0.008629491061634808
2015-09-17,-0.002250454528617176
2015-09-18,-0.016476732687823983
2015-09-21,0.0051546608013410536
2015-09-22,-0.013064992113755669
2015-09-23,-0.0015997321565843418
2015-09-24,-0.0036222381524863077
2015-09-25,-0.00025924074252463747
2015-09-28,-0.025208763771856067
2015-09-29,0.0005849358825697513
2015-09-30,0.01848649992968396
2015-10-01,0.0026058520372824754
2015-10-02,0.014827495946548048
2015-10-05,0.017638072688777057
2015-10-06,-0.0034323128673127722
2015-10-07,0.008157627999337346
2015-10-08,0.008986051413888831
2015-10-09,0.0005959037848277149
2015-10-12,0.0009434607418191458
2015-10-13,-0.006322036842170524
2015-10-14,-0.004805565629704275
2015-10-15,0.015237536428398493
2015-10-16,0.004536761864435229
2015-10-19,0.0004915795455363798
2015-10-20,-0.0012792321306186025
2015-10-21,-0.006222918417641424
2015-10-22,0.016752465874252158
2015-10-23,0.010902035514864485
2015-10-26,-0.0024603724192241083
2015-10-27,-0.0019342776212024455
2015-10-28,0.011310325396529411
2015-10-29,-0.0005745118989744269
2015-10-30,-0.004318871314281618
2015-11-02,0.011761388641483751
2015-11-03,0.002895346541262006
2015-11-04,-0.003038089420164692
2015-11-05,-0.0009985681036267448
2015-11-06,-0.0005236009908865476
2015-11-09,-0.009375324825329455
2015-11-10,0.002303816339282776
2015-11-11,-0.003939070084575161
2015-11-12,-0.014058146027247156
2015-11-13,-0.011291850834047384
2015-11-16,0.01509225109169911
2015-11-17,-0.0007298707377557428
2015-11-18,0.015741952428443295
2015-11-19,-0.0008631465831627376
2015-11-20,0.0036377674707692887
2015-11-23,-0.001147116927683398
2015-11-24,0.001338275845591746
2015-11-25,-0.00014319322820567125
2015-11-27,0.0011455752948478011
2015-11-30,-0.0041598886212907155
2015-12-01,0.009490594082079938
2015-12-02,-0.010257695693656796
2015-12-03,-0.014101906519251512
2015-12-04,0.019315193319321522
2015-12-07,-0.006076741734473342
2015-12-08,-0.0067421954776178215
2015-12-09,-0.007810172217852804
2015-12-10,0.0025775163593774876
2015-12-11,-0.01957140079393473
2015-12-14,0.005039840059139361
2015-12-15,0.010442986437312075
2015-12-16,0.014526300585122203
2015-12-17,-0.01535531572012113
2015-12-18,-0.017975728715858993
2015-12-21,0.008215346985337293
2015-12-22,0.009033006909928806
2015-12-23,0.012307232366566983
2015-12-24,-0.0016514393238376902
2015-12-28,-0.00228763452194041
2015-12-29,0.010615240378333257
2015-12-30,-0.007113046893069441
2015-12-31,-0.01005374247562859
2016-01-04,-0.014078045658485434
2016-01-05,0.0016899578516966394
2016-01-06,-0.012694425912169632
2016-01-07,-0.024284024435359555
2016-01-08,-0.011037340883867156
2016-01-11,0.0009893568992066107
2016-01-12,0.008036010922048085
2016-01-13,-0.025208763771856067
2016-01-14,0.01628395652568819
2016-01-15,-0.02170013368045764
2016-01-19,0.001330619693737692
2016-01-20,-0.012897949239873273
2016-01-21,0.00558584988220981
2016-01-22,0.020307959379647786
2016-01-25,-0.01523201885591483
2016-01-26,0.013551152444048446
2016-01-27,-0.010943183705670522
2016-01-28,0.0051957161602748225
2016-01-29,0.022905365602345837
2016-02-01,-0.0003612643140922208
2016-02-02,-0.018186736191875916
2016-02-03,0.00597699841382064
2016-02-04,0.0015670339020940438
2016-02-05,-0.019234020668163345
2016-02-08,-0.013552423148392757
2016-02-09,5.382522100143029e-05
2016-02-10,-0.0008631984987370599
2016-02-11,-0.013093266049502035
2016-02-12,0.020407148273187663
2016-02-16,0.016737509935538717
2016-02-17,0.016202629249290525
2016-02-18,-0.004104162314033428
2016-02-19,-0.00046875645661345275
2016-02-22,0.014375773924983026
2016-02-23,-0.01271037202303706
2016-02-24,0.004565512528573423
2016-02-25,0.012038793008752614
2016-02-26,-0.0023036236249508522
2016-02-29,-0.007873552001998584
2016-03-01,0.022905365602345837
2016-03-02,0.004482349040889882
2016-03-03,0.003911976140103794
2016-03-04,0.003248255765167665
2016-03-07,0.0007981133258397144
2016-03-08,-0.01097788062697329
2016-03-09,0.004927064674724802
2016-03-10,0.0008020450417509145
2016-03-11,0.01600847198355522
2016-03-14,-0.0012828448327974508
2016-03-15,-0.0016309787303227887
2016-03-16,0.005770452709754888
2016-03-17,0.0063240287923122624
2016-03-18,0.003921819309879936
2016-03-21,0.001418027892122512
2016-03-22,-0.000537374063979087
2016-03-23,-0.0066219084737109395
2016-03-24,-0.00044275980986439097
2016-03-28,0.0005906543364677591
2016-03-29,0.009207715801105947
2016-03-30,0.004377803355558559
2016-03-31,-0.0024299106576587035
2016-04-01,0.0067889775817653345
2016-04-04,-0.003243208002927842
2016-04-05,-0.010037812347772483
2016-04-06,0.010861605063800055
2016-04-07,-0.012038111924909107
2016-04-08,0.0026935772936457444
2016-04-11,-0.002350213508865307
2016-04-12,0.009269725259832743
2016-04-13,0.010050239588250258
2016-04-14,4.8079436854810943e-05
2016-04-15,-0.0011062404145288863
2016-04-18,0.007002196065925325
2016-04-19,0.0031492924660279503
2016-04-20,0.000952368511264087
2016-04-21,-0.005392891394046449
2016-04-22,0.0
2016-04-25,-0.0017246091605375728
2016-04-26,0.0014852080331489684
2016-04-27,0.002055904291032915
2016-04-28,-0.00911698486387399
2016-04-29,-0.005413499235864303
2016-05-02,0.007917095823843118
2016-05-03,-0.008741247906540642
2016-05-04,-0.0055937994779963855
2016-05-05,-0.00019540771035762784
2016-05-06,0.003652498894231549
2016-05-09,0.0008260876863730053
2016-05-10,0.012357238356596386
2016-05-11,-0.009398905768952612
2016-05-12,0.00029036394011881393
2016-05-13,-0.008752252417641193
2016-05-16,0.009816832791857945
2016-05-17,-0.009377269681381037
2016-05-18,0.0002927895134107116
2016-05-19,-0.0034707804890418705
2016-05-20,0.006297160706494374
2016-05-23,-0.001362933927545066
2016-05-24,0.012878720538078892
2016-05-25,0.006760184798878153
2016-05-26,0.00028659266560743826
2016-05-27,0.0042899972113665
2016-05-31,-0.0019045449801901075
2016-06-01,0.0020471548039044086
2016-06-02,0.0030395684716735005
2016-06-03,-0.0029920930010468682
2016-06-06,0.005075684104219278
2016-06-07,0.001560207806613258
2016-06-08,0.003254247240926721
2016-06-09,-0.0013664103540924216
2016-06-10,-0.00952297256550188
2016-06-13,-0.007741341407756501
2016-06-14,-0.0019690713640661914
2016-06-15,-0.0013948698924370743
2016-06-16,0.0029797961530718254
2016-06-17,-0.0037311241371311634
2016-06-20,0.006419781317318518
2016-06-21,0.0028344538727774525
2016-06-22,-0.001632448974450646
2016-06-23,0.012938300967615824
2016-06-24,-0.025208763771856067
2016-06-27,-0.018072142854746245
2016-06-28,0.017875178715788972
2016-06-29,0.016884406377232528
2016-06-30,0.013553239352509008
2016-07-01,0.0020982150933198727
2016-07-05,-0.007219189451041888
2016-07-06,0.00597965157037786
2016-07-07,-0.0006201336113641629
2016-07-08,0.014780509443201214
2016-07-11,0.0035209512659287704
2016-07-12,0.007237208009715431
2016-07-13,-0.00013952681421342406
2016-07-14,0.005567669603949024
2016-07-15,-0.0013425664577107505
2016-07-18,0.0026835791313061384
2016-07-19,-0.0010172601197983692
2016-07-20,0.004154426692884008
2016-07-21,-0.0037841178644855786
2016-07-22,0.004475160916592802
2016-07-25,-0.002719806799282962
2016-07-26,0.00046124675501876784
2016-07-27,-0.001061448341345446
2016-07-28,0.0011539836098275649
2016-07-29,0.0016131958121167525
2016-08-01,-0.0008293255405163156
2016-08-02,-0.00642768325526524
2016-08-03,0.002918429314014014
2016-08-04,0.0010631988202400222
2016-08-05,0.008145664794567995
2016-08-08,-0.0005959099058939469
2016-08-09,0.0005959099058939999
2016-08-10,-0.0024779300869445502
2016-08-11,0.004629728201551794
2016-08-12,-0.0008693858355339781
2016-08-15,0.0028798544530332227
2016-08-16,-0.005171188573298772
2016-08-17,0.0018795041754006408
2016-08-18,0.002241497987421585
2016-08-19,-0.0014636128514623598
2016-08-22,-4.5688597906186855e-05
2016-08-23,0.0020116527316970875
2016-08-24,-0.005128114791850835
2016-08-25,-0.0006890259635471339
2016-08-26,-0.0018848042080638623
2016-08-29,0.004912452902244324
2016-08-30,-0.0016502341888411116
2016-08-31,-0.0028482605010850923
2016-09-01,4.625719623055631e-05
2016-09-02,0.004497880285163135
2016-09-06,0.0030178043492395997
2016-09-07,-9.133706107368814e-05
2016-09-08,-0.0022855729030249817
2016-09-09,-0.024225868166222686
2016-09-12,0.014245631809828347
2016-09-13,-0.014480313958429606
2016-09-14,-0.0003753393118904115
2016-09-15,0.009943516736445442
2016-09-16,-0.003873321491004518
2016-09-19,0.00018771114970696147
2016-09-20,4.6880869176532856e-05
2016-09-21,0.011182833876994178
2016-09-22,0.006281619245613241
2016-09-23,-0.005494327159634852
2016-09-26,-0.008135582381930916
2016-09-27,0.0061889031324596725
2016-09-28,0.004951614087967803
2016-09-29,-0.009088798062863994
2016-09-30,0.007517914950982068
2016-10-03,-0.0024069586167008872
2016-10-04,-0.005110956334281003
2016-10-05,0.004415618531702423
2016-10-06,0.000695337802578628
2016-10-07,-0.003435335203806062
2016-10-10,0.0051946695089033785
2016-10-11,-0.012710088819438161
2016-10-12,0.0013115464800602513
2016-10-13,-0.0032809353373852365
2016-10-14,0.000516121892714361
2016-10-17,-0.0034781207432455345
2016-10-18,0.006242934187916367
2016-10-19,0.002663646481262728
2016-10-20,-0.0018685017086819678
2016-10-21,0.00046718435684662646
2016-10-24,0.004243812237341143
2016-10-25,-0.0033561520503295177
2016-10-26,-0.0020095507276540713
2016-10-27,-0.0026706336651949034
2016-10-28,-0.0029595231922679047
2016-10-31,4.698959106582457e-05
2016-11-01,-0.00727208550693553
2016-11-02,-0.006036732687506634
2016-11-03,-0.004587568549528622
2016-11-04,-0.0011022124527821256
2016-11-07,0.021817175952107675
2016-11-08,0.004494303681332991
2016-11-09,0.010545827681462016
2016-11-10,0.002492461817542198
2016-11-11,-0.002307606695685505
2016-11-14,0.0007852736695945952
2016-11-15,0.007772361241018321
2016-11-16,-0.0018801514895688668
2016-11-17,0.005127689717300179
2016-11-18,-0.0022399779606437713
2016-11-21,0.007523151051697404
2016-11-22,0.0019510967940010553
2016-11-23,0.0005437482090315269
2016-11-25,0.0037086117432157586
2016-11-28,-0.004705883132906779
2016-11-29,0.0019485800030253292
2016-11-30,-0.0024019881177041987
2016-12-01,-0.0036822630585083547
2016-12-02,0.0005007862416294604
2016-12-05,0.005990594662464695
2016-12-06,0.0031625846004306
2016-12-07,0.012995953265599703
2016-12-08,0.002445710778477497
2016-12-09,0.006022410694256245
2016-12-12,-0.0011485483067788518
2016-12-13,0.0066515805659870374
2016-12-14,-0.008288327886644168
2016-12-15,0.0041086787348219205
2016-12-16,-0.001957736543292226
2016-12-19,0.002175156292298603
2016-12-20,0.003850229549858705
2016-12-21,-0.0027868009428960593
2016-12-22,-0.0017286949521826544
2016-12-23,0.0014631579101319707
2016-12-27,0.002477782574081521
2016-12-28,-0.008298742624374337
2016-12-29,-0.0002230578372059285
2016-12-30,-0.0036613974758134553
2017-01-03,0.007620552538319168
2017-01-04,0.005931794757892502
2017-01-05,-0.0007945939479527497
2017-01-06,0.003571136552492346
2017-01-09,-0.0033061758771133305
2017-01-10,0.0
2017-01-11,0.0028218875424935405
2017-01-12,-0.002513165761869285
2017-01-13,0.002293069723576195
2017-01-17,-0.003529538845865108
2017-01-18,0.0022070918516055135
2017-01-19,-0.0037108603000389644
2017-01-20,0.0036673040449585284
2017-01-23,-0.0026056634498378005
2017-01-24,0.006391143849312662
2017-01-25,0.008618655691378062
2017-01-26,-0.0010464293328264645
2017-01-27,-0.0015712011507349392
2017-01-30,-0.006220560421841362
2017-01-31,-8.812107455181143e-05
2017-02-01,0.0003954414403036172
2017-02-02,0.0006590303817359213
2017-02-03,0.006868858316905062
2017-02-06,-0.001789268153797215
2017-02-07,4.383044465692996e-05
2017-02-08,0.0013095746245600714
2017-02-09,0.005914936510818257
2017-02-10,0.003938669141863167
2017-02-13,0.005427778775793527
2017-02-14,0.003987372379370455
2017-02-15,0.005206809550505253
2017-02-16,-0.0008520202993157931
2017-02-17,0.001575349529577027
2017-02-21,0.005937536250578067
2017-02-22,-0.0008883823670262841
2017-02-23,0.0006770263501843508
2017-02-24,0.001268208850841211
2017-02-27,0.0015613985708284454
2017-02-28,-0.0027028181770329734
2017-03-01,0.01390052020042413
2017-03-02,-0.0063173451275288384
2017-03-03,0.0006292879201280464
2017-03-06,-0.0029822824784999013
2017-03-07,-0.002991277246411692
2017-03-08,-0.0018583348122418843
2017-03-09,0.0012671208308601151
2017-03-10,0.0034982845707082406
2017-03-13,0.0005046163409777846
2017-03-14,-0.003833756212963874
2017-03-15,0.008616093889300616
2017-03-16,-0.0019687868642104794
2017-03-17,-0.0017576151942490523
2017-03-20,-0.0010975400180473064
2017-03-21,-0.012922836682879442
2017-03-22,0.00235062193838982
2017-03-23,-0.0010678135803770064
2017-03-24,-0.00072660047789733
2017-03-27,-0.001026891192771361
2017-03-28,0.007250587797860799
2017-03-29,0.0009344977554336678
2017-03-30,0.003179099198211487
2017-03-31,-0.002330603070773915
2017-04-03,-0.0017405383168714198
2017-04-04,0.000637137416456833
2017-04-05,-0.0029771101238683733
2017-04-06,0.0028073852256731056
2017-04-07,-0.0010197730890613111
2017-04-10,0.0005945169412749156
2017-04-11,-0.0011905785323065325
2017-04-12,-0.004391129531360537
2017-04-13,-0.006515894844658677
2017-04-17,0.008820691775339907
2017-04-18,-0.0029888264249171826
2017-04-19,-0.0018402107528763937
2017-04-20,0.008105948310779282
2017-04-21,-0.0031917303258557858
2017-04-24,0.010937666528449408
2017-04-25,0.005801741593903664
2017-04-26,-0.0006288620127379073
2017-04-27,0.0008386148300801595
2017-04-28,-0.002181892486572843
2017-05-01,0.0025171122775336425
2017-05-02,0.0003771711941627697
2017-05-03,-0.0012152847251669769
2017-05-04,0.0011733675539308975
2017-05-05,0.003929269230938828
2017-05-08,-0.00016695560293642544
2017-05-09,-0.0009184255615808572
2017-05-10,0.0017941392968268306
2017-05-11,-0.0020446724301574205
2017-05-12,-0.0016723881745331368
2017-05-15,0.0055081323570680555
2017-05-16,-0.0009156140580368034
2017-05-17,-0.017903424746062803
2017-05-18,0.004020355521946042
2017-05-19,0.0064829590342908635
2017-05-22,0.005064557170046002
2017-05-23,0.0022104824852288846
2017-05-24,0.0023298929879542593
2017-05-25,0.004768344178693449
2017-05-26,-0.00020693847627943943
2017-05-30,-0.0008692617677982644
2017-05-31,-0.00024839582654617606
2017-06-01,0.00792081004951675
2017-06-02,0.003322923940506266
2017-06-05,-0.0007373623451909455
2017-06-06,-0.003202134109709851
2017-06-07,0.0018485782288378103
2017-06-08,0.0004923488953441518
2017-06-09,-0.0015188909286523139
2017-06-12,-0.0002054636811352006
2017-06-13,0.00487823181357405
2017-06-14,-0.0012684956619865631
2017-06-15,-0.0019262936932960262
2017-06-16,0.00021832232514294934
2017-06-19,0.008290803450772584
2017-06-20,-0.006766961370844679
2017-06-21,-0.00024694408611998265
2017-06-22,-0.0004530565732237363
2017-06-23,0.0011936343458292822
2017-06-26,0.0006579425679532693
2017-06-27,-0.008089094370194977
2017-06-28,0.008910664009231763
2017-06-29,-0.008827765887981157
2017-06-30,0.0018629251531047098
2017-07-03,0.001694417864674086
2017-07-05,0.0023092062560637746
2017-07-06,-0.009186615545164447
2017-07-07,0.006464250440114078
2017-07-10,0.0010733121613307587
2017-07-11,-0.000743044627607086
2017-07-12,0.007486641317750616
2017-07-13,0.0016789420821812465
2017-07-14,0.004653238423784566
2017-07-17,-0.00012232407676794683
2017-07-18,0.0005295376899651835
2017-07-19,0.005399229886726692
2017-07-20,0.00044530492669508237
2017-07-21,-0.0008906671801149943
2017-07-24,-0.00024279044066663046
2017-07-25,0.0024275078611568916
2017-07-26,4.06056233776477e-05
2017-07-27,-0.000929979592901983
2017-07-28,-0.0011737587708244234
2017-07-31,-0.0005672864904393723
2017-08-01,0.0022263139919499342
2017-08-02,0.0004851037285875613
2017-08-03,-0.0019416874559438295
2017-08-04,0.0018205743396993437
2017-08-07,0.0018573779137380445
2017-08-08,-0.0024640790866921397
2017-08-09,-4.0281429168068125e-05
2017-08-10,-0.014215831075768742
2017-08-11,0.0014756198354311657
2017-08-14,0.009864774297756564
2017-08-15,-0.00012197903692018302
2017-08-16,0.0017429503668739666
2017-08-17,-0.01571370153107225
2017-08-18,-0.0015643750413710405
2017-08-21,0.0007823142176027287
2017-08-22,0.010402707960196095
2017-08-23,-0.0035919655179142106
2017-08-24,-0.0023331767177863535
2017-08-25,0.002333176717786354
2017-08-28,4.108047341381732e-05
2017-08-29,0.0011442351027921135
2017-08-30,0.0047262714384603164
2017-08-31,0.0059980044458304025
2017-09-01,0.0014132813231493406
2017-09-05,-0.007207959893412564
2017-09-06,0.0034080575545727596
2017-09-07,-0.00012180119795635366
2017-09-08,-0.0011750464701373734
2017-09-11,0.010609258510190974
2017-09-12,0.0033651220623869
2017-09-13,0.00047973904119269966
2017-09-14,-0.0003200789490423171
2017-09-15,0.0013457573804179113
2017-09-18,0.002124183050542558
2017-09-19,0.0010006209899468116
2017-09-20,0.00036001739421844166
2017-09-21,-0.0026828346553279202
2017-09-22,0.00020048306343021667
2017-09-25,-0.002046801652038192
2017-09-26,0.0006025787071124059
2017-09-27,0.003886802275282169
2017-09-28,0.001198916652160118
2017-09-29,0.0035089802447637024
2017-10-02,0.004329308848077121
2017-10-03,0.0021377408987338494
2017-10-04,0.0011858750586513118
2017-10-05,0.005907691709991381
2017-10-06,-0.0011397193380006823
2017-10-09,-0.0016523179391157374
2017-10-10,0.0026347921461608026
2017-10-11,0.0015697091707617835
2017-10-12,-0.0014913897037105513
2017-10-13,0.0012168038460515541
2017-10-16,0.0013326770736249072
2017-10-17,0.0007047726792710438
2017-10-18,0.0009779749676439848
2017-10-19,0.00027396243336176525
2017-10-20,0.005147072645724275
2017-10-23,-0.003896700632411274
2017-10-24,0.0017553675684994533
2017-10-25,-0.00496244966208933
2017-10-26,0.001291794430713086
2017-10-27,0.008142996467201784
2017-10-30,-0.0037321176963823646
2017-10-31,0.0015566971958913959
2017-11-01,0.0013213505174797268
2017-11-02,0.0003883162864725653
2017-11-03,0.0033332296498448386
2017-11-06,0.0015463984314262628
2017-11-07,-0.0006954326706955806
2017-11-08,0.0016994278285181732
2017-11-09,-0.0036343977734412955
2017-11-10,-0.0003099697935160613
2017-11-13,0.0009294200752014455
2017-11-14,-0.002325205476651982
2017-11-15,-0.005017899669317027
2017-11-16,0.0084649612381292
2017-11-17,-0.0029428573133382873
2017-11-20,0.0017050302510837475
2017-11-21,0.006521267701159207
2017-11-22,-0.0008847291862529831
2017-11-24,0.0023067220302126798
2017-11-27,-0.0004992951495471485
2017-11-28,0.010093746684309218
2017-11-29,-0.0006086826336647816
2017-11-30,0.00871681449258318
2017-12-01,-0.0020776946943169266
2017-12-04,-0.0012105413618858645
2017-12-05,-0.0036031800712930887
2017-12-06,0.0001899061872436801
2017-12-07,0.0031479731515846473
2017-12-08,0.005438350420892436
2017-12-11,0.0030084881514792082
2017-12-12,0.00176340188201482
2017-12-13,-0.00011242739360167588
2017-12-14,-0.00409443667434224
2017-12-15,0.008292749776981545
2017-12-18,0.0063212315017711325
2017-12-19,-0.003847918985194503
2017-12-20,-0.000524048953517534
2017-12-21,0.0020573146727664885
2017-12-22,-0.0002614598248501265
2017-12-26,-0.0011971577206587283
2017-12-27,0.00048665723273486517
2017-12-28,0.0020553426703935574
2017-12-29,-0.0037775408072472823
