Date,EFA
2011-01-04,-0.0030711206690841827
2011-01-05,-0.004281181089060744
2011-01-06,-0.011564898321023132
2011-01-07,-0.0040008104578601695
2011-01-10,-0.0017444833853374414
2011-01-11,0.00678657853040221
2011-01-12,0.021786254934709627
2011-01-13,0.002711857066537962
2011-01-14,0.006073659176603631
2011-01-18,0.006538827694296831
2011-01-19,-0.006875121949882355
2011-01-20,-0.00861838879743167
2011-01-21,0.0054161997853843
2011-01-24,0.010578500904802553
2011-01-25,-0.002006465884277322
2011-01-26,0.0063397526815788
2011-01-27,0.0023256140782570178
2011-01-28,-0.022484434755870076
2011-01-31,0.008617432809142225
2011-02-01,0.022905365602345837
2011-02-02,-0.0008217373018544614
2011-02-03,0.00016442086565915355
2011-02-04,-0.00032896568302855864
2011-02-07,0.003120668358471557
2011-02-08,0.0065380863512288865
2011-02-09,-0.002936638351299215
2011-02-10,-0.006557571541031839
2011-02-11,0.0004932783658547004
2011-02-14,0.001970780481425569
2011-02-15,-0.002957580656771514
2011-02-16,0.011940870151450445
2011-02-17,0.0034085773131101696
2011-02-18,0.003397474092702326
2011-02-22,-0.025208763771856067
2011-02-23,0.0013288069464437102
2011-02-24,0.0008299017744787155
2011-02-25,0.011873760478430173
2011-02-28,0.008975765092791558
2011-03-01,-0.014071117700003705
2011-03-02,0.005258944695823405
2011-03-03,0.01270388457235052
2011-03-04,-0.009104396660574334
2011-03-07,-0.0096824342223992
2011-03-08,0.0031282784501376003
2011-03-09,0.00032845893599993544
2011-03-10,-0.025128088484484536
2011-03-11,0.0
2011-03-14,-0.018024435314046437
2011-03-15,-0.02115568854760382
2011-03-16,-0.025208763771856067
2011-03-17,0.022905365602345837
2011-03-18,0.013733369893016026
2011-03-21,0.022905365602345837
2011-03-22,-0.002868186790367211
2011-03-23,0.0011821490719189358
2011-03-24,0.013245615319598218
2011-03-25,-0.011054052239984749
2011-03-28,-0.000505525361165106
2011-03-29,0.0052098993037657205
2011-03-30,0.011830436826352398
2011-03-31,-0.004815113291522925
2011-04-01,0.009442519075698503
2011-04-04,0.0013183449126069273
2011-04-05,-0.0024729959514319254
2011-04-06,0.008219647047799039
2011-04-07,-0.004923870152334119
2011-04-08,0.008192808141286926
2011-04-11,-0.001960157261150659
2011-04-12,-0.009363604335409453
2011-04-13,0.0029665483599735365
2011-04-14,0.004433048950419192
2011-04-15,-0.001475468293647685
2011-04-18,-0.020721964083099963
2011-04-19,0.007343271202941765
2011-04-20,0.022905365602345837
2011-04-21,0.00646507483752682
2011-04-25,0.0
2011-04-26,0.007703224367846176
2011-04-27,0.01239341604568724
2011-04-28,0.006766656961754633
2011-04-29,-0.004716418447775291
2011-05-02,0.006440016738695051
2011-05-03,-0.008174853511629875
2011-05-04,-0.008560526839195788
2011-05-05,-0.01993953045696346
2011-05-06,0.00048691961747121846
2011-05-09,0.007117673968638972
2011-05-10,0.009464876950554627
2011-05-11,-0.02032289039991916
2011-05-12,0.003253419863254349
2011-05-13,-0.015714752247548508
2011-05-16,-0.0018164858605507891
2011-05-17,0.002146331136564094
2011-05-18,0.006084333222541462
2011-05-19,0.0057209985120113185
2011-05-20,-0.01428231439153517
2011-05-23,-0.02342029359772251
2011-05-24,0.005738333597027091
2011-05-25,0.0063748488189515
2011-05-26,0.00932100042871229
2011-05-27,0.007263072494826401
2011-05-31,0.020511860117955215
2011-06-01,-0.02397193028742014
2011-06-02,0.005103353765504906
2011-06-03,0.0004925653250335678
2011-06-06,-0.013050482953951607
2011-06-07,0.009103635563394781
2011-06-08,-0.012935541472736232
2011-06-09,0.010295953432594068
2011-06-10,-0.02340081914413508
2011-06-13,0.0015211466317426874
2011-06-14,0.01757488831655376
2011-06-15,-0.025208763771856067
2011-06-16,-0.003437008430629417
2011-06-17,0.009764418284351933
2011-06-20,-0.0011939456392896669
2011-06-21,0.021444318879691823
2011-06-22,-0.009737364603899972
2011-06-23,-0.008635588032060215
2011-06-24,-0.009586191849554932
2011-06-27,0.00819735421764521
2011-06-28,0.01191417155553872
2011-06-29,0.017356264796953104
2011-06-30,0.014403155723190304
2011-07-01,0.010914835049813037
2011-07-05,-0.005938746869331112
2011-07-06,-0.006307096500726992
2011-07-07,0.00862062700025014
2011-07-08,-0.012457487766265983
2011-07-11,-0.025208763771856067
2011-07-12,-0.006744697313236873
2011-07-13,0.01481269089614048
2011-07-14,-0.008757394085375318
2011-07-15,0.003443153563636137
2011-07-18,-0.014892007616088887
2011-07-19,0.014892007616088934
2011-07-20,0.011790086311448766
2011-07-21,0.021011076145579646
2011-07-22,0.0009972821527443462
2011-07-25,-0.006334335894804276
2011-07-26,0.006001922944965014
2011-07-27,-0.024567879951494224
2011-07-28,-0.002388010875519428
2011-07-29,0.0025584142845905674
2011-08-01,-0.012684457087279255
2011-08-02,-0.025208763771856067
2011-08-03,0.005829396919906942
2011-08-04,-0.025208763771856067
2011-08-05,0.01745680105149078
2011-08-08,-0.025208763771856067
2011-08-09,0.022905365602345837
2011-08-10,-0.025208763771856067
2011-08-11,0.022905365602345837
2011-09-08,-0.01999644840605015
2011-09-09,-0.025208763771856067
2011-09-12,-0.004316858159599003
2011-09-13,0.010655692877048007
2011-09-14,0.01497073870329635
2011-09-15,0.02145527985237662
2011-09-16,0.00039280262105459386
2011-09-19,-0.025208763771856067
2011-09-20,0.004032288897817324
2011-09-21,-0.025208763771856067
2011-09-22,-0.025208763771856067
2011-09-23,0.011295033860305101
2011-09-26,0.020346646544004844
2011-09-27,0.022905365602345837
2011-09-28,-0.01716784367068097
2011-09-29,0.019394190628646057
2011-09-30,-0.025208763771856067
2011-10-03,-0.025208763771856067
2011-10-04,0.016628050551727495
2011-10-05,0.015315473283935913
2011-10-06,0.022905365602345837
2011-10-07,-0.006917719353889697
2011-10-10,0.022905365602345837
2011-10-11,-0.001771308973497027
2011-10-12,0.014473188124151461
2011-10-13,0.0003877381451866205
2011-10-14,0.011578970730997345
2011-10-17,-0.023293018721034925
2011-10-18,0.014234604101982542
2011-10-19,-0.01816997958901834
2011-10-20,0.002559806181232473
2011-10-21,0.022905365602345837
2011-10-24,0.014865545759441136
2011-10-25,-0.017365042234262645
2011-10-26,0.013574481117104622
2011-10-27,0.022905365602345837
2011-10-28,-0.005775101041688873
2011-10-31,-0.025208763771856067
2011-11-01,-0.025208763771856067
2011-11-02,0.008438674353851105
2011-11-03,0.022905365602345837
2011-11-04,-0.012660643598941134
2011-11-07,0.004238160811176908
2011-11-08,0.012038034770544348
2011-11-09,-0.025208763771856067
2011-11-10,0.011742489547329286
2011-11-11,0.022905365602345837
2011-11-14,-0.017919917642110896
2011-11-15,-0.0027555416133382194
2011-11-16,-0.019302194048148806
2011-11-17,-0.01090919973718227
2011-11-18,0.0034473931045987754
2011-11-21,-0.025208763771856067
2011-11-22,-0.0029117623777232915
2011-11-23,-0.025208763771856067
2011-11-25,-0.005153875636847103
2011-11-28,0.022905365602345837
2011-11-29,0.006585866855351383
2011-11-30,0.022905365602345837
2011-12-01,-0.008624449783870277
2011-12-02,-0.00019659799073730674
2011-12-05,0.011354683597793187
2011-12-06,-0.004682672040029935
2011-12-07,0.007015979220364716
2011-12-08,-0.025208763771856067
2011-12-09,0.022905365602345837
2011-12-12,-0.025208763771856067
2011-12-13,-0.01361370759289474
2011-12-14,-0.011936868468667847
2011-12-15,0.004957017739721745
2011-12-16,-0.0041289704830133125
2011-12-19,-0.009352902142769732
2011-12-20,0.022905365602345837
2011-12-21,-0.005321211110034932
2011-12-22,0.008988403806499354
2011-12-23,0.00689091434144381
2011-12-27,-0.004453067214596051
2011-12-28,-0.01822171086894295
2011-12-29,0.018221710868943062
2011-12-30,0.004857130034794672
2012-01-03,0.022905365602345837
2012-01-04,-0.005914255327566286
2012-01-05,-0.014938956152683817
2012-01-06,-0.013740101042103102
2012-01-09,0.003857949844309499
2012-01-10,0.015086659519081438
2012-01-11,-0.0031994619498837682
2012-01-12,0.004196941897545038
2012-01-13,-0.010828195166427326
2012-01-17,0.011825136240632389
2012-01-18,0.01659750513471277
2012-01-19,0.01227017037771139
2012-01-20,0.005212950074636119
2012-01-23,0.0038442795038270802
2012-01-24,-0.005578801698249323
2012-01-25,0.010362834731100242
2012-01-26,0.0003813826666442516
2012-01-27,0.001716328133323475
2012-01-30,-0.011881963723075178
2012-01-31,0.005191679583701814
2012-02-01,0.015604716001258238
2012-02-02,0.0020744382483695
2012-02-03,0.015519085028069347
2012-02-06,-0.004835410021022448
2012-02-07,0.006133123767784494
2012-02-08,0.0035141112464766853
2012-02-09,0.0025817316544675247
2012-02-10,-0.019150892527453126
2012-02-13,0.011386145012438537
2012-02-14,-0.00745161801603264
2012-02-15,0.001121160694720976
2012-02-16,0.013727169582410164
2012-02-17,0.004411593334125858
2012-02-21,0.00018348633512911701
2012-02-22,-0.0029386737955736666
2012-02-23,0.008242580753109451
2012-02-24,0.006001814993193288
2012-02-27,-0.005090256552046863
2012-02-28,0.009251770392786124
2012-02-29,-0.013086225754341577
2012-03-01,0.011278985995110976
2012-03-02,-0.009268791996379762
2012-03-05,-0.005308867753111107
2012-03-06,-0.025208763771856067
2012-03-07,0.012249419915988088
2012-03-08,0.021310861623422807
2012-03-09,-0.0033058384047755167
2012-03-12,-0.002578878158993378
2012-03-13,0.01609985263017537
2012-03-14,-0.008932640518960875
2012-03-15,0.009477414181469274
2012-03-16,0.0068685913372779385
2012-03-19,0.005210822031279874
2012-03-20,-0.011898371365697415
2012-03-21,-0.006550237790669507
2012-03-22,-0.006961069873945773
2012-03-23,0.006961069873945705
2012-03-26,0.012697566893492182
2012-03-27,-0.006328371105683053
2012-03-28,-0.0069171383502376884
2012-03-29,-0.006413127311517143
2012-03-30,0.008967072933154427
2012-04-02,0.011592385828341779
2012-04-03,-0.017622507662434155
2012-04-04,-0.022614616946428977
2012-04-05,-0.006017183133658861
2012-04-09,-0.004347476274426122
2012-04-10,-0.021638091696754312
2012-04-11,0.013841262611314202
2012-04-12,0.018161488493525023
2012-04-13,-0.019307710564370365
2012-04-16,0.007236701800130646
2012-04-17,0.01581353802038594
2012-04-18,-0.005243514499067178
2012-04-19,-0.006026248907192484
2012-04-20,0.009587550636092533
2012-04-23,-0.02022180497950424
2012-04-24,0.007986544273109984
2012-04-25,0.01354389289439554
2012-04-26,0.005961454689223532
2012-04-27,0.004077823100692805
2012-04-30,-0.005750972966146766
2012-05-01,0.004084637693778308
2012-05-02,-0.007812623967187255
2012-05-03,-0.00881546042221704
2012-05-04,-0.015377524985814845
2012-05-07,0.007243598441802683
2012-05-08,-0.01550420348273734
2012-05-09,-0.011641492980411372
2012-05-10,0.004672828286164854
2012-05-11,-0.006235488668486433
2012-05-14,-0.019341418066496665
2012-05-15,-0.012634474204575313
2012-05-16,-0.009937807266044065
2012-05-17,-0.012305588227086797
2012-05-18,-0.007248797402636714
2012-05-21,0.021793661849450533
2012-05-22,-0.003667192696464379
2012-05-23,-0.008198702235082336
2012-05-24,-0.006607587489362944
2012-05-25,-0.0035280348568771706
2012-05-29,0.012602181455061574
2012-05-30,-0.023892281726843944
2012-05-31,0.004196588021430951
2012-06-01,-0.025208763771856067
2012-06-04,0.008343295808453147
2012-06-05,0.007217166387683247
2012-06-06,0.022905365602345837
2012-06-07,0.0014391323966304029
2012-06-08,-0.003292729384899481
2012-06-11,-0.009735824198264324
2012-06-12,0.016515458688836106
2012-06-13,-0.008017120213516683
2012-06-14,0.007402866418975059
2012-06-15,0.01403740195948635
2012-06-18,-0.002832088936622163
2012-06-19,0.016475926413732436
2012-06-20,0.005762257387992686
2012-06-21,-0.025208763771856067
2012-06-22,0.008500371764700218
2012-06-25,-0.022548025310764615
2012-06-26,0.006524189929362057
2012-06-27,0.009395547521314314
2012-06-28,0.002076338208543173
2012-06-29,0.022905365602345837
2012-07-02,0.006583594244459623
2012-07-03,0.009105298011056277
2012-07-05,-0.016690533934061967
2012-07-06,-0.009461277421661637
2012-07-09,-0.0022272948479176466
2012-07-10,-0.00671214684725169
2012-07-11,0.0030564484997838643
2012-07-12,-0.010019554970244092
2012-07-13,0.014080605739525682
2012-07-16,-0.0002027687726527799
2012-07-17,0.002833449223464895
2012-07-18,0.00785099541442055
2012-07-19,0.009181964913352363
2012-07-20,-0.023724691547866508
2012-07-23,-0.020763509521320313
2012-07-24,-0.010860524743302659
2012-07-25,0.0052361862136867865
2012-07-26,0.022905365602345837
2012-07-27,0.02086332481580308
2012-07-30,-0.0011921223792729116
2012-07-31,-0.006180664743331696
2012-08-01,0.00019986931001863601
2012-08-02,-0.014095923802249732
2012-08-03,0.022905365602345837
2012-08-06,0.007035107511850097
2012-08-07,0.008339509643769706
2012-08-08,-0.000579760406379766
2012-08-09,0.0005797604063797791
2012-08-10,0.0017364065386684824
2012-08-13,-0.004831416477494115
2012-08-14,0.002322316811606609
2012-08-15,-0.002903658548666069
2012-08-16,0.012329351027827586
2012-08-17,0.001339014530274586
2012-08-20,-0.001147571151312553
2012-08-21,0.005726324906983668
2012-08-22,-0.0011426447216823807
2012-08-23,-0.005732997548650564
2012-08-24,-0.0015343380104956626
2012-08-27,0.0005759738134519409
2012-08-28,-0.0009596049905840438
2012-09-25,-0.007016514818328007
2012-09-26,-0.010055893243414087
2012-09-27,0.011907171818745505
2012-09-28,-0.01998778681069069
2012-10-01,0.008080614991945194
2012-10-02,0.003922898503014136
2012-10-03,-0.004110077651135131
2012-10-04,0.012094350966866467
2012-10-05,0.0012937866636198864
2012-10-08,-0.005928062166626256
2012-10-09,-0.014598970198154388
2012-10-10,-0.0028318629102617636
2012-10-11,0.006407890411707659
2012-10-12,-0.0011280345442802803
2012-10-15,0.009732273770006445
2012-10-16,0.016441135534849768
2012-10-17,0.009300635608873276
2012-10-18,-0.0038193468052422673
2012-10-19,-0.013575658700872217
2012-10-22,0.0069943542522959085
2012-10-23,-0.02169383244715132
2012-10-24,0.0005625870367506396
2012-10-25,0.0059767791621352685
2012-10-26,-0.0014910833643680926
2012-10-31,-0.000745959658550416
2012-11-01,0.011689372901282195
2012-11-02,-0.009638983520002616
2012-11-05,-0.0024238384586509213
2012-11-06,0.009476817432639664
2012-11-07,-0.015094096847173138
2012-11-08,-0.009052869273418826
2012-11-09,0.00037875558999670973
2012-11-12,-0.0007578662284849112
2012-11-13,-0.004940180251525425
2012-11-14,-0.010531499316406347
2012-11-15,0.0032668352908632515
2012-11-16,-0.0005755489534517252
2012-11-19,0.02146126447244713
2012-11-20,0.0015019676920228274
2012-11-21,0.0016873481480690323
2012-11-23,0.021310905150811223
2012-11-26,-0.002386529993222808
2012-11-27,-0.004974698816907099
2012-11-28,0.007177859523828277
2012-11-29,0.008581909513834652
2012-11-30,0.0012720253070172007
2012-12-03,0.001270308110115898
2012-12-04,0.0025356844499023327
2012-12-05,0.0014461385603888174
2012-12-06,0.001985132554725009
2012-12-07,0.0003603913367858029
2012-12-10,0.0010807972013591577
2012-12-11,0.005743873514184838
2013-01-09,0.005083533459437649
2013-01-10,0.012683877606028689
2013-01-11,0.0020695461469870586
2013-01-14,0.0012052127855998233
2013-01-15,-0.0015497447097666517
2013-01-16,-0.004837673134752521
2013-01-17,0.008106891974631828
2013-01-18,-0.0010310258841979075
2013-01-22,0.0005155035037338355
2013-01-23,-0.0010317477618696598
2013-01-24,0.00480593052721181
2013-01-25,0.010730099793696515
2013-01-28,-0.004924967117460988
2013-01-29,0.0067866186855739166
2013-01-30,0.0010137755196607029
2013-01-31,-0.003722804930800227
2013-02-01,0.007937219151441131
2013-02-04,-0.018162254323182345
2013-02-05,0.004614241351972287
2013-02-06,-0.0001706476855613395
2013-02-07,-0.008219071047922704
2013-02-08,0.006341530978601909
2013-02-11,-0.001025574774757041
2013-02-12,0.0049473706364031485
2013-02-13,0.0023796796702797024
2013-02-14,-0.00544758550119314
2013-02-15,-0.0025639550654798127
2013-02-19,0.011739953454515163
2013-02-20,-0.00985920294270742
2013-02-21,-0.01514637057297171
2013-02-22,0.014291991085875706
2013-02-25,-0.024226695662544248
2013-02-26,0.008025031441095993
2013-02-27,0.012604842077606674
2013-02-28,-0.0010300712512760278
2013-03-01,-0.0020632361106914326
2013-03-04,0.00429355997556839
2013-03-05,0.009891054944400304
2013-03-06,0.0025420415523521376
2013-03-07,0.0028734634532805773
2013-03-08,0.0021919661903594036
2013-03-11,0.003026357028205865
2013-03-12,-0.005049525417156453
2013-03-13,-0.0015200203532730056
2013-03-14,0.009754462223857476
2013-03-15,0.0020065937648685145
2013-03-18,-0.01108521648751322
2013-03-19,-0.003044553941428061
2013-03-20,0.0060797737585230665
2013-03-21,-0.009133906712791991
2013-03-22,0.008628722568288165
2013-03-25,-0.012544603390960645
2013-03-26,0.006292299959779078
2013-03-27,-0.004928408244256749
2013-03-28,0.004758744218392527
2013-04-01,-0.013485097631891369
2013-04-02,0.01059836728581797
2013-04-03,-0.004943154495198323
2013-04-04,0.00884678301370256
2013-04-05,-0.004583972509980283
2013-04-08,0.003905999375759835
2013-04-09,0.003553006746243958
2013-04-10,0.01475314868424846
2013-04-11,0.00779107869478502
2013-04-12,-0.0024798402022266916
2013-04-15,-0.019895382132773847
2013-04-16,0.01408484612874677
2013-04-17,-0.0210325133033076
2013-04-18,-0.0030651996732768143
2013-04-19,0.007984319733411998
2013-04-22,0.004221157300808232
2013-04-23,0.014054029731103137
2013-04-24,0.00860228822150449
2013-04-25,0.005257140953012897
2013-04-26,0.0008188357810380648
2013-04-29,0.012689455992695742
2013-04-30,0.001292502081589765
2013-05-01,-0.005991539908227485
2013-05-02,0.0030811915147306974
2013-05-03,0.012710176919063686
2013-05-06,-0.001279712852127747
2013-05-07,0.0015995617838083268
2013-05-08,0.010492965932549765
2013-05-09,-0.009694275717283946
2013-05-10,0.0011171133124264915
2013-05-13,-0.00047840869079778106
2013-05-14,0.0019131422952432969
2013-05-15,0.004291541049198432
2013-05-16,-0.006843387966070376
2013-05-17,0.006843387966070391
2013-05-20,0.005535660252737545
2013-05-21,0.002048546101752424
2013-05-22,-0.0101251114859258
2013-05-23,-0.014414307182855987
2013-05-24,-0.008749129486154457
2013-05-28,0.0026004604190424377
2013-05-29,-0.009622479574109187
2013-05-30,0.003925259179963451
2013-05-31,-0.01961642489027545
2013-06-03,0.0038215374985211634
2013-06-04,0.003642097836566982
2013-06-05,-0.02255957180041916
2013-06-06,0.0055615300085824545
2013-06-07,0.013355943955269787
2013-06-10,0.0009944660149115404
2013-06-11,-0.012335393519140035
2013-06-12,-0.0011748555247228915
2013-06-13,0.01516549785913861
2013-06-14,-0.010976264149612978
2013-06-17,0.01427901983010811
2013-06-18,0.007063545886067725
2013-06-19,-0.018837184143962273
2013-06-20,-0.025208763771856067
2013-06-21,0.003284574114105667
2013-06-24,-0.015830534309749702
2013-06-25,0.012719046416573142
2013-06-26,0.003974354986006393
2013-06-27,0.010013313851216012
2013-06-28,-0.0019180987221772124
2013-07-01,0.00938003973480774
2013-07-02,-0.005026375295796635
2013-07-03,0.00034758847454081926
2013-07-05,0.004678786821255806
2013-07-08,0.006204771100988133
2013-07-09,0.005483247148514363
2013-07-10,0.0029007141951717056
2013-07-11,0.022905365602345837
2013-07-12,-0.006665544257847051
2013-07-15,0.006167254332865571
2013-07-16,-0.0006650429193284281
2013-07-17,0.002988543633762982
2013-07-18,0.006609463274308565
2013-07-19,-0.0008237309485511008
2013-07-22,0.005588408349130769
2013-07-23,0.002128499853888762
2013-07-24,-0.0013092689259915746
2013-07-25,0.001963526426362151
2013-07-26,-0.006230661396118827
2013-07-29,-0.009585316099916828
2013-07-30,-0.00016613132256503238
2013-07-31,0.0023226135137406722
2013-08-01,0.01349597105534854
2013-08-02,0.00814073638692776
2013-08-05,-0.0021103633484384062
2013-08-06,-0.0014636205519335905
2013-08-07,-0.004403228237044258
2013-08-08,0.008949483199821086
2013-08-09,0.0017803954251513362
2013-08-12,-0.00275266648755612
2013-08-13,0.006464893902475121
2013-08-14,0.000483382378852805
2013-08-15,-0.0084088090646701
2013-08-16,0.0017847281833787915
2013-08-19,-0.007158192552228607
2013-08-20,-0.00130673923473593
2013-08-21,-0.011840462552157479
2013-08-22,0.009712742174575724
2013-08-23,0.008645549860293218
2013-08-26,-0.007335586516955046
2013-08-27,-0.017162239593960803
2013-08-28,-0.00116585147316727
2013-08-29,-0.0016678376553620905
2013-08-30,-0.012428708285164814
2013-09-03,0.019083343774601757
2013-09-04,0.008913616743985017
2013-09-05,-0.0008217036232955089
2013-09-06,0.005413215137498655
2013-09-09,0.013647286519188968
2013-09-10,0.011232342079796412
2013-09-11,0.003504444980178564
2013-09-12,-0.0057407216932066915
2013-09-13,0.004786306538675877
2013-09-16,0.007768532342659759
2013-09-17,0.0006318249765500436
2013-09-18,0.022905365602345837
2013-09-19,-0.00477675761565261
2013-09-20,-0.007286478202244605
2013-09-23,-0.000311263423432717
2013-09-24,-0.001557519038036029
2013-09-25,0.0010904842912165687
2013-09-26,0.00419548106893777
2013-09-27,-0.003572507822532036
2013-09-30,-0.007184127178636596
2013-10-01,0.005314885452659107
2013-10-02,-0.00031172557906791363
2013-10-03,-0.006571842493653856
2013-10-04,0.0023517631706392785
2013-10-07,-0.01039051313797258
2013-10-08,-0.0077844053391011
2013-10-09,0.004296970421980049
2013-10-10,0.017785866981334574
2013-10-11,0.0052902453072589005
2013-10-14,0.003408098997032288
2013-10-15,-0.0048058059303263305
2013-10-16,0.007431518297322057
2013-10-17,0.013178263152962773
2013-10-18,0.005919498673958275
2013-10-21,0.0015121445046267325
2013-10-22,0.009923067772211261
2013-10-23,-0.0097721670063448
2013-10-24,0.00692578233125673
2013-10-25,-0.002854672526217704
2013-10-28,-0.0016564460777638468
2013-10-29,0.002107743100429362
2013-10-30,-0.0036162551432734552
2013-10-31,-0.00560044516706218
2013-11-01,-0.004869339179712574
2013-11-04,0.004869339179712613
2013-11-05,-0.008689815633917157
2013-11-06,0.00868981563391718
2013-11-07,-0.015912470770040238
2013-11-08,0.0058438287486273005
2013-11-11,0.0021443054728246674
2013-11-12,-0.003371785402954655
2013-11-13,0.003218554319129299
2013-11-14,0.004580239054036289
2013-11-15,0.008040721295141707
2013-11-18,0.0
2013-11-19,-0.0025720815868017534
2013-11-20,-0.006993001268477003
2013-11-21,0.006235144619282272
2013-11-22,0.002876690324324671
2013-11-25,-0.0030281993425387878
2013-11-26,0.0
2013-11-27,0.0024231125866604527
2013-11-29,0.0019646230393334245
2013-12-02,-0.007424968248667421
2013-12-03,-0.007020834532448187
2013-12-04,-0.00537514153063598
2013-12-05,-0.005713575805626694
2013-12-06,0.012313213504722972
2013-12-09,-0.0010711242797354127
2013-12-10,-0.001686145130807929
2013-12-11,-0.009401029728880435
2013-12-12,-0.007304595438880557
2013-12-13,-0.0006242624546289924
2013-12-16,0.00715396212958463
2013-12-17,-0.004348560656382159
2013-12-18,0.015608111535876787
2013-12-19,0.0
2013-12-20,0.00570249124602419
2013-12-23,0.010243822518396735
2013-12-24,0.001975731488468174
2013-12-26,0.005450454471226833
2013-12-27,0.005120332600908509
2013-12-30,0.00419736880224707
2013-12-31,0.003732915131813096
2014-01-02,-0.01789411339424674
2014-01-03,0.0010616966416750423
2014-01-06,-0.0012133201179837078
2014-01-07,0.005598779747525258
2014-01-08,-0.0003019460812004641
2014-01-09,-0.0007547781746745942
2014-01-10,0.009172265578898008
2014-01-13,-0.008719200734961562
2014-01-14,0.007970510566387099
2014-01-15,0.004185367543088774
2014-01-16,-0.0004475095114434785
2014-01-17,-0.0029891678630709277
2014-01-21,0.004778245278222729
2014-01-22,0.0
2014-01-23,-0.006726071209541295
2014-01-24,-0.025208763771856067
2014-01-27,-0.004636663349304301
2014-01-28,0.008637969271507465
2014-01-29,-0.011275061403381068
2014-01-30,0.005112753828304581
2014-01-31,-0.01714516171368598
2014-02-03,-0.02064878140248309
2014-02-04,0.011489016233045074
2014-02-05,0.0020603363605421234
2014-02-06,0.01757739544993038
2014-02-07,0.012983130440673443
2014-02-10,-0.0033839530727223705
2014-02-11,0.01574608546371647
2014-02-12,0.0016668118130356202
2014-02-13,0.003023886954249909
2014-02-14,0.0037669847802634386
2014-02-18,0.008536093769817354
2014-02-19,-0.006732795116984342
2014-02-20,0.0034466574060219414
2014-02-21,0.001943488580181808
2014-02-24,0.008623110752741674
2014-02-25,-0.002371374534292955
2014-02-26,-0.0034187980262324587
2014-02-27,0.003418798026232395
2014-02-28,0.0017791572024594775
2014-03-03,-0.02140957057589799
2014-03-04,0.019630413373438446
2014-03-05,-0.0008907272039087874
2014-03-06,0.010342828073560042
2014-03-07,-0.005453617659982381
2014-03-10,-0.006226631062342027
2014-03-11,-0.007314148442010043
2014-03-12,-0.0037523644210517813
2014-03-13,-0.018822678991044506
2014-03-14,-0.0021476570892490434
2014-03-17,0.01251376819916969
2014-03-18,0.006198323557960335
2014-03-19,-0.012283072128604739
2014-03-20,-0.003821773251819294
2014-03-21,-0.0019932180629535544
2014-03-24,0.002605730131335464
2014-03-25,0.010809185758941808
2014-03-26,-0.00015140620982831798
2014-03-27,0.004985229812859341
2014-03-28,0.007506526092878967
2014-03-31,0.005072367253439171
2014-04-01,0.006378331646451001
2014-04-02,0.001920332640548472
2014-04-03,-0.0028078181502069833
2014-04-04,-0.003112774921731292
2014-04-07,-0.004761891144920076
2014-04-08,-0.0005967238629388292
2014-04-09,0.012753954700041134
2014-04-10,-0.017841501499646025
2014-04-11,-0.006018909679164279
2014-04-14,0.005718569500613708
2014-04-15,-0.004210462575364424
2014-04-16,0.012281366160640217
2014-04-17,0.005196093108583113
2014-04-21,0.0013319193781425828
2014-04-22,0.004132326420580843
2014-04-23,-0.0023593737601313616
2014-04-24,-0.00014752706303030683
2014-04-25,-0.004884065191122551
2014-04-28,0.0031108507208257377
2014-04-29,0.006486550435565899
2014-04-30,0.0039598588128645215
2014-05-01,0.0027773510807785227
2014-05-02,-0.001606904863768243
2014-05-05,-0.0007312015694430781
2014-05-06,-0.0017571940320892571
2014-05-07,0.0011717533547007288
2014-05-08,0.0001461960298211436
2014-05-09,-0.0014647313590314412
2014-05-12,0.006574656771171396
2014-05-13,0.0014552178174496743
2014-05-14,-0.0018921026543073044
2014-05-15,-0.004380163211678566
2014-05-16,0.0021924015176702154
2014-05-19,-0.0020460342337067484
2014-05-20,-0.006311086874974434
2014-05-21,0.007772799027270243
2014-05-22,0.0013142644355389568
2014-05-23,0.002622499739936209
2014-05-27,0.007105140321807828
2014-05-28,-0.0033286673959699096
2014-05-29,0.00607027486112189
2014-05-30,0.00014405459137488346
2014-06-02,0.0020149739845723947
2014-06-03,-0.0024474319598952166
2014-06-04,-0.00028809992116852513
2014-06-05,0.006896431037462108
2014-06-06,0.0054261530085287675
2014-06-09,-0.0009970227707802048
2014-06-10,-0.0021406187323379116
2014-06-11,-0.005012515254869741
2014-06-12,0.0002869775101170178
2014-06-13,0.0007173529408034823
2014-06-16,0.00028684329841233353
2014-06-17,-0.0007171471286385107
2014-06-18,0.00857261770063364
2014-06-19,0.005391583831244016
2014-06-20,-0.001699459061710371
2014-06-23,-0.00269670543877235
2014-06-24,-0.0062732262027345165
2014-06-25,-0.0003518690181263567
2014-06-26,0.0007328313233811378
2014-06-27,0.0005858479784008696
2014-06-30,0.0008778226487981863
2014-07-01,0.008737469938017056
2014-07-02,0.001593510042701993
2014-07-03,0.0020246649835139394
2014-07-07,-0.007831611843473606
2014-07-08,-0.010539045656113055
2014-07-09,0.0032321196802961054
2014-07-10,-0.011061211566090247
2014-07-11,0.000593143950339417
2014-07-14,0.007383302881703959
2014-07-15,-0.0025042855566587037
2014-07-16,0.006175441195182828
2014-07-17,-0.012834635948728768
2014-07-18,0.007838354448827745
2014-07-21,-0.0036896550365648653
2014-07-22,0.004426155602187047
2014-07-23,0.0020588282872304195
2014-07-24,0.0023478227600349203
2014-07-25,-0.004112526225028468
2014-07-28,0.0001471455272686594
2014-07-29,-0.0020619331164436314
2014-07-30,-0.0014755492484561364
2014-07-31,-0.016827477744834615
2014-08-01,-0.006931806048373727
2014-08-04,0.004677232303022302
2014-08-05,-0.012876290100063232
2014-08-06,-0.002442518467931461
2014-08-07,-0.008133135866316907
2014-08-08,0.00583814457847442
2014-08-11,0.003822224371121411
2014-08-12,-0.0007630051807681703
2014-08-13,0.005634504042692518
2014-08-14,0.0053010451418017066
2014-08-15,-0.0010582008220325846
2014-08-18,0.006481533726670871
2014-08-19,0.002401100738412667
2014-08-20,-0.0031525302010528434
2014-08-21,0.004200907641395877
2014-08-22,-0.004802615543049325
2014-08-25,0.006448407355465091
2014-08-26,0.0001492982749119933
2014-08-27,0.0019411165491037806
2014-08-28,-0.004484969113885047
2014-08-29,-0.0004496523077171161
2014-09-02,0.0019465387121385157
2014-09-03,0.007007459411009976
2014-09-04,-0.0047654239747669455
2014-09-05,0.00014933212582563316
2014-09-08,-0.010653729172737894
2014-09-09,-0.0028703376998408764
2014-09-10,0.005732381387316562
2014-09-11,-0.005581197098885439
2014-09-12,-0.0013623544145635678
2014-09-15,-0.0021226667574977143
2014-09-16,0.004241074732169008
2014-09-17,-0.007129221990583905
2014-09-18,0.007733748442193519
2014-09-19,-0.0034805919214706254
2014-09-22,-0.004405387190491471
2014-09-23,-0.008409381177942148
2014-09-24,0.005054190026147987
2014-09-25,-0.014774097199829282
2014-09-26,0.004177086721700633
2014-09-29,-0.009306532267207103
2014-09-30,-0.0007794272738870598
2014-10-01,-0.011923698170085532
2014-10-02,-0.01079012585104695
2014-10-03,0.0
2014-10-06,0.006361297204945104
2014-10-07,-0.01710836203008498
2014-10-08,0.015680355235232372
2014-10-09,-0.025208763771856067
2014-10-10,-0.015121765028089146
2014-10-13,-0.0013258975587522503
2014-10-14,0.002484466002932411
2014-10-15,-0.0059731384987789776
2014-10-16,-0.009363070381844777
2014-10-17,0.018474404216609133
2014-10-20,0.006246913704256082
2014-10-21,0.011892453499114495
2014-10-22,-0.007314365955447032
2014-10-23,0.00957875667783203
2014-10-24,0.005478774721986774
2014-10-27,-0.005640353025975806
2014-10-28,0.015076714349004034
2014-10-29,-0.007670330138488207
2014-10-30,0.0071926959938213905
2014-10-31,0.018305689391685077
2014-11-03,-0.008637859556697571
2014-11-04,-0.00569441568397668
2014-11-05,0.0019017713971049713
2014-11-06,-0.005397551403449173
2014-11-07,0.00047732282213123464
2014-11-10,0.004445249084844428
2014-11-11,0.006001010154542669
2014-11-12,-0.008538827372515103
2014-11-13,0.004752929447329307
2014-11-14,0.0014213609172143953
2014-11-17,-0.003953472737342252
2014-11-18,0.010873906464498047
2014-11-19,-0.0029826117092500055
2014-11-20,-0.005991630756392468
2014-11-21,0.00866081857713169
2014-11-24,0.0057844992018611565
2014-11-25,0.001713219345076013
2014-11-26,0.0038828580603034223
2014-11-28,-0.008093492347407964
2014-12-01,-0.0009379362220656377
2014-12-02,0.0028115002515713907
2014-12-03,-0.001248625324272103
2014-12-04,-0.0032851913607474413
2014-12-05,0.002191435435762737
2014-12-08,-0.008794126241952903
2014-12-09,-0.005377147169733584
2014-12-10,-0.012767646688841729
2014-12-11,-0.0012855827167971153
2014-12-12,-0.019487575237937954
2014-12-15,-0.0167014145771028
2014-12-16,0.007144582818888435
2014-12-17,0.011882673750230527
2014-12-18,0.01768520248600287
2014-12-19,0.0014596194379558733
2014-12-22,0.004850570146330858
2014-12-23,-0.003231153725911442
2014-12-24,0.0045205138437492175
2014-12-26,0.0025743266705391394
2014-12-29,-0.0072564292592037375
2014-12-30,-0.009267877556079385
2014-12-31,-0.006226451454951793
2015-01-02,-0.004282633630628551
2015-01-05,-0.023888187337258105
2015-01-06,-0.011391866245313104
2015-01-07,0.011053741848871245
2015-01-08,0.013438748822401555
2015-01-09,-0.004850481755104901
2015-01-12,-0.002350308660632354
2015-01-13,0.005029121242751294
2015-01-14,-0.0028467757474615876
2015-01-15,0.006352396755028441
2015-01-16,0.012914258325372041
2015-01-20,0.003448712459500193
2015-01-21,0.007837767171974708
2015-01-22,0.003733916566414121
2015-01-23,-0.005687522274555539
2015-01-26,0.01359676422409213
2015-01-27,0.0014459506911452835
2015-01-28,-0.01504271491523734
2015-01-29,0.01359676422409213
2015-01-30,-0.015881200310499846
2015-02-02,0.012015190500274664
2015-02-03,0.01585156108219579
2015-02-04,-0.008294445332106938
2015-02-05,0.013681114889129606
2015-02-06,-0.012560715043448878
2015-02-09,-0.00481150578554447
2015-02-10,0.009122188738830712
2015-02-11,-0.0054310827989668955
2015-02-12,0.015417717368777303
2015-02-13,0.0066028031772633455
2015-02-17,0.002347577581902824
2015-02-18,0.00592269603336326
2015-02-19,0.0012424641839549322
2015-02-20,0.009269320008812237
2015-02-23,-0.0035431887301748148
2015-02-24,0.00615403933398696
2015-02-25,0.0007664895881151066
2015-02-26,-0.0027624510488583904
2015-02-27,0.0004609785931310324
2015-03-02,0.0015349828676123139
2015-03-03,-0.006154039333986974
2015-03-04,-0.004020309924904854
2015-03-05,0.002321338551962637
2015-03-06,-0.0136966152517569
2015-03-09,0.0015659902245101784
2015-03-10,-0.021989331867752888
2015-03-11,0.0025558183719064155
2015-03-12,0.012367368641161417
2015-03-13,-0.005847478260789111
2015-03-16,0.011190890779884204
2015-03-17,-0.0025109764105674566
2015-03-18,0.021145098711772725
2015-03-19,-0.011761412773112776
2015-03-20,0.021864042268727214
2015-03-23,0.005013139945569603
2015-03-24,-0.0021235916461713133
2015-03-25,-0.004718829197975491
2015-03-26,-0.008735036544161393
2015-03-27,0.002613179010504812
2015-03-30,0.0006138511177767529
2015-03-31,-0.01561687213353009
2015-04-01,0.00714290821390442
2015-04-02,0.008627387722400822
2015-04-06,0.010073411811080327
2015-04-07,-0.001367725858794771
2015-04-08,0.004248791708428563
2015-04-09,0.001361930951316424
2015-04-10,0.001963921274742753
2015-04-13,-0.00635896150702256
2015-04-14,0.007414790028647675
2015-04-15,0.004512673126535299
2015-04-16,0.002697938887852148
2015-04-17,-0.01265291737477484
2015-04-20,0.001060624612703537
2015-04-21,0.008894353874219203
2015-04-22,0.0019491981171807775
2015-04-23,0.003737878179155624
2015-04-24,0.005803155152601865
2015-04-27,0.004883959126432566
2015-04-28,0.0011804204600326866
2015-04-29,-0.008738746902437214
2015-04-30,-0.010618490414330427
2015-05-01,0.01106472812778806
2015-05-04,-0.0010412225612886532
2015-05-05,-0.014997587772554655
2015-05-06,0.002565618801260967
2015-05-07,-0.0033213332367445394
2015-05-08,0.022872697122754675
2015-05-11,-0.008758435851669926
2015-05-12,-0.0005964706343925992
2015-05-13,0.007431430869020944
2015-05-14,0.011923650064132868
2015-05-15,0.001169814199385351
2015-05-18,-0.00336726275128236
2015-05-19,-0.0038201379112553172
2015-05-20,0.001911855048394446
2015-05-21,0.005275545614143168
2015-05-22,-0.006451703699563715
2015-05-26,-0.018109361029583868
2015-05-27,0.00968940406333771
2015-05-28,-0.0017817492547948898
2015-05-29,-0.009706923274504392
2015-06-01,-0.002704597315017311
2015-06-02,0.004653503496081371
2015-06-03,0.005526241070544938
2015-06-04,-0.010781847591094141
2015-06-05,-0.011965085448429929
2015-06-08,-0.0013723927851327228
2015-06-09,-0.00550800641587977
2015-06-10,0.02080076173493288
2015-06-11,0.0027012557095222396
2015-06-12,-0.007974282003942505
2015-06-15,-0.006060481548217734
2015-06-16,-0.0003040258387064194
2015-06-17,-0.0022828288525759606
2015-06-18,0.008949511831657507
2015-06-19,-0.0024190235057916748
2015-06-22,0.018745348143804703
2015-06-23,0.002670488590358281
2015-06-24,-0.008631115661053028
2015-06-25,-0.00044075389235896157
2015-06-26,-0.00045622635386826244
2015-06-29,-0.025208763771856067
2015-06-30,-0.0036161577830664256
2015-07-01,0.006437035026262928
2015-07-02,0.0012511646827383389
2015-07-06,-0.020368582422175954
2015-07-07,0.00031883483499580583
2015-07-08,-0.023557104717279828
2015-07-09,0.016355382757939355
2015-07-10,0.022905365602345837
2015-07-13,0.0037256093877557107
2015-07-14,0.00833209827607626
2015-07-15,-0.003694717662592988
2015-07-16,0.008599504702463102
2015-07-17,-0.0016831181381048907
2015-07-20,0.002600181124666545
2015-07-21,-0.0029067273334406176
2015-07-22,-0.0076899476499599885
2015-07-23,-0.0026281540997838463
2015-07-24,-0.01105151198776452
2015-07-27,-0.007383485508537171
2015-07-28,0.012535096507947228
2015-07-29,0.0035751263345405837
2015-07-30,-0.0007758635610129242
2015-07-31,0.005883142314679308
2015-08-03,-0.002627590120402402
2015-08-04,0.0007736581779256795
2015-08-05,0.00524440278447618
2015-08-06,-0.004162695485617235
2015-08-07,-0.0018553654767846433
2015-08-10,0.01215285211717296
2015-08-11,-0.015408404311449853
2015-08-12,-0.00716873951332984
2015-08-13,-0.0006255786736766704
2015-08-14,0.001563731326295724
2015-08-17,-0.0018767871990309941
2015-08-18,-0.00754249126057393
2015-08-19,-0.008872069350107462
2015-08-20,-0.024485842898933543
2015-08-21,-0.02309543272449658
2015-08-24,-0.025208763771856067
2015-08-25,0.009462405333243752
2015-08-26,0.022905365602345837
2015-08-27,0.01213745592746685
2015-08-28,-0.0014885075157399993
2015-08-31,-0.007475614841670703
2015-09-01,-0.025208763771856067
2015-09-02,0.014728868972571965
2015-09-03,0.002377190559161491
2015-09-04,-0.023163138292924587
2015-09-08,0.022905365602345837
2015-09-09,-0.004055316721297873
2015-09-10,0.006581992513272419
2015-09-11,-0.0001683609473992304
2015-09-14,-0.007599594364071324
2015-09-15,0.006758050956324079
2015-09-16,0.015206128951621583
2015-09-17,0.0004975438629727735
2015-09-18,-0.025208763771856067
2015-09-21,-0.0005102331329847926
2015-09-22,-0.024101758698387772
2015-09-23,-0.004715443714837313
2015-09-24,-0.002805478915772074
2015-09-25,0.008740017961888344
2015-09-28,-0.01986181200159141
2015-09-29,-0.0014212022159625806
2015-09-30,0.018843602387735574
2015-10-01,0.0031353457095978443
2015-10-02,0.016899688209149024
2015-10-05,0.019641930272061618
2015-10-06,0.0011727884551033258
2015-10-07,0.01248238576542575
2015-10-08,0.007907816226836688
2015-10-09,0.0018035717137250675
2015-10-12,-0.0019674811970672727
2015-10-13,-0.012718162571196574
2015-10-14,0.0019925540887408924
2015-10-15,0.016942843133248838
2015-10-16,-0.0008159485100710451
2015-10-19,-0.0034338049436546786
2015-10-20,-0.004103352452896312
2015-10-21,-0.0004936967788888091
2015-10-22,0.011127640858412925
2015-10-23,0.00987793183281614
2015-10-26,-0.0037130635422581845
2015-10-27,-0.00877198934213012
2015-10-28,0.006504936944711547
2015-10-29,-0.007321151836946975
2015-10-30,-0.00212479794045909
2015-11-02,0.009445949777406185
2015-11-03,-0.0003241901061965999
2015-11-04,-0.005528204375881589
2015-11-05,-0.001795330004489304
2015-11-06,-0.004584254746924718
2015-11-09,-0.010391724435653714
2015-11-10,-0.0006634132179836581
2015-11-11,0.005130250927659572
2015-11-12,-0.013126411829481596
2015-11-13,-0.008397988644778604
2015-11-16,0.012570767774277368
2015-11-17,0.002661242689660274
2015-11-18,0.009094700420684648
2015-11-19,0.0050899858633202
2015-11-20,-0.002295506456801082
2015-11-23,-0.006257245307647999
2015-11-24,0.00016513372058406958
2015-11-25,0.0023094334291194328
2015-11-27,0.00016489361270342765
2015-11-30,-0.0008240675917716066
2015-12-01,0.010496991334889865
2015-12-02,-0.010662020898297158
2015-12-03,-0.004793772433481537
2015-12-04,0.00808643475554489
2015-12-07,-0.0064307951760271785
2015-12-08,-0.014832494227555225
2015-12-09,-0.0045436815092024
2015-12-10,0.00016878691474592715
2015-12-11,-0.019239563156898787
2015-12-14,0.0015461257110855168
2015-12-15,0.004965316346799389
2015-12-16,0.019953163974626185
2015-12-17,-0.012805353300737232
2015-12-18,-0.010569475501162131
2015-12-21,0.004622709892043759
2015-12-22,0.007543148598100083
2015-12-23,0.016599452274467304
2015-12-24,-0.0016813956993118261
2015-12-28,-0.0023584408550144306
2015-12-29,0.009901882258206355
2015-12-30,-0.006030160007738186
2015-12-31,-0.013531995344114405
2016-01-04,-0.015445536788424124
2016-01-05,-0.0015578963060904184
2016-01-06,-0.016592788100720283
2016-01-07,-0.021000907363998667
2016-01-08,-0.01212363192744291
2016-01-11,0.004178302652832225
2016-01-12,0.004702581342252806
2016-01-13,-0.015639358485418534
2016-01-14,0.012748305423645601
2016-01-15,-0.025208763771856067
2016-01-19,0.009158266734786402
2016-01-20,-0.02295942949679901
2016-01-21,0.007397196190900435
2016-01-22,0.022905365602345837
2016-01-25,-0.013489823603913171
2016-01-26,0.017702750975033845
2016-01-27,-0.006417965729908754
2016-01-28,0.002939033779950338
2016-01-29,0.01745508405925511
2016-02-01,-0.0010821758740893785
2016-02-02,-0.023551865562666037
2016-02-03,0.008279080240065437
2016-02-04,0.0012813015318044931
2016-02-05,-0.015489651353279621
2016-02-08,-0.018758620903265463
2016-02-09,-0.011618218757217674
2016-02-10,-0.001150116911295001
2016-02-11,-0.014683449008565544
2016-02-12,0.017364968158171068
2016-02-16,0.020072714853676055
2016-02-17,0.01710073993120838
2016-02-18,-0.0051739618547222395
2016-02-19,-0.0011118895513918465
2016-02-22,0.011249406196127873
2016-02-23,-0.016455795654233635
2016-02-24,-0.003548452020540772
2016-02-25,0.0119026594457363
2016-02-26,-0.0025915781339229905
2016-02-29,-0.005949016820696051
2016-03-01,0.022905365602345837
2016-03-02,0.006881560795931271
2016-03-03,0.009698427391233961
2016-03-04,0.007301325246085427
2016-03-07,-0.0012428503058239172
2016-03-08,-0.009818715343816582
2016-03-09,0.0037602404035549076
2016-03-10,-0.0016099168839254806
2016-03-11,0.022905365602345837
2016-03-14,-0.0020957603139827854
2016-03-15,-0.009485211736674345
2016-03-16,0.008785706726808227
2016-03-17,0.007668125238517376
2016-03-18,-0.001737607690707181
2016-03-21,-0.0015661332841342135
2016-03-22,-0.0017436273681496477
2016-03-23,-0.010171991642196876
2016-03-24,-0.006720721828530507
2016-03-28,0.0060155086180289224
2016-03-29,0.010702665965868984
2016-03-30,0.007476397849318677
2016-03-31,-0.009922615858015675
2016-04-01,-0.010729288311574985
2016-04-04,-0.0021240587181434157
2016-04-05,-0.01986640896211865
2016-04-06,0.016137853535907142
2016-04-07,-0.014692941185926041
2016-04-08,0.018952912027407898
2016-04-11,0.0005310436949841988
2016-04-12,0.014760719380782132
2016-04-13,0.015748278453289282
2016-04-14,0.0032569947704068907
2016-04-15,-0.0022273646935592633
2016-04-18,0.008539701100835977
2016-04-19,0.017198399170572927
2016-04-20,0.0008354012645449761
2016-04-21,-0.006031085018935727
2016-04-22,0.0005037485989275943
2016-04-25,-0.00505124536613771
2016-04-26,0.003538642548500326
2016-04-27,0.0006725692789948975
2016-04-28,-0.013709128209334308
2016-04-29,-0.004269638674409836
2016-05-02,0.009368966208636897
2016-05-03,-0.016583031517974266
2016-05-04,-0.011617024811512793
2016-05-05,-0.0020948521275516736
2016-05-06,0.0027922501827228577
2016-05-09,-0.0020935666909761624
2016-05-10,0.01421930257207458
2016-05-11,-0.008646022463894867
2016-05-12,-0.0003477342855259525
2016-05-13,-0.010302783411805749
2016-05-16,0.011865365159892522
2016-05-17,-0.007312204808198576
2016-05-18,0.0003495624743418503
2016-05-19,-0.007187323192622915
2016-05-20,0.008234748922906428
2016-05-23,-0.0033208400363241024
2016-05-24,0.01442634249531466
2016-05-25,0.010471346199651168
2016-05-26,0.0027284433983622096
2016-05-27,-0.00102234793084323
2016-05-31,-0.004784681387561823
2016-06-01,-0.0008567319148166717
2016-06-02,0.0
2016-06-03,0.0064934998678428555
2016-06-06,0.005605087207667832
2016-06-07,0.0072568536628594815
2016-06-08,0.0020158443786807046
2016-06-09,-0.012326216681788842
2016-06-10,-0.025208763771856067
2016-06-13,-0.0146298599867826
2016-06-14,-0.016109059036149
2016-06-15,0.006654218431371684
2016-06-16,0.0021484892288506805
2016-06-17,0.009789188264391104
2016-06-20,0.022905365602345837
2016-06-21,0.008090252538699803
2016-06-22,-0.0006127726271465755
2016-06-23,0.022905365602345837
2016-06-24,-0.025208763771856067
2016-06-27,-0.01938155089242786
2016-06-28,0.022905365602345837
2016-06-29,0.018163808884647876
2016-06-30,0.01479905842553704
2016-07-01,0.0
2016-07-05,-0.01953739944130903
2016-07-06,-0.00182858729554531
2016-07-07,-0.004034446066922764
2016-07-08,0.015136595546258864
2016-07-11,0.0145543338727093
2016-07-12,0.013465733831544358
2016-07-13,-0.0010565464300560093
2016-07-14,0.008595942023744816
2016-07-15,-0.0050786849211852175
2016-07-18,0.0024549306232025084
2016-07-19,-0.007912035263271637
2016-07-20,0.008962380544767412
2016-07-21,-0.004031937278660245
2016-07-22,0.001930315971130358
2016-07-25,-0.0012278726692366605
2016-07-26,0.0042036367875448715
2016-07-27,0.0036639580456863954
2016-07-28,-0.0010453280126733661
2016-07-29,0.011785422663467706
2016-08-01,-0.00656881669086181
2016-08-02,-0.005042308736847796
2016-08-03,-0.0034923362979755934
2016-08-04,0.005755784658262861
2016-08-05,0.004511413387643109
2016-08-08,0.0020756224424455074
2016-08-09,0.007916030792810785
2016-08-10,0.003422247946940446
2016-08-11,0.007148949485844217
2016-08-12,-0.0025471408449867076
2016-08-15,0.003903297692998797
2016-08-16,-0.0015255853238337327
2016-08-17,-0.00033944730910648194
2016-08-18,0.005077978417010641
2016-08-19,-0.007456583228023902
2016-08-22,0.0010201670558886355
2016-08-23,0.004238984414634459
2016-08-24,-0.0023716708745818156
2016-08-25,-0.004078781527048883
2016-08-26,-0.0059783951228701065
2016-08-29,0.0030790113672302596
2016-08-30,-0.0013671757031304954
2016-08-31,-0.0020546565692477325
2016-09-01,0.006832079820070975
2016-09-02,0.011507847965112453
2016-09-06,0.00670825470899108
2016-09-07,0.0005011400710252981
2016-09-08,-0.0028440880608850303
2016-09-09,-0.019624999810474046
2016-09-12,0.00816756590334624
2016-09-13,-0.02037230396296982
2016-09-14,-0.0013843629899592874
2016-09-15,0.008622012995648017
2016-09-16,-0.012961316275365477
2016-09-19,0.005204754707778681
2016-09-20,0.006038129914467527
2016-09-21,0.01739168837434155
2016-09-22,0.010090949879265971
2016-09-23,-0.008402037694279876
2016-09-26,-0.0093243048765856
2016-09-27,0.0047577717484120615
2016-09-28,0.00709460680235591
2016-09-29,-0.012534165097498794
2016-09-30,0.007810107986719439
2016-10-03,-0.00270951488539743
2016-10-04,-0.00016981966905316135
2016-10-05,0.004062379931567045
2016-10-06,-0.005420126117087957
2016-10-07,-0.005108072345515883
2016-10-10,0.0028979007960410145
2016-10-11,-0.014228478121342873
2016-10-12,-0.0022470166264086638
2016-10-13,-0.003814117614593306
2016-10-14,0.0017355168600459978
2016-10-17,-0.002952250818389443
2016-10-18,0.009864268703592282
2016-10-19,0.002751281013079957
2016-10-20,0.0015446046233345654
2016-10-21,-0.002231417691068777
2016-10-24,-0.00017184083665702893
2016-10-25,-0.0006879143248764977
2016-10-26,-0.004481945657315696
2016-10-27,-0.0012101276348429483
2016-10-28,-0.0003460566223090085
2016-10-31,0.0005189115618978874
2016-11-01,-0.004333029176491248
2016-11-02,-0.006797382322531129
2016-11-03,-0.0010500643672135147
2016-11-04,-0.0096755109291763
2016-11-07,0.013693891390698635
2016-11-08,0.002786205167678784
2016-11-09,0.0008689113011309841
2016-11-10,-0.002783350503289319
2016-11-11,-0.006116385278057426
2016-11-14,-0.005448559311385199
2016-11-15,0.0043964482832448155
2016-11-16,-0.01058393693285043
2016-11-17,0.007596494526367865
2016-11-18,-0.010971705349215228
2016-11-21,0.008504662524623651
2016-11-22,0.0024670428245915955
2016-11-23,-0.0035261129359773595
2016-11-25,0.002998066459803355
2016-11-28,-0.005296821826021232
2016-11-29,0.006352548981896298
2016-11-30,-0.001055727155875001
2016-12-01,-0.0038816721673646535
2016-12-02,0.00247174689753429
2016-12-05,0.009826600983834711
2016-12-06,0.00678673615576898
2016-12-07,0.014804798260321899
2016-12-08,-0.0008547355670174394
2016-12-09,0.004266559458770413
2016-12-12,-0.00443757733360433
2016-12-13,0.010718835029142436
2016-12-14,-0.014832488048516095
2016-12-15,-0.002235765664829595
2016-12-16,0.0006884211302352165
2016-12-19,-0.001549230573640637
2016-12-20,0.003439736073101175
2016-12-21,0.00027758930742703474
2016-12-22,-0.0022570396299743207
2016-12-23,0.0026038117165626926
2016-12-27,-0.0012142287658138257
2016-12-28,-0.0038261159076546617
2016-12-29,0.0024365329569059424
2016-12-30,0.003470470914480563
2017-01-03,0.006216302516869439
2017-01-04,0.011298027904372393
2017-01-05,0.008474422814545145
2017-01-06,-0.00338145494091838
2017-01-09,-0.0015253349564269755
2017-01-10,0.00017007684921023343
2017-01-11,0.005242706743521055
2017-01-12,0.0015172723146358394
2017-01-13,0.0036986675250543517
2017-01-17,-0.0036986675250543894
2017-01-18,-0.0028675169914731537
2017-01-19,-0.002537203959466994
2017-01-20,0.005741589341891797
2017-01-23,0.002522202481202151
2017-01-24,0.002516267561525896
2017-01-25,0.010333550465950267
2017-01-26,-0.003987455706364329
2017-01-27,-0.0016661371799858355
2017-01-30,-0.007196225141126108
2017-01-31,0.0015107339202309728
2017-02-01,0.004016491524244609
2017-02-02,0.0005011642986993222
2017-02-03,0.0039985864736638566
2017-02-06,-0.00717564588538154
2017-02-07,-0.0010052787833956943
2017-02-08,0.001674739572442474
2017-02-09,0.004175517705175088
2017-02-10,0.0023306673911597364
2017-02-13,0.003982823793297309
2017-02-14,-0.0014917920706822142
2017-02-15,0.0038078081394701574
2017-02-16,0.0023105837264845797
2017-02-17,-0.0026412422551490055
2017-02-21,0.0033003027305352033
2017-02-22,0.0
2017-02-23,0.0021394552870437214
2017-02-24,-0.007259606392812635
2017-02-27,0.0006621684191918547
2017-02-28,-0.0014904757060940166
2017-03-01,0.010386816425942478
2017-03-02,-0.006582238557229538
2017-03-03,0.005926017258440037
2017-03-06,-0.0031233489390840217
2017-03-07,-0.003463386656396178
2017-03-08,-0.0036410433923203503
2017-03-09,0.003806466317294624
2017-03-10,0.008388766386467869
2017-03-13,0.0052278835696638335
2017-03-14,-0.00768786649821507
2017-03-15,0.014184579445761436
2017-03-16,0.0048449655401408215
2017-03-17,0.0025743629044841032
2017-03-20,-0.0020911943706400844
2017-03-21,-0.004518915442133996
2017-03-22,0.00016165419127649305
2017-03-23,0.0022617637161758014
2017-03-24,0.002739517071947549
2017-03-27,0.0025714664737767337
2017-03-28,0.004803612260868473
2017-03-29,0.0
2017-03-30,-0.0035203544454989843
2017-03-31,-0.0014438497445027267
2017-04-03,-0.001445937461300031
2017-04-04,-0.00032141086878712693
2017-04-05,-0.005321497746160484
2017-04-06,0.00016181352904179664
2017-04-07,-0.0006467769768375362
2017-04-10,-0.001133184780301607
2017-04-11,0.004685529590059517
2017-04-12,-0.0008064270209026909
2017-04-13,-0.006473423298783592
2017-04-17,0.00615092341738053
2017-04-18,-0.004528654606105559
2017-04-19,-0.004060657158858596
2017-04-20,0.007943604082419528
2017-04-21,0.0006457076825447341
2017-04-24,0.022905365602345837
2017-04-25,0.0070573001558559886
2017-04-26,-0.0028170537677083235
2017-04-27,0.0009399255339232977
2017-04-28,-0.001096563281567014
2017-05-01,0.004066924063747785
2017-05-02,0.005138230201993878
2017-05-03,-0.002020973019238564
2017-05-04,0.00944789090227721
2017-05-05,0.011037966606762865
2017-05-08,-0.0074986757612862
2017-05-09,-0.00246072962391652
2017-05-10,0.0015385712591960094
2017-05-11,-0.002462927102989617
2017-05-12,0.005533211569136889
2017-05-15,0.005045603862732489
2017-05-16,0.006384711547933925
2017-05-17,-0.011430315410666324
2017-05-18,0.0016848232256612141
2017-05-19,0.011562519056892958
2017-05-22,0.0012092727787680617
2017-05-23,0.00015120441154719435
2017-05-24,0.0006038491531782714
2017-05-25,0.0
2017-05-26,-0.0028723157665041495
2017-05-30,-0.0010602030941386906
2017-05-31,0.001211727959941058
2017-06-01,0.0064880467689647486
2017-06-02,0.010919237854385954
2017-06-05,-0.0055196472528612
2017-06-06,-0.0028459951391956147
2017-06-07,0.0002998131300026159
2017-06-08,-0.001801333199589375
2017-06-09,-0.0037630652956068206
2017-06-12,-0.0037770568661002913
2017-06-13,0.007690338849561239
2017-06-14,-0.000751456562437592
2017-06-15,-0.01042687240511012
2017-06-16,0.008470970070542051
2017-06-19,0.004058662278738342
2017-06-20,-0.008081825701925095
2017-06-21,-0.0012300840736185058
2017-06-22,-0.0001537927240813992
2017-06-23,0.0024591086349191396
2017-06-26,0.0016873070908337033
2017-06-27,-0.00015332773330257456
2017-06-28,0.008699223475794621
2017-06-29,-0.00992610021673445
2017-06-30,0.0006136265237753514
2017-07-03,-0.0012276298162683813
2017-07-05,0.0
2017-07-06,-0.004463280833608727
2017-07-07,0.00015414853387434095
2017-07-10,0.0024646345546410456
2017-07-11,0.0023051095909019403
2017-07-12,0.007949652764297451
2017-07-13,0.00288909423238645
2017-07-14,0.006960298768369387
2017-07-17,-0.0019622204897319154
2017-07-18,0.0009062026989324849
2017-07-19,0.004367896519412507
2017-07-20,0.004049473632250916
2017-07-21,-0.003899141280772075
2017-07-24,-0.0027085013944961687
2017-07-25,0.0013552039829250013
2017-07-26,0.006150235383922784
2017-07-27,-0.0022458964221917363
2017-07-28,0.0010485827392323174
2017-07-31,0.00209416092399794
2017-08-01,0.005512843002206005
2017-08-02,0.0004454799959325831
2017-08-03,0.0005940705064596866
2017-08-04,0.0013349585489558346
2017-08-07,0.00044449515861829715
2017-08-08,-0.005348391723268008
2017-08-09,-0.001639870880715732
2017-08-10,-0.014276382104797472
2017-08-11,-0.0018178794032058137
2017-08-14,0.00725206364734418
2017-08-15,-0.0007531739583829098
2017-08-16,0.005708327027214193
2017-08-17,-0.01129771778545701
2017-08-18,0.0027229611858821667
2017-08-21,-0.0003020314626917666
2017-08-22,0.004824274827895426
2017-08-23,0.0001505904803548378
2017-08-24,-0.002258479312560343
2017-08-25,0.006010759386066407
2017-08-28,0.0
2017-08-29,-0.00405333860482249
2017-08-30,-0.0013545057240001146
2017-08-31,0.007652515964884378
2017-09-01,0.0013444028520578721
2017-09-05,-0.006740089188838999
2017-09-06,0.006142647840509302
2017-09-07,0.008181604831569808
2017-09-08,0.00014798011634413748
2017-09-11,0.00782021051675042
2017-09-12,0.0030816549766219223
2017-09-13,-0.0054361120157112265
2017-09-14,0.0017664509421133096
2017-09-15,0.0008818086687950713
2017-09-18,0.0013217167922086818
2017-09-19,0.00468436922689383
2017-09-20,-0.0021930749694743304
2017-09-21,-0.002051227826398649
2017-09-22,0.0030751250107344382
2017-09-25,-0.005718716902758949
2017-09-26,-0.002208391710338627
2017-09-27,0.0007366489119618892
2017-09-28,0.00264748029429544
2017-09-29,0.005858252368949453
2017-10-02,-0.0008766093988461797
2017-10-03,0.0033560539596616088
2017-10-04,-0.001895488382407998
2017-10-05,-0.0005839561784073994
2017-10-06,-0.0007303369785038819
2017-10-09,0.00029212833458254126
2017-10-10,0.009451117189339697
2017-10-11,0.0024570163691401943
2017-10-12,-0.0008663290921661397
2017-10-13,0.005187930949936482
2017-10-16,-0.0007188903140502279
2017-10-17,-0.0025924318136934395
2017-10-18,0.0028802580460570186
2017-10-19,-0.0015832715239633797
2017-10-20,-0.0012969865220936706
2017-10-23,-0.0021656682390195753
2017-10-24,0.0015886893863490965
2017-10-25,-0.0039038981498942743
2017-10-26,-0.00014465155108810279
2017-10-27,0.002315473575443514
2017-10-30,0.0023100549782095053
2017-10-31,0.004173447425208878
2017-11-01,0.001004920483366574
2017-11-02,0.003008440448222253
2017-11-03,-0.0015748854648179702
2017-11-06,0.0014318478711826798
2017-11-07,-0.0037266618468477578
2017-11-08,0.003297288196732152
2017-11-09,-0.005741303356152366
2017-11-10,-0.002738895791467082
2017-11-13,-0.0041945758285606
2017-11-14,-0.0007248661353870844
2017-11-15,-0.004798436410210142
2017-11-16,0.007984370933152716
2017-11-17,-0.0036213585328676184
2017-11-20,0.0021743884475482786
2017-11-21,0.007501525723620784
2017-11-22,0.002727033377771363
2017-11-24,0.008136350344460402
2017-11-27,-0.0059889423623287535
2017-11-28,0.005704527287921615
2017-11-29,-0.003989570578793406
2017-11-30,0.0009989030244128788
2017-12-01,-0.0040018201547686845
2017-12-04,-0.003586480938675181
2017-12-05,-0.002158259640629923
2017-12-06,-0.002018331732001588
2017-12-07,0.0025944389668021758
2017-12-08,0.005311676200588299
2017-12-11,0.002574171951555285
2017-12-12,0.0012846053471296834
2017-12-13,0.0038435331475630678
2017-12-14,-0.005556569419516545
2017-12-15,-0.0002859064542937913
2017-12-18,0.011792459214148851
2017-12-19,-0.003675236004214522
2017-12-20,-0.001720798476890469
2017-12-21,0.0035813655542518536
2017-12-22,0.0025708766901011803
2017-12-26,-0.00028548568317754533
2017-12-27,0.0018531482196186778
2017-12-28,0.0005697652935235229
2017-12-29,0.0007111224890985661
