Date,pred_median,pred_lower,pred_upper,confidence,interval_width,regime
2021-01-04,0.0005250545,-0.0016960768,0.0028109795,0.99549294,0.0045070564,0
2021-01-05,-0.002103222,-0.002645471,0.0020801108,0.9952744,0.004725582,0
2021-01-06,-0.0042053834,-0.0067811143,0.001313093,0.9919058,0.008094207,0
2021-01-07,-0.003488785,-0.005627424,0.0014444722,0.9929281,0.0070718965,0
2021-01-08,-0.003450138,-0.004693313,0.0012657221,0.99404097,0.005959035,0
2021-01-11,-0.001746794,-0.0036952875,0.0011267483,0.995178,0.004822036,0
2021-01-12,6.909571e-05,-0.0030069815,0.0010729738,0.99592006,0.004079955,0
2021-01-13,0.0026206335,-0.0026994862,0.0038845066,0.993416,0.006583993,0
2021-01-14,0.00042503924,-0.0029756187,0.0013713696,0.99565303,0.004346988,0
2021-01-15,0.002029193,-0.0024408223,0.0037840446,0.9937751,0.006224867,0
2021-01-19,0.00050440786,-0.0028747488,0.003371085,0.99375415,0.006245834,0
2021-01-20,0.0005962185,-0.0034539832,0.0032984293,0.99324757,0.0067524128,0
2021-01-21,-0.0005046928,-0.003876618,0.0025471682,0.9935762,0.0064237863,0
2021-01-22,0.0008876075,-0.0025285683,0.0033683742,0.9941031,0.0058969427,0
2021-01-25,0.0022394229,-0.0026092806,0.004266293,0.9931244,0.0068755737,0
2021-01-26,-0.0003117207,-0.0030661707,0.0032594632,0.99367434,0.006325634,0
2021-01-27,0.0017806179,-0.0014402592,0.0042821905,0.99427754,0.0057224496,0
2021-01-28,-0.0020352919,-0.0038285241,0.0024716025,0.99369985,0.0063001267,1
2021-01-29,-0.0013278374,-0.0031898525,0.0024670302,0.9943431,0.0056568827,1
2021-02-01,-0.0008447228,-0.0030217725,0.0025485405,0.9944297,0.005570313,1
2021-02-02,-0.0014839912,-0.0034262168,0.0026689535,0.9939048,0.00609517,1
2021-02-03,-0.0018672952,-0.0041419365,0.0018768982,0.9939812,0.0060188347,1
2021-02-04,0.00021878256,-0.002897349,0.0019238407,0.9951788,0.0048211897,1
2021-02-05,-0.003783499,-0.0043499246,0.0017368083,0.9939133,0.006086733,0
2021-02-08,0.000105305204,-0.0031313824,0.0013549951,0.9955136,0.0044863774,0
2021-02-09,0.0017090916,-0.0027663594,0.0025992107,0.99463445,0.00536557,1
2021-02-10,0.0026394047,-0.0022423626,0.002938381,0.9948193,0.0051807435,0
2021-02-11,-0.0011901994,-0.0028226497,0.0023832752,0.9947941,0.0052059246,0
2021-02-12,-0.0028150436,-0.003433062,0.001341636,0.9952253,0.004774698,0
2021-02-16,-0.0041186456,-0.0073571904,0.0013147106,0.9913281,0.008671901,0
2021-02-17,0.0003180243,-0.003159374,0.0010447473,0.9957959,0.0042041214,0
2021-02-18,0.00041305574,-0.0029935425,0.0010666027,0.99593985,0.004060145,0
2021-02-19,-0.003352833,-0.005108742,0.0019094106,0.99298185,0.0070181526,1
2021-02-22,-0.0025183498,-0.0046146964,0.0020606967,0.9933246,0.0066753933,1
2021-02-23,0.0010977695,-0.0032011438,0.0019688853,0.99482995,0.005170029,1
2021-02-24,-0.0025040896,-0.004116649,0.0020720263,0.9938113,0.006188675,1
2021-02-25,-0.003985185,-0.009763615,0.002029545,0.98820686,0.01179316,1
2021-02-26,0.0028021887,-0.0027483955,0.005307043,0.99194455,0.008055438,1
2021-03-01,0.0019799029,-0.0028103262,0.0042182873,0.99297136,0.0070286132,1
2021-03-02,0.0024011913,-0.002766643,0.0045776786,0.9926557,0.0073443213,1
2021-03-03,0.000605816,-0.00317704,0.003193152,0.9936298,0.006370192,1
2021-03-04,-0.0031946646,-0.004329134,0.0027019351,0.9929689,0.007031069,1
2021-03-05,-0.0032771095,-0.0060025426,0.002336764,0.9916607,0.008339306,1
2021-03-08,-0.0018816513,-0.006232984,0.0052401493,0.9885269,0.011473133,2
2021-03-09,0.0020405657,-0.0039901445,0.005352806,0.99065703,0.00934295,2
2021-03-10,0.0029681958,-0.003089477,0.0054143216,0.9914962,0.008503798,1
2021-03-11,0.0021281538,-0.0029393996,0.0043214574,0.99273914,0.007260857,1
2021-03-12,-0.004058715,-0.006255675,0.0021681492,0.9915762,0.008423824,1
2021-03-15,0.0003349234,-0.0033161624,0.00274883,0.993935,0.0060649924,1
2021-03-16,0.000109113964,-0.003190872,0.0027213795,0.99408776,0.005912252,1
2021-03-17,-0.002578709,-0.004207313,0.0027328178,0.9930599,0.006940131,1
2021-03-18,-0.00440202,-0.006750371,0.0022983067,0.9909513,0.009048678,1
2021-03-19,0.00082108413,-0.0055090003,0.0051849745,0.98930603,0.010693975,2
2021-03-22,0.0017721272,-0.0034767718,0.0036835235,0.9928397,0.0071602953,1
2021-03-23,0.0020321026,-0.003135726,0.0051752664,0.991689,0.008310992,1
2021-03-24,0.0015308877,-0.0030917935,0.0045503816,0.99235785,0.007642175,1
2021-03-25,0.0004026821,-0.0037836425,0.003852619,0.99236375,0.0076362616,1
2021-03-26,-0.0001515663,-0.0053837914,0.0035706717,0.99104553,0.0089544635,1
2021-03-29,-0.0019907742,-0.0057663443,0.002994449,0.9912392,0.008760793,1
2021-03-30,-0.00087096076,-0.004786667,0.0028103064,0.99240303,0.0075969733,1
2021-03-31,-0.0026560735,-0.005228856,0.0030590387,0.9917121,0.008287895,1
2021-04-01,0.0032710012,-0.0033078187,0.0058218134,0.99087036,0.009129632,1
2021-04-05,-0.0012411907,-0.0043737297,0.0020850745,0.9935412,0.006458804,0
2021-04-06,0.002209006,-0.0030986008,0.0038112814,0.9930901,0.006909882,0
2021-04-07,-0.001015974,-0.0035534957,0.0032613948,0.9931851,0.0068148905,0
2021-04-08,0.0021197957,-0.0026027625,0.0039595766,0.99343765,0.006562339,0
2021-04-09,-0.00021736823,-0.0041950396,0.003239264,0.9925657,0.007434304,0
2021-04-12,0.00052265567,-0.0032414987,0.003400014,0.9933585,0.0066415127,0
2021-04-13,0.0016904928,-0.00090922037,0.0040916037,0.9949992,0.005000824,0
2021-04-14,-0.00035526173,-0.0022558374,0.003058957,0.99468523,0.0053147944,0
2021-04-15,0.004466771,-0.0008607044,0.008705004,0.9904343,0.009565708,0
2021-04-16,-0.0019165105,-0.0029903515,0.0031316918,0.99387795,0.0061220434,0
2021-04-19,-0.0016080922,-0.0035179723,0.0028627322,0.9936193,0.006380704,0
2021-04-20,-0.0005306623,-0.0011693784,0.0032452778,0.9955853,0.004414656,0
2021-04-21,0.00087590027,-0.0010079367,0.0034604673,0.9955316,0.0044684038,0
2021-04-22,0.0016120565,-0.0009806616,0.003427829,0.9955915,0.0044084904,0
2021-04-23,-4.0959344e-06,-0.0018664256,0.0030052238,0.99512833,0.0048716497,0
2021-04-26,-0.0014579233,-0.0030634613,0.0029931848,0.99394333,0.006056646,0
2021-04-27,-0.0032972607,-0.0050822278,0.00255839,0.9923594,0.007640618,0
2021-04-28,0.0011293999,-0.0035749897,0.0032651178,0.9931599,0.0068401075,0
2021-04-29,-0.0007092334,-0.0042253765,0.002715711,0.9930589,0.0069410875,0
2021-04-30,0.0018488651,-0.0031089904,0.0033561713,0.99353486,0.0064651617,0
2021-05-03,0.001933013,-0.002923413,0.0029831605,0.9940934,0.0059065735,0
2021-05-04,0.000756292,-0.0028256772,0.002993316,0.99418104,0.005818993,0
2021-05-05,0.0006144474,-0.0025084913,0.002975019,0.9945165,0.00548351,0
2021-05-06,0.0007480928,-0.0023199883,0.0030230917,0.9946569,0.00534308,0
2021-05-07,0.0009231539,-0.0022210272,0.0029777202,0.9948012,0.0051987474,0
2021-05-10,-0.0015156962,-0.003288752,0.0027277109,0.9939835,0.006016463,0
2021-05-11,-0.0018273112,-0.0030429442,0.0023206575,0.9946364,0.0053636017,1
2021-05-12,-0.0038954294,-0.006756941,0.0016907508,0.9915523,0.008447692,1
2021-05-13,0.0023763748,-0.0026327446,0.0030974778,0.9942698,0.0057302224,1
2021-05-14,0.0011513231,-0.0022244295,0.003821724,0.9939538,0.0060461536,1
2021-05-17,0.00012651492,-0.0025440583,0.0032529735,0.994203,0.005797032,1
2021-05-18,3.3996756e-05,-0.0025433882,0.0035271156,0.9939295,0.006070504,1
2021-05-19,-0.0009387137,-0.0032482597,0.0030994161,0.99365234,0.006347676,1
2021-05-20,0.0020513039,-0.002180314,0.0039357273,0.99388397,0.006116041,1
2021-05-21,0.0012297503,-0.0018081146,0.003279946,0.99491197,0.0050880606,1
2021-05-24,0.0018998551,-0.0015750601,0.0028390768,0.99558586,0.004414137,1
2021-05-25,0.0040010153,-0.0010015749,0.005927641,0.9930708,0.006929216,1
2021-05-26,0.001090155,-0.0017773686,0.0026224281,0.9956002,0.004399797,1
2021-05-27,-0.0019226667,-0.0029583077,0.0023796044,0.9946621,0.005337912,1
2021-05-28,-0.00013183198,-0.0025985963,0.0024865116,0.9949149,0.005085108,1
2021-06-01,-0.00017334704,-0.0023209741,0.0025723404,0.9951067,0.0048933146,1
2021-06-02,0.0005287588,-0.0020854264,0.0026068913,0.9953077,0.004692318,1
2021-06-03,-0.0011462701,-0.003049588,0.0024925491,0.99445784,0.005542137,1
2021-06-04,0.0032836725,-0.00084647967,0.005819056,0.9933345,0.0066655357,1
2021-06-07,0.0012004211,-0.0016311546,0.0026381891,0.99573064,0.004269344,1
2021-06-08,0.0029407328,-0.0010638952,0.004171471,0.9947646,0.0052353665,1
2021-06-09,0.0034393985,-0.0010482382,0.0047672587,0.9941845,0.0058154967,0
2021-06-10,0.0036814935,-0.0009511955,0.0054486226,0.9936002,0.006399818,0
2021-06-11,-0.0014909765,-0.0019544947,0.0030428243,0.9950027,0.004997319,0
2021-06-14,-0.0029720394,-0.004662801,0.0026927788,0.9926444,0.00735558,0
2021-06-15,-0.0021333338,-0.003952936,0.002676345,0.9933707,0.0066292807,0
2021-06-16,-0.0047093737,-0.0059072874,0.0018369096,0.9922558,0.007744197,0
2021-06-17,0.001811552,-0.0032850774,0.0031726817,0.99354225,0.006457759,0
2021-06-18,0.0018529375,-0.0022183263,0.0039813793,0.9938003,0.0061997054,0
2021-06-21,-0.0014111764,-0.00394956,0.002648898,0.9934015,0.006598458,0
2021-06-22,0.001000361,-0.0025068235,0.0028350987,0.99465805,0.005341922,0
2021-06-23,-0.0010651654,-0.003636917,0.0026706292,0.99369246,0.006307546,0
2021-06-24,-0.00030209633,-0.0038198987,0.0026839497,0.9934962,0.0065038484,0
2021-06-25,-0.000120323784,-0.0035018688,0.0024989126,0.99399924,0.0060007814,0
2021-06-28,0.0035118316,-0.0028008583,0.0035741595,0.993625,0.0063750176,0
2021-06-29,0.0008242427,-0.0030068993,0.002684479,0.99430865,0.0056913784,0
2021-06-30,0.0014987617,-0.0025107954,0.0028758496,0.99461335,0.005386645,0
2021-07-01,-0.0006539401,-0.002868444,0.002740171,0.9943914,0.005608615,0
2021-07-02,0.002968009,-0.001057048,0.0041006203,0.99484235,0.005157668,0
2021-07-06,0.0045164395,-0.0010430309,0.00697596,0.991981,0.008018991,0
2021-07-07,0.0029885096,-0.0008319347,0.00461185,0.9945562,0.0054437844,0
2021-07-08,0.002734465,-0.0009190853,0.004319882,0.99476105,0.0052389675,0
2021-07-09,-0.0029183086,-0.0054086368,0.002808464,0.9917829,0.008217101,0
2021-07-12,-0.0022714257,-0.004993648,0.0026233613,0.992383,0.007617009,0
2021-07-13,-0.003665918,-0.0060634767,0.0025487877,0.9913877,0.008612264,0
2021-07-14,0.0012393572,-0.0025577336,0.0030888976,0.99435335,0.005646631,0
2021-07-15,0.002199964,-0.0007841738,0.0037531515,0.99546266,0.0045373254,0
2021-07-16,0.0014618711,-0.0007849532,0.0033457817,0.9958693,0.004130735,0
2021-07-19,0.004504873,-0.00072122255,0.007148978,0.9921298,0.0078702,0
2021-07-20,-0.00090375607,-0.0008077815,0.0029961674,0.99619603,0.0038039489,0
2021-07-21,-0.003408617,-0.005413414,0.002599638,0.99198693,0.008013052,0
2021-07-22,-0.0009984416,-0.003126324,0.0027442,0.9941295,0.005870524,0
2021-07-23,-0.001543555,-0.003758022,0.002629055,0.99361295,0.0063870773,0
2021-07-26,-0.001990228,-0.0038281684,0.0026133745,0.99355847,0.006441543,0
2021-07-27,0.0015293756,-0.0018875094,0.0034988362,0.99461365,0.0053863456,0
2021-07-28,0.0009999315,-0.0016095536,0.0028302276,0.9955602,0.0044397814,0
2021-07-29,-0.0021901068,-0.0044435286,0.0026353244,0.9929212,0.007078853,0
2021-07-30,0.00040154412,-0.0016271649,0.0027796226,0.9955932,0.0044067875,0
2021-08-02,0.0031430328,-0.00062338886,0.0042114095,0.9951652,0.004834798,0
2021-08-03,0.0012226711,-0.00059939246,0.003288746,0.99611187,0.0038881386,0
2021-08-04,0.0010611278,-0.00061537785,0.0032543687,0.9961302,0.0038697466,0
2021-08-05,-0.0023631528,-0.0034095317,0.0025586106,0.99403185,0.0059681423,0
2021-08-06,-0.003935941,-0.0048704017,0.001358314,0.99377126,0.0062287156,0
2021-08-09,-0.0030927183,-0.0043706894,0.0012952414,0.99433404,0.005665931,0
2021-08-10,-0.00232793,-0.0040318808,0.0012993863,0.9946687,0.005331267,0
2021-08-11,0.00061604875,-0.0027061624,0.0013427328,0.9959511,0.004048895,0
2021-08-12,6.240189e-05,-0.0026774365,0.0012785251,0.99604404,0.0039559617,0
2021-08-13,0.0034550764,-0.0020075561,0.004157396,0.99383503,0.006164952,0
2021-08-16,0.0012644246,-0.0023353575,0.0035315652,0.99413306,0.0058669224,0
2021-08-17,0.0011902067,-0.0026759517,0.0035479679,0.9937761,0.00622392,0
2021-08-18,0.0014356233,-0.002801093,0.0031734651,0.99402547,0.005974558,0
2021-08-19,0.0013978266,-0.00233794,0.0031951382,0.9944669,0.005533078,0
2021-08-20,0.00056875154,-0.002880419,0.0025656123,0.994554,0.005446031,0
2021-08-23,0.00030082685,-0.0024832636,0.0026826768,0.99483407,0.00516594,0
2021-08-24,-0.0007912474,-0.0030130446,0.0025640463,0.9944229,0.005577091,0
2021-08-25,-0.0014802931,-0.0037670785,0.0018953466,0.99433756,0.005662425,0
2021-08-26,0.0002576294,-0.0031312825,0.00213443,0.9947343,0.0052657127,0
2021-08-27,0.0012588806,-0.0022320366,0.00352247,0.99424547,0.005754506,0
2021-08-30,0.0027465483,-0.002005551,0.0034730851,0.9945214,0.0054786364,0
2021-08-31,0.0001275526,-0.0027585144,0.002866776,0.9943747,0.0056252903,0
2021-09-01,0.00078727625,-0.0022058084,0.0029241536,0.99487007,0.005129962,0
2021-09-02,0.00038105706,-0.0020021189,0.0029513224,0.99504656,0.004953441,0
2021-09-03,-0.0005145918,-0.0028657673,0.002391165,0.99474305,0.005256932,0
2021-09-07,-0.0028117928,-0.0037535352,0.0012329762,0.9950135,0.0049865115,0
2021-09-08,0.002898681,-0.002237817,0.0028931282,0.99486905,0.0051309452,0
2021-09-09,0.0025858546,-0.0016512105,0.003074677,0.9952741,0.0047258874,0
2021-09-10,-0.002397598,-0.0035486838,0.0022108438,0.99424046,0.005759528,0
2021-09-13,-1.770322e-05,-0.0024753504,0.0027155508,0.9948091,0.0051909015,0
2021-09-14,0.003319333,-0.0003120537,0.005067748,0.9946202,0.0053798016,0
2021-09-15,-0.000198603,-0.0021051567,0.0026734073,0.99522144,0.004778564,0
2021-09-16,-0.0027446614,-0.0035230704,0.0021639399,0.994313,0.0056870105,0
2021-09-17,-0.0025050605,-0.0033576686,0.0013038251,0.9953385,0.004661494,0
2021-09-20,0.002694371,-0.0020234182,0.0039927755,0.9939838,0.006016194,1
2021-09-21,-0.0001839663,-0.002106767,0.0025406634,0.99535257,0.00464743,1
2021-09-22,0.0007919726,-0.0017750725,0.002725463,0.9954995,0.0045005353,1
2021-09-23,-0.0041947016,-0.006740922,0.0015910028,0.9916681,0.008331925,1
2021-09-24,-0.0032223123,-0.004713983,0.0019630748,0.99332297,0.0066770576,1
2021-09-27,-0.0031709976,-0.004425863,0.0021225607,0.9934516,0.0065484233,1
2021-09-28,-0.0031130726,-0.0044920626,0.0021220525,0.9933859,0.006614115,1
2021-09-29,0.0006930876,-0.0034501024,0.002057673,0.99449223,0.0055077756,1
2021-09-30,0.0017375181,-0.003198018,0.0029737686,0.99382824,0.0061717867,1
2021-10-01,0.002917319,-0.0027867735,0.004033171,0.99318004,0.006819945,1
2021-10-04,0.0006979443,-0.0027806899,0.003486187,0.9937331,0.006266877,1
2021-10-05,-0.0007836928,-0.0042251237,0.0037326966,0.9920422,0.00795782,2
2021-10-06,0.00046050997,-0.0035023848,0.0026807468,0.99381685,0.0061831316,1
2021-10-07,-0.002971441,-0.004902483,0.0020089063,0.9930886,0.0069113895,1
2021-10-08,-0.0029073232,-0.0042624683,0.0020624688,0.99367505,0.006324937,1
2021-10-11,-0.0026673381,-0.004055425,0.0020787683,0.9938658,0.0061341934,1
2021-10-12,0.0012248551,-0.0048644305,0.005456455,0.9896791,0.010320885,2
2021-10-13,0.00101,-0.002658403,0.00415206,0.9931895,0.006810463,1
2021-10-14,0.000876986,-0.002631103,0.003941992,0.9934269,0.006573095,1
2021-10-15,-0.0021895105,-0.003455704,0.00278953,0.99375474,0.006245234,1
2021-10-18,0.0006221715,-0.0028137413,0.0031018378,0.9940844,0.0059155794,1
2021-10-19,-0.0031310825,-0.0059829843,0.0023892187,0.9916278,0.0083722025,1
2021-10-20,-0.002328817,-0.0037839792,0.0024065198,0.9938095,0.0061904993,1
2021-10-21,-0.0031331175,-0.0046707913,0.002664066,0.9926652,0.0073348572,1
2021-10-22,0.0020030767,-0.0029036377,0.0040559326,0.99304044,0.0069595706,1
2021-10-25,0.00176916,-0.003246909,0.0038162316,0.99293685,0.0070631406,1
2021-10-26,0.00018552822,-0.003046425,0.0035198352,0.9934337,0.00656626,1
2021-10-27,0.0029877997,-0.0020567942,0.0037883176,0.9941549,0.005845112,0
2021-10-28,-0.00032246584,-0.0032637264,0.0028933734,0.9938429,0.0061570997,0
2021-10-29,0.0010824879,-0.003181375,0.0032616763,0.993557,0.0064430516,0
2021-11-01,-0.0004870475,-0.0031181066,0.0030641672,0.99381775,0.006182274,0
2021-11-02,0.00018009773,-0.0016985057,0.003444701,0.9948568,0.0051432066,0
2021-11-03,-0.0022187373,-0.0034405135,0.0027354378,0.99382406,0.006175951,0
2021-11-04,0.0035273172,-0.00046223172,0.005793256,0.9937445,0.006255488,0
2021-11-05,0.0043587536,-0.00038338554,0.0068824836,0.99273413,0.007265869,0
2021-11-08,-0.0023527134,-0.0042113275,0.0028064551,0.9929822,0.007017783,0
2021-11-09,0.0012520093,-0.0010008856,0.003523885,0.99547523,0.0045247707,0
2021-11-10,-0.0040432396,-0.00660948,0.002605263,0.99078524,0.009214743,0
2021-11-11,-0.0031087184,-0.0044746553,0.0022606188,0.99326473,0.006735274,0
2021-11-12,0.0016314543,-0.002673495,0.0031731091,0.9941534,0.0058466042,0
2021-11-15,-0.0022379644,-0.0037679025,0.0012620784,0.99497,0.005029981,0
2021-11-16,-0.002012546,-0.00333375,0.0012467047,0.99541956,0.004580455,0
2021-11-17,0.0026564663,-0.0022832262,0.002853538,0.9948632,0.005136764,0
2021-11-18,0.00022564484,-0.0029277855,0.002627659,0.99444455,0.0055554444,0
2021-11-19,0.0010876047,-0.002451383,0.0029898717,0.99455875,0.005441255,0
2021-11-22,-0.0031717464,-0.0037338485,0.0012802478,0.9949859,0.0050140964,0
2021-11-23,-0.004276844,-0.0047649466,0.0014289805,0.99380606,0.006193927,0
2021-11-24,0.0010123291,-0.0028846944,0.0023403997,0.9947749,0.005225094,0
2021-11-26,0.0049361107,-0.0019119113,0.0062564346,0.99183166,0.008168346,1
2021-11-29,-0.0012830291,-0.003475888,0.002941206,0.9935829,0.006417094,1
2021-11-30,0.0030226358,-0.000839032,0.0042219497,0.994939,0.005060982,1
2021-12-01,0.0031220356,-0.00084316323,0.005847091,0.99330974,0.006690254,1
2021-12-02,-0.0004989949,-0.0022247706,0.003065703,0.99470955,0.005290474,1
2021-12-03,0.003945722,-0.0008892898,0.0052471603,0.9938635,0.00613645,1
2021-12-06,-0.0029029,-0.004220135,0.0029356538,0.9928442,0.007155789,1
2021-12-07,-0.0029814558,-0.0046072504,0.002840094,0.99255264,0.0074473443,1
2021-12-08,-0.0018050285,-0.004773919,0.0028891703,0.9923369,0.0076630893,1
2021-12-09,0.00025620332,-0.0033514975,0.0036305913,0.9930179,0.006982089,1
2021-12-10,-0.00041229767,-0.003576011,0.0029021248,0.99352187,0.0064781355,1
2021-12-13,0.0037367765,-0.0020800838,0.004484801,0.99343514,0.006564885,1
2021-12-14,-0.0011587489,-0.0032055434,0.0026895755,0.99410486,0.005895119,1
2021-12-15,-0.0009856228,-0.0027862652,0.0027242606,0.9944895,0.005510526,1
2021-12-16,0.00051927025,-0.0025162962,0.0031821444,0.99430156,0.0056984406,1
2021-12-17,0.00011644594,-0.0018021672,0.0030439235,0.9951539,0.0048460905,1
2021-12-20,4.450656e-05,-0.002322749,0.0027661033,0.99491113,0.0050888523,1
2021-12-21,-0.0018657354,-0.0029350247,0.0025458254,0.9945192,0.00548085,1
2021-12-22,0.0005673252,-0.0028436764,0.0028026085,0.9943537,0.0056462847,1
2021-12-23,-0.0025248013,-0.0040981583,0.0021149903,0.9937869,0.0062131486,1
2021-12-27,0.0005526749,-0.0028141062,0.003108152,0.99407774,0.005922258,1
2021-12-28,0.00086742715,-0.002645268,0.0028866646,0.9944681,0.0055319327,0
2021-12-29,-0.003337997,-0.004393065,0.0016143767,0.99399257,0.0060074413,1
2021-12-30,0.0021407069,-0.002440542,0.003184153,0.9943753,0.0056246947,0
2021-12-31,-0.00067514373,-0.002742763,0.0020653356,0.9951919,0.0048080985,0
2022-01-03,-0.0048776735,-0.007756225,0.001237616,0.99100614,0.008993841,0
2022-01-04,-0.00033276694,-0.0031493457,0.001259974,0.9955907,0.0044093197,0
2022-01-05,-0.0031075114,-0.0041269343,0.002243388,0.9936297,0.0063703223,1
2022-01-06,-0.0028464098,-0.0042437874,0.0020623498,0.9936939,0.006306137,1
2022-01-07,-0.0031701378,-0.0048902268,0.002156912,0.9929529,0.007047139,1
2022-01-10,-0.0014029074,-0.0040257378,0.0023644248,0.99360985,0.0063901627,1
2022-01-11,0.0017532286,-0.0028855405,0.0031375815,0.9939769,0.006023122,1
2022-01-12,0.0017570411,-0.0028354197,0.0032013045,0.9939633,0.006036724,1
2022-01-13,0.0027932075,-0.0024438312,0.0047031846,0.992853,0.007147016,1
2022-01-14,-0.0032479619,-0.0057815076,0.0022903732,0.9919281,0.008071881,1
2022-01-18,-0.003892123,-0.0066140513,0.0025088207,0.99087715,0.009122872,1
2022-01-19,0.0009598814,-0.0043819677,0.0051660817,0.99045193,0.009548049,2
2022-01-20,0.0013857831,-0.0037756136,0.005164421,0.99105996,0.008940035,2
2022-01-21,0.0014528402,-0.0040004635,0.005584506,0.99041504,0.009584969,2
2022-01-24,-0.00024098158,-0.0031046863,0.0040044123,0.9928909,0.0071090986,2
2022-01-25,-0.0010704871,-0.003842511,0.003961359,0.99219614,0.0078038704,2
2022-01-26,-0.0023024909,-0.005305923,0.0038919211,0.99080217,0.009197844,2
2022-01-27,-0.0006320347,-0.0036380533,0.0044177524,0.9919442,0.008055806,2
2022-01-28,-0.00061935536,-0.00392833,0.004478162,0.9915935,0.008406492,2
2022-01-31,-0.0007549833,-0.0039337184,0.004170259,0.99189603,0.008103978,2
2022-02-01,-0.00098713,-0.004060082,0.004102168,0.99183774,0.008162251,2
2022-02-02,-0.00028517356,-0.0038772828,0.00424397,0.99187875,0.008121253,2
2022-02-03,-0.001664612,-0.005628976,0.0040125106,0.99035853,0.009641487,2
2022-02-04,-0.0067288685,-0.010223854,0.0037661968,0.98600996,0.013990051,2
2022-02-07,-0.0016650734,-0.005079592,0.0039649974,0.9909554,0.0090445895,2
2022-02-08,-0.0036609212,-0.005306563,0.0040571345,0.9906363,0.009363698,2
2022-02-09,-0.000643895,-0.0040714806,0.0040772143,0.99185133,0.008148694,2
2022-02-10,-0.006998013,-0.00998061,0.0040929313,0.98592645,0.014073541,2
2022-02-11,0.001298956,-0.0045333994,0.0054463497,0.9900203,0.009979749,2
2022-02-14,-0.0015467827,-0.004983775,0.0037060548,0.9913102,0.00868983,2
2022-02-15,-0.0018455046,-0.005036503,0.0041755093,0.990788,0.009212012,2
2022-02-16,-0.0004546035,-0.00405417,0.0042573223,0.9916885,0.008311492,2
2022-02-17,0.00040260365,-0.003980822,0.0049262824,0.9910929,0.008907104,2
2022-02-18,-0.001508288,-0.0052426113,0.0040515102,0.9907059,0.0092941215,2
2022-02-22,-0.00084354903,-0.0035736253,0.0040883217,0.99233806,0.007661947,2
2022-02-23,-0.0018946778,-0.0051526073,0.0037727763,0.9910746,0.008925384,2
2022-02-24,-0.0015295519,-0.0052271914,0.0041079326,0.9906649,0.009335124,2
2022-02-25,-0.0014159932,-0.0054876283,0.004139619,0.9903728,0.009627247,2
2022-02-28,0.0030465475,-0.0034048124,0.006393222,0.99020195,0.009798035,2
2022-03-01,0.0052590673,-0.0032873007,0.007348253,0.98936445,0.010635554,2
2022-03-02,-0.004198652,-0.007437369,0.004330101,0.98823255,0.011767469,2
2022-03-03,-0.001522143,-0.0046697515,0.0052612363,0.99006903,0.009930988,2
2022-03-04,-0.000288701,-0.0022779056,0.0058038505,0.99191827,0.0080817565,2
2022-03-07,-0.0030353798,-0.004114212,0.005252736,0.9906331,0.009366948,2
2022-03-08,-0.0034794877,-0.0053930203,0.005050952,0.989556,0.010443972,2
2022-03-09,-0.0013479189,-0.004790707,0.005375865,0.9898334,0.010166572,2
2022-03-10,-0.0022470797,-0.004455474,0.004322339,0.9912222,0.008777813,2
2022-03-11,-0.001358714,-0.003989637,0.004577365,0.991433,0.008567002,2
2022-03-14,-0.006108452,-0.009870525,0.004565444,0.98556405,0.014435969,2
2022-03-15,-0.0004683169,-0.004220776,0.004794806,0.99098444,0.009015582,2
2022-03-16,-0.0007398452,-0.0040474255,0.0047508017,0.99120176,0.008798227,2
2022-03-17,-0.00071518455,-0.004287321,0.004399622,0.99131304,0.008686943,2
2022-03-18,0.00011268919,-0.003996534,0.0045361584,0.9914673,0.008532692,2
2022-03-21,-0.0036665883,-0.006116012,0.0043534995,0.9895305,0.010469511,2
2022-03-22,-0.0026906433,-0.007190264,0.005092871,0.98771685,0.012283135,2
2022-03-23,0.0016002903,-0.004410905,0.0054415767,0.99014753,0.009852482,2
2022-03-24,0.00062351633,-0.00407732,0.0052968073,0.99062586,0.009374127,2
2022-03-25,-0.001639846,-0.0052365004,0.0055544632,0.98920906,0.010790964,2
2022-03-28,0.0012368812,-0.004002653,0.0057868646,0.9902105,0.009789517,2
2022-03-29,0.0016671193,-0.004282169,0.005465428,0.9902524,0.009747596,2
2022-03-30,0.0009844234,-0.0044177123,0.005187664,0.99039465,0.009605376,2
2022-03-31,0.0005586947,-0.0032051923,0.005211264,0.9915835,0.008416456,2
2022-04-01,-0.00066019036,-0.0034986548,0.0045025283,0.9919988,0.008001183,2
2022-04-04,-0.00051681156,-0.004149771,0.0045315805,0.99131864,0.008681351,2
2022-04-05,-0.002687227,-0.0047644577,0.004126553,0.991109,0.008891011,2
2022-04-06,-0.002166399,-0.0040623397,0.0049576266,0.99098,0.009019966,2
2022-04-07,-0.00027967725,-0.00390676,0.0049770526,0.99111617,0.008883812,2
2022-04-08,-0.0016501232,-0.00503749,0.0053526545,0.98960984,0.010390144,2
2022-04-11,-0.0021503568,-0.0048663816,0.004890926,0.9902427,0.009757308,2
2022-04-12,0.0015449357,-0.0037807934,0.004869802,0.9913494,0.008650595,2
2022-04-13,0.001564571,-0.004283676,0.0052888487,0.9904275,0.009572525,2
2022-04-14,-0.000774327,-0.0037491436,0.0046703313,0.99158055,0.008419475,2
2022-04-18,-0.0021254283,-0.003739734,0.0048885145,0.99137175,0.008628248,2
2022-04-19,-0.002614383,-0.0044184574,0.0047977157,0.9907838,0.009216173,2
2022-04-20,0.0013498124,-0.0047055352,0.005332071,0.9899624,0.010037607,2
2022-04-21,-7.5667704e-05,-0.0039303997,0.0051923995,0.9908772,0.009122799,2
2022-04-22,0.0003440826,-0.004868155,0.005231045,0.9899008,0.0100992005,2
2022-04-25,0.00088681985,-0.0046099266,0.0051399837,0.9902501,0.00974991,2
2022-04-26,-0.0004035763,-0.0040223934,0.004229102,0.9917485,0.008251496,2
2022-04-27,-0.0019467365,-0.0059769466,0.0044520125,0.98957103,0.0104289595,2
2022-04-28,-0.000789505,-0.004425708,0.0043930574,0.99118125,0.008818766,2
2022-04-29,-0.000864627,-0.0058136093,0.004008678,0.9901777,0.009822287,2
2022-05-02,-0.0027997922,-0.005531255,0.003937404,0.9905313,0.00946866,2
2022-05-03,-0.00020023886,-0.0051456913,0.0045407703,0.99031353,0.009686462,2
2022-05-04,0.0010563144,-0.004462499,0.005016257,0.99052125,0.009478756,2
2022-05-05,-0.0026694562,-0.0051730624,0.004498621,0.9903283,0.009671683,2
2022-05-06,-0.003147557,-0.0064344453,0.004530963,0.9890346,0.010965409,2
2022-05-09,0.0010984453,-0.0049744095,0.005101125,0.9899245,0.010075535,2
2022-05-10,-0.00032285447,-0.004930814,0.0047921063,0.99027705,0.00972292,2
2022-05-11,-0.00031777672,-0.0047478215,0.004717992,0.9905342,0.009465814,2
2022-05-12,-0.00027726553,-0.004910394,0.004783606,0.990306,0.009694001,2
2022-05-13,-0.0020670332,-0.0065281033,0.0044938494,0.988978,0.011021953,2
2022-05-16,-0.0011652539,-0.0061801765,0.0048186444,0.98900115,0.010998821,2
2022-05-17,-0.003013292,-0.0063473107,0.0044164606,0.98923624,0.010763772,2
2022-05-18,0.00024721568,-0.0040912754,0.0048608696,0.99104786,0.0089521445,2
2022-05-19,0.0021587994,-0.003470887,0.0052123494,0.99131674,0.008683236,2
2022-05-20,0.0021954298,-0.0029768737,0.004977368,0.99204576,0.007954242,2
2022-05-23,-0.003947488,-0.006102052,0.0044797007,0.98941827,0.010581752,2
2022-05-24,0.002238409,-0.0032147516,0.0049027014,0.99188256,0.008117453,2
2022-05-25,0.0016810923,-0.0031930066,0.0047994526,0.99200755,0.007992459,2
2022-05-26,-0.00034169215,-0.0032208837,0.0045740115,0.9922051,0.007794895,2
2022-05-27,0.0008480449,-0.003304002,0.004607767,0.99208826,0.007911769,2
2022-05-31,-0.0027529632,-0.0058458853,0.0044564,0.9896977,0.010302285,2
2022-06-01,-0.0025683611,-0.0054134177,0.004238608,0.990348,0.009652026,2
2022-06-02,0.0003422576,-0.004254208,0.004586344,0.99115944,0.008840552,2
2022-06-03,9.126883e-06,-0.0043852194,0.0043338817,0.9912809,0.008719102,2
2022-06-06,-0.0024952923,-0.004705375,0.0042874846,0.99100715,0.00899286,2
2022-06-07,0.000278554,-0.0040026363,0.004433262,0.9915641,0.008435898,2
2022-06-08,-0.0006472368,-0.004188402,0.004283679,0.9915279,0.008472081,2
2022-06-09,-0.00057572516,-0.003981941,0.0042784726,0.9917396,0.008260414,2
2022-06-10,-0.0063177757,-0.009901792,0.004562938,0.98553526,0.01446473,2
2022-06-13,-0.006337397,-0.010321559,0.0045096404,0.9851688,0.0148312,2
2022-06-14,-0.0025705977,-0.006490114,0.005310817,0.98819906,0.011800932,2
2022-06-15,0.0015975683,-0.004418975,0.005479482,0.9901015,0.009898458,2
2022-06-16,0.0016100237,-0.0038891672,0.006418741,0.9896921,0.010307908,2
2022-06-17,0.0014063994,-0.0035817886,0.0061361925,0.990282,0.009717981,2
2022-06-21,0.0011049696,-0.0034155485,0.005801091,0.99078333,0.009216639,2
2022-06-22,-0.00024739787,-0.0038343917,0.0054378943,0.9907277,0.009272286,2
2022-06-23,-0.00082806736,-0.0056932224,0.0054181702,0.9888886,0.011111393,2
2022-06-24,-0.002024047,-0.007749036,0.005020232,0.9872307,0.012769268,2
2022-06-27,-0.0016921307,-0.0073951455,0.0049123056,0.98769253,0.012307451,2
2022-06-28,-0.00097023294,-0.0064354357,0.004968771,0.9885958,0.011404207,2
2022-06-29,-0.0014002776,-0.0052427594,0.005016717,0.98974055,0.0102594765,2
2022-06-30,0.0017878896,-0.0036270465,0.005077471,0.99129546,0.008704517,2
2022-07-01,0.004686315,-0.003369724,0.0058802585,0.99075,0.009249982,2
2022-07-05,0.0022690424,-0.003301575,0.0053702034,0.99132824,0.008671778,2
2022-07-06,-0.002713422,-0.008582699,0.004674396,0.9867429,0.013257096,2
2022-07-07,-0.0037770541,-0.008566258,0.005119081,0.98631465,0.013685338,2
2022-07-08,-0.003464364,-0.007820756,0.0049870512,0.9871922,0.012807807,2
2022-07-11,0.0006895741,-0.005785361,0.005834548,0.9883801,0.011619909,2
2022-07-12,-0.00029586465,-0.0057467762,0.005829448,0.98842376,0.011576224,2
2022-07-13,-0.0007928723,-0.0054016043,0.0058434643,0.9887549,0.011245068,2
2022-07-14,-0.0029487112,-0.0062637376,0.0046994668,0.9890368,0.010963204,2
2022-07-15,-0.002127474,-0.0049029835,0.005369486,0.98972756,0.010272469,2
2022-07-18,-0.003502616,-0.006888274,0.0040330277,0.9890787,0.010921301,2
2022-07-19,-0.00040987803,-0.004241683,0.0034464318,0.9923119,0.007688115,1
2022-07-20,-9.704599e-05,-0.0041657803,0.0039391345,0.9918951,0.008104915,1
2022-07-21,0.003877103,-0.003052646,0.005683566,0.9912638,0.008736212,1
2022-07-22,0.005817976,-0.0010310535,0.007946025,0.99102294,0.008977078,1
2022-07-25,-0.0012008835,-0.003085125,0.0034987777,0.9934161,0.006583903,1
2022-07-26,-0.00096404366,-0.0026067111,0.003341976,0.99405134,0.005948687,1
2022-07-27,0.00027549983,-0.00122892,0.0033786218,0.99539244,0.0046075415,1
2022-07-28,0.0043522604,-0.001016939,0.0068814512,0.9921016,0.00789839,0
2022-07-29,0.0012683938,-0.0009194521,0.004554424,0.99452615,0.005473876,0
2022-08-01,0.0036287112,-0.0008094068,0.0059300074,0.99326056,0.0067394143,0
2022-08-02,-0.0036267298,-0.00662974,0.0036894046,0.9896808,0.010319144,0
2022-08-03,-0.0011461142,-0.0055693723,0.0044307336,0.9899999,0.010000106,0
2022-08-04,-0.0015156561,-0.0038567153,0.004211009,0.9919323,0.008067724,0
2022-08-05,-0.0038993447,-0.007047181,0.003816927,0.9891359,0.010864108,0
2022-08-08,0.002034,-0.0031160165,0.005516327,0.99136764,0.008632343,0
2022-08-09,-0.0006765406,-0.0037566896,0.0047143856,0.9915289,0.008471075,0
2022-08-10,-0.0013179203,-0.0037313642,0.00426508,0.99200356,0.007996445,0
2022-08-11,-0.0037138988,-0.0057579163,0.0034759913,0.9907661,0.009233908,0
2022-08-12,0.0023004578,-0.0027207108,0.0051637944,0.9921155,0.007884505,0
2022-08-15,0.00064896507,-0.003389874,0.00597506,0.99063504,0.009364935,0
2022-08-16,0.00063616975,-0.00342461,0.0057838466,0.99079156,0.009208457,0
2022-08-17,-0.003128173,-0.0047694924,0.0031424544,0.9920881,0.007911947,0
2022-08-18,0.00023615276,-0.0036775444,0.0031305805,0.9931919,0.006808125,0
2022-08-19,-0.0035334984,-0.006986081,0.0024795497,0.99053437,0.009465631,1
2022-08-22,-0.0034807383,-0.00558762,0.0028638022,0.9915486,0.008451423,1
2022-08-23,-0.0024703578,-0.005585617,0.0046629254,0.98975146,0.010248542,2
2022-08-24,-0.0031826799,-0.0060643223,0.0037481224,0.9901875,0.009812444,1
2022-08-25,0.0027568955,-0.002995401,0.006139137,0.99086547,0.009134538,1
2022-08-26,0.0008676989,-0.0044888607,0.0047564604,0.99075466,0.009245321,2
2022-08-29,-1.0214816e-06,-0.0043397686,0.004265616,0.99139464,0.008605385,2
2022-08-30,0.0001763971,-0.004193257,0.0043580555,0.9914487,0.008551313,2
2022-08-31,-0.0024555048,-0.0046448777,0.0039001615,0.99145496,0.008545039,2
2022-09-01,-0.005462957,-0.009569226,0.0041097687,0.98632103,0.013678994,2
2022-09-02,0.0015108328,-0.0047102966,0.0051352205,0.9901545,0.009845518,2
2022-09-06,-0.0019727093,-0.0066063716,0.0058081183,0.9875855,0.01241449,2
2022-09-07,0.0010018876,-0.004979207,0.0062323697,0.9887884,0.011211577,2
2022-09-08,-0.00028095287,-0.0042100977,0.004805214,0.9909847,0.0090153115,2
2022-09-09,0.0006469047,-0.004524121,0.005318078,0.9901578,0.009842199,2
2022-09-12,-0.0008957764,-0.0030979575,0.004090517,0.9928115,0.0071884743,2
2022-09-13,-0.0024396349,-0.003330864,0.004703362,0.9919658,0.008034226,2
2022-09-14,-0.00022843126,-0.0038613433,0.00457782,0.9915608,0.008439164,2
2022-09-15,-0.0018467443,-0.004443651,0.0047106775,0.9908457,0.009154329,2
2022-09-16,0.00038235387,-0.0052406318,0.0052243625,0.98953503,0.010464994,2
2022-09-19,-0.0015777367,-0.005783016,0.0052020075,0.989015,0.010985023,2
2022-09-20,-0.0016732152,-0.00564267,0.005138077,0.98921925,0.010780747,2
2022-09-21,0.0017805378,-0.0054656123,0.0053637833,0.9891706,0.010829396,2
2022-09-22,-0.0054404456,-0.010314681,0.004738288,0.984947,0.015052969,2
2022-09-23,-0.0001482248,-0.0042856974,0.0051293927,0.9905849,0.00941509,2
2022-09-26,-0.0056368695,-0.0101094935,0.0054161865,0.9844743,0.01552568,2
2022-09-27,-0.0020299898,-0.005524649,0.006593471,0.9878819,0.01211812,2
2022-09-28,0.0017991321,-0.0045418814,0.0068431944,0.9886149,0.011385076,2
2022-09-29,0.0015979173,-0.004132497,0.0063347397,0.98953277,0.010467237,2
2022-09-30,0.0006158303,-0.0041729813,0.005642727,0.9901843,0.009815708,2
2022-10-03,0.0009605516,-0.0036895245,0.0063011236,0.99000937,0.009990648,2
2022-10-04,-0.0010504164,-0.0064443317,0.005398468,0.9881572,0.0118428,2
2022-10-05,-0.0014128769,-0.0074019623,0.0054181446,0.9871799,0.012820107,2
2022-10-06,0.0005327912,-0.00493712,0.005745778,0.9893171,0.010682898,2
2022-10-07,2.6885102e-05,-0.005201481,0.0058101313,0.9889884,0.011011612,2
2022-10-10,-0.00025247724,-0.0051667374,0.0061250855,0.9887082,0.011291822,2
2022-10-11,0.00053554744,-0.0053680204,0.006350845,0.98828113,0.0117188655,2
2022-10-12,0.00067921815,-0.005177646,0.00670027,0.9881221,0.011877916,2
2022-10-13,0.00048978976,-0.005715047,0.006014033,0.98827094,0.01172908,2
2022-10-14,-0.0010595815,-0.005908136,0.005794126,0.98829776,0.011702262,2
2022-10-17,-0.00033531568,-0.00593516,0.0059062717,0.9881586,0.011841431,2
2022-10-18,-0.00063449104,-0.0054629897,0.005321377,0.9892156,0.010784367,2
2022-10-19,-0.0030755976,-0.006621928,0.005211033,0.98816705,0.011832961,2
2022-10-20,-0.002259191,-0.00650097,0.0057090814,0.9877899,0.0122100515,2
2022-10-21,8.580957e-05,-0.0055367886,0.005714984,0.98874825,0.011251773,2
2022-10-24,0.0002510984,-0.006348944,0.006244096,0.98740697,0.01259304,2
2022-10-25,0.0013483689,-0.005752287,0.0065927813,0.9876549,0.012345068,2
2022-10-26,0.0006817684,-0.0052747317,0.0060369633,0.9886883,0.011311695,2
2022-10-27,0.0010450814,-0.005390471,0.0052148127,0.9893947,0.010605283,2
2022-10-28,-0.0013795717,-0.0073099174,0.0051300265,0.98756003,0.012439944,2
2022-10-31,-0.002014745,-0.0074411714,0.0048448876,0.98771393,0.01228606,2
2022-11-01,-0.0017628939,-0.0068813427,0.0050422237,0.98807645,0.011923566,2
2022-11-02,-0.0008015524,-0.005429817,0.0047545037,0.98981565,0.010184321,2
2022-11-03,-0.0005982033,-0.0052545094,0.004517386,0.9902281,0.009771896,2
2022-11-04,-0.00018846401,-0.0051762993,0.004719064,0.9901046,0.009895364,2
2022-11-07,-0.00030608516,-0.0053559523,0.004343985,0.99030006,0.009699937,2
2022-11-08,0.00022350262,-0.0050784135,0.0048133135,0.99010825,0.009891727,2
2022-11-09,0.0010844385,-0.004580763,0.004713735,0.9907055,0.009294499,2
2022-11-10,0.0054215877,-0.0028974793,0.009882589,0.9872199,0.012780068,2
2022-11-11,-0.0010162627,-0.0038224498,0.0057785427,0.990399,0.009600992,2
2022-11-14,-0.0018497296,-0.005426758,0.005489961,0.9890833,0.010916719,2
2022-11-15,0.0022984874,-0.004252218,0.006119725,0.9896281,0.010371943,2
2022-11-16,0.005085773,-0.0043349713,0.0075641633,0.9881009,0.011899134,2
2022-11-17,-0.0019486108,-0.007961381,0.0055326405,0.986506,0.013494022,2
2022-11-18,-0.002305313,-0.007240899,0.005004185,0.98775494,0.012245083,2
2022-11-21,-0.0019948387,-0.00582901,0.00512733,0.98904365,0.01095634,2
2022-11-22,-0.00097089744,-0.0048767054,0.0051995516,0.9899237,0.0100762565,2
2022-11-23,0.00043031393,-0.0014445179,0.004069532,0.994486,0.00551405,1
2022-11-25,0.0007320488,-0.0014944355,0.004254951,0.9942506,0.0057493867,1
2022-11-28,0.00046479885,-0.004689376,0.0047451584,0.9905655,0.009434534,2
2022-11-29,-0.0019868126,-0.005812191,0.0044447365,0.98974305,0.010256927,2
2022-11-30,0.004297562,-0.0010705765,0.0045148516,0.99441457,0.0055854283,1
2022-12-01,0.0056790872,-0.0011138759,0.008511503,0.9903746,0.009625379,1
2022-12-02,0.00189743,-0.0012709596,0.0045085484,0.9942205,0.005779508,1
2022-12-05,-0.002717393,-0.006261677,0.0037162409,0.99002206,0.009977918,1
2022-12-06,-0.00092195167,-0.005733971,0.0048496923,0.98941636,0.010583663,2
2022-12-07,0.00441004,-0.0014602122,0.0047011217,0.99383867,0.006161334,1
2022-12-08,-0.002564945,-0.0057509523,0.0034855043,0.99076355,0.009236457,1
2022-12-09,-0.0026099673,-0.0052185757,0.003559297,0.99122214,0.008777873,1
2022-12-12,-0.0010544099,-0.0042813313,0.004309404,0.99140924,0.0085907355,1
2022-12-13,-0.00023199613,-0.0034587448,0.0041374154,0.99240386,0.0075961603,1
2022-12-14,1.5584525e-05,-0.0025981567,0.004103048,0.99329877,0.0067012045,1
2022-12-15,0.0023142812,-0.0012609666,0.004622359,0.99411666,0.0058833254,1
2022-12-16,-0.00025646336,-0.0028171353,0.0040703616,0.9931125,0.006887497,1
2022-12-19,-0.0029718503,-0.0061186827,0.0045599216,0.9893214,0.010678604,2
2022-12-20,-0.0034910492,-0.0058377124,0.004397645,0.98976463,0.010235358,2
2022-12-21,0.00039701443,-0.003788761,0.0036114396,0.9925998,0.0074002007,1
2022-12-22,-0.00045815404,-0.004146773,0.00466815,0.99118507,0.008814923,2
2022-12-23,-0.0017969226,-0.0045361537,0.0047305212,0.9907333,0.0092666745,2
2022-12-27,-0.005287435,-0.010039388,0.004683009,0.9852776,0.014722398,2
2022-12-28,-0.0020613181,-0.0052126823,0.0048209303,0.9899664,0.010033613,2
2022-12-29,0.0016101984,-0.004329109,0.0052344254,0.9904365,0.0095635345,2
2022-12-30,-5.2053924e-06,-0.004083834,0.0044723134,0.9914439,0.008556148,2
2023-01-03,0.0016872904,-0.003944959,0.0052018217,0.9908532,0.009146781,2
2023-01-04,0.00029851476,-0.00421197,0.0047808457,0.9910072,0.008992815,2
2023-01-05,-0.0016322429,-0.0061030854,0.0045997645,0.98929715,0.01070285,2
2023-01-06,0.0013401659,-0.0030315148,0.005593789,0.9913747,0.008625303,1
2023-01-09,0.001561105,-0.0012529737,0.0051396,0.9936074,0.006392574,1
2023-01-10,-0.001763436,-0.004555416,0.0038218987,0.9916227,0.008377315,1
2023-01-11,0.0009562102,-0.0011846324,0.004317866,0.9944975,0.0055024987,1
2023-01-12,0.0057389485,-0.0010732034,0.00803066,0.99089617,0.0091038635,1
2023-01-13,-0.0016456568,-0.0043440447,0.0035906485,0.9920653,0.007934693,1
2023-01-17,-0.0023512237,-0.004986597,0.0038862987,0.99112713,0.008872896,1
2023-01-18,0.0047037867,-0.0010316125,0.0059021562,0.99306625,0.0069337687,1
2023-01-19,6.516587e-05,-0.0017568658,0.0042887866,0.99395436,0.0060456526,1
2023-01-20,-0.002814628,-0.0060451054,0.003943679,0.9900112,0.009988785,0
2023-01-23,-0.0014130309,-0.0055425446,0.0041921386,0.9902653,0.009734683,0
2023-01-24,0.0005587205,-0.0037420744,0.004129097,0.99212885,0.007871171,0
2023-01-25,-0.0019420751,-0.0042223516,0.004056321,0.99172133,0.008278673,0
2023-01-26,-0.00073356327,-0.0056825085,0.0041313325,0.99018615,0.009813841,0
2023-01-27,-0.0012048603,-0.004430024,0.0042665047,0.99130344,0.008696528,0
2023-01-30,-0.00019980059,-0.004150999,0.0042545046,0.9915945,0.008405503,0
2023-01-31,0.0006568248,-0.003784578,0.004221102,0.9919943,0.0080056805,0
2023-02-01,0.0016398911,-0.001976109,0.0042454647,0.9937784,0.006221574,0
2023-02-02,0.0005746607,-0.0021428405,0.004608507,0.99324864,0.0067513473,0
2023-02-03,-0.0037608559,-0.0060255425,0.0027033903,0.9912711,0.008728933,0
2023-02-06,-0.004895325,-0.008263223,0.0031995666,0.9885372,0.011462789,0
2023-02-07,-0.001999402,-0.004468878,0.0030390155,0.9924921,0.0075078933,0
2023-02-08,0.001750789,-0.0038037987,0.0040424177,0.99215376,0.007846217,0
2023-02-09,-0.0027041046,-0.00572736,0.002907983,0.99136466,0.008635343,1
2023-02-10,-0.0036171789,-0.006118816,0.0034014266,0.99047977,0.009520242,1
2023-02-13,0.0016399462,-0.0035626064,0.0038130544,0.99262434,0.007375661,1
2023-02-14,-0.0034409713,-0.0058098547,0.002490356,0.9916998,0.008300211,1
2023-02-15,-0.0034611106,-0.005313448,0.0035628183,0.99112374,0.008876266,1
2023-02-16,-0.0034018748,-0.0051989155,0.0035484962,0.9912526,0.008747412,1
2023-02-17,0.0011951678,-0.0032707802,0.0037783177,0.9929509,0.0070490977,1
2023-02-21,-0.004022089,-0.005774566,0.0036961653,0.9905293,0.009470731,1
2023-02-22,0.00087450346,-0.0060167727,0.005049805,0.98893344,0.011066578,2
2023-02-23,0.001927855,-0.005905909,0.0051813815,0.9889127,0.011087291,2
2023-02-24,-0.00010316292,-0.0060415072,0.0049402476,0.98901826,0.010981755,2
2023-02-27,0.0009600074,-0.0062928568,0.00504835,0.9886588,0.011341207,2
2023-02-28,0.0003719622,-0.0051882085,0.0046175164,0.99019426,0.009805725,2
2023-03-01,-0.0030816703,-0.007126122,0.0037568158,0.9891171,0.010882937,2
2023-03-02,-0.002445664,-0.0056809685,0.004860875,0.98945814,0.010541843,2
2023-03-03,0.0018111707,-0.0048382552,0.005601587,0.9895602,0.010439842,2
2023-03-06,-0.0008427671,-0.0044116,0.0042475546,0.9913409,0.008659154,2
2023-03-07,-2.4628236e-05,-0.004069783,0.00421754,0.9917127,0.008287323,2
2023-03-08,0.00040545713,-0.004032452,0.0045658443,0.99140173,0.008598296,2
2023-03-09,-0.00030200428,-0.0045857765,0.0041399095,0.9912743,0.008725686,2
2023-03-10,0.0033581338,-0.0027145878,0.006476293,0.99080914,0.009190881,2
2023-03-13,0.0059488267,-0.0029517335,0.009784271,0.987264,0.012736005,2
2023-03-14,-0.0041978713,-0.008017318,0.0051083234,0.98687434,0.013125641,2
2023-03-15,0.0044383365,-0.0033871885,0.008455428,0.9881574,0.011842617,2
2023-03-16,-0.0030570938,-0.0071832137,0.0054317648,0.98738503,0.0126149785,2
2023-03-17,0.002027473,-0.0045299158,0.0063433493,0.98912674,0.010873266,2
2023-03-20,-0.00021745742,-0.003172427,0.0034419112,0.9933857,0.006614338,1
2023-03-21,-0.0029232432,-0.005217556,0.003149319,0.9916331,0.008366875,1
2023-03-22,0.0004168208,-0.0010494755,0.003615649,0.99533486,0.004665124,1
2023-03-23,0.0044958307,-0.0010551746,0.005975696,0.99296916,0.0070308703,1
2023-03-24,8.016101e-05,-0.0010610074,0.0035689508,0.99537003,0.0046299584,1
2023-03-27,-0.0031088323,-0.0056963046,0.0033476243,0.99095607,0.009043929,1
2023-03-28,0.0007806282,-0.0045248554,0.0039907764,0.99148434,0.008515632,1
2023-03-29,-0.0031309947,-0.005347586,0.0031728004,0.99147964,0.008520386,1
2023-03-30,0.0006858079,-0.0037816856,0.0048323907,0.99138594,0.008614076,0
2023-03-31,0.0011372397,-0.0034456367,0.0045846063,0.99196976,0.008030243,0
2023-04-03,0.0025374896,-0.0023604212,0.005227174,0.9924124,0.0075875954,0
2023-04-04,0.0031514494,-0.0009719438,0.0051392177,0.99388885,0.0061111613,0
2023-04-05,0.0034482898,-0.0008238924,0.005521347,0.9936548,0.0063452395,0
2023-04-06,0.0010624873,-0.000912119,0.0042429413,0.9948449,0.0051550604,0
2023-04-10,-0.0031757576,-0.005033603,0.0035037128,0.9914627,0.008537316,0
2023-04-11,-0.0006420882,-0.004107134,0.00443768,0.9914552,0.008544814,0
2023-04-12,-0.0012095512,-0.0038568948,0.00373609,0.992407,0.0075929845,0
2023-04-13,-0.0021637895,-0.005398562,0.0034766514,0.9911248,0.008875214,0
2023-04-14,-0.0009543454,-0.005621899,0.003691423,0.99068666,0.009313322,0
2023-04-17,-0.0013494465,-0.004993044,0.0024142573,0.9925927,0.007407301,0
2023-04-18,0.00033353927,-0.0033761018,0.003340935,0.993283,0.006717037,0
2023-04-19,-0.00065248815,-0.0033419346,0.0026549883,0.99400306,0.005996923,0
2023-04-20,0.0018143337,-0.002873502,0.0041952026,0.9929313,0.007068705,0
2023-04-21,0.00013283441,-0.0035588422,0.0026891457,0.993752,0.006247988,0
2023-04-24,0.0027680895,-0.0025486497,0.0047878167,0.99266356,0.0073364666,0
2023-04-25,0.0023996958,-0.0027251777,0.0049857516,0.99228907,0.007710929,0
2023-04-26,-0.0014784766,-0.003972956,0.0034948725,0.9925322,0.0074678287,0
2023-04-27,-0.0011321134,-0.004185144,0.0029352584,0.99287957,0.0071204025,0
2023-04-28,0.0028379878,-0.0028304686,0.0039337124,0.9932358,0.006764181,0
2023-05-01,-0.004464041,-0.0075752027,0.002286105,0.9901387,0.009861307,0
2023-05-02,0.0028342325,-0.0023323207,0.0050651273,0.9926025,0.0073974477,0
2023-05-03,0.0039299023,-0.00091297086,0.0057918457,0.9932952,0.0067048166,1
2023-05-04,0.0008390201,-0.0009751071,0.0036110522,0.99541384,0.0045861593,1
2023-05-05,-0.0018059735,-0.005349523,0.00392151,0.990729,0.009271033,0
2023-05-08,-0.0038003733,-0.006098167,0.00400111,0.9899007,0.010099277,0
2023-05-09,-0.0027635423,-0.0042389813,0.003713215,0.9920478,0.0079521965,0
2023-05-10,0.0038592345,-0.0026682843,0.0053476035,0.9919841,0.008015888,0
2023-05-11,0.002818308,-0.0013063991,0.004764031,0.99392956,0.0060704304,0
2023-05-12,-0.0017377705,-0.0051987455,0.0038755035,0.9909257,0.009074249,0
2023-05-15,0.0007675692,-0.0031562487,0.0040988247,0.9927449,0.0072550736,0
2023-05-16,-0.0025448727,-0.0048869303,0.003574546,0.9915385,0.008461476,0
2023-05-17,-0.0016375971,-0.0036619287,0.0029117505,0.9934263,0.006573679,0
2023-05-18,-0.0031654304,-0.005268121,0.0025637723,0.9921681,0.007831894,0
2023-05-19,-0.0029336063,-0.005174727,0.002761635,0.99206364,0.007936362,0
2023-05-22,-0.001620424,-0.0038585865,0.002858959,0.99328244,0.0067175454,0
2023-05-23,0.00039773615,-0.0033431302,0.0028575354,0.9937993,0.0062006656,0
2023-05-24,-0.0027033344,-0.0042155297,0.0028782438,0.9929062,0.007093773,1
2023-05-25,-0.0038802174,-0.0047645564,0.0027507516,0.9924847,0.007515308,1
2023-05-26,0.00058250275,-0.0030075335,0.0030752611,0.9939172,0.0060827946,1
2023-05-30,0.0029797049,-0.002740101,0.0061501544,0.9911097,0.008890255,0
2023-05-31,0.0011192183,-0.0028808394,0.004992553,0.9921266,0.007873393,0
2023-06-01,0.0029487654,-0.002858235,0.005707371,0.9914344,0.008565607,0
2023-06-02,-0.0015378793,-0.0042680553,0.0043220455,0.9914099,0.0085901,0
2023-06-05,-0.0005640886,-0.0038095408,0.004723089,0.99146736,0.008532629,0
2023-06-06,-3.7675207e-05,-0.0039491183,0.004479104,0.9915718,0.0084282225,0
2023-06-07,-0.0025018873,-0.005317301,0.0025179277,0.9921648,0.007835229,0
2023-06-08,0.0033781487,-0.0027309048,0.0056204246,0.9916487,0.00835133,0
2023-06-09,-0.00018872991,-0.0044900705,0.0042300085,0.9912799,0.008720079,0
2023-06-12,-0.00066643674,-0.0034671088,0.004011736,0.99252117,0.0074788444,0
2023-06-13,-0.003665306,-0.0051832106,0.0019336964,0.9928831,0.0071169073,0
2023-06-14,0.00039199207,-0.0031026853,0.0021506015,0.9947467,0.005253287,0
2023-06-15,0.003469968,-0.0022918899,0.00563327,0.99207485,0.00792516,0
2023-06-16,-0.0013013708,-0.003210584,0.0034378665,0.9933516,0.00664845,0
2023-06-20,0.0017602121,-0.002445265,0.004036262,0.9935185,0.0064815274,0
2023-06-21,0.0008560311,-0.002468936,0.0037089149,0.99382216,0.006177851,0
2023-06-22,-0.0034542985,-0.004595126,0.002542121,0.99286276,0.0071372474,0
2023-06-23,0.0018159021,-0.002327468,0.004383793,0.99328876,0.0067112613,0
2023-06-26,0.0029405844,-0.0009802302,0.004631384,0.9943884,0.005611614,0
2023-06-27,-0.0027157336,-0.0034884776,0.003058114,0.9934534,0.0065465914,0
2023-06-28,0.0029974363,-0.0010840708,0.0040281303,0.9948878,0.005112201,0
2023-06-29,-0.00524213,-0.0067405645,0.0016758982,0.9915835,0.008416463,0
2023-06-30,-0.0011300904,-0.0030401486,0.002716066,0.9942438,0.0057562147,0
2023-07-03,-0.003662969,-0.0040861,0.001813,0.9941009,0.0058991,0
2023-07-05,-0.0047782916,-0.0055174488,0.001901781,0.9925808,0.0074192295,0
2023-07-06,-0.0038664131,-0.0068957494,0.0026621723,0.9904421,0.009557921,1
2023-07-07,-0.0029550195,-0.0049383836,0.00273982,0.9923218,0.0076782033,1
2023-07-10,0.0027111531,-0.002768265,0.0052475613,0.9919842,0.008015826,1
2023-07-11,0.003081508,-0.002596253,0.0057972977,0.9916065,0.00839355,1
2023-07-12,0.0042123445,-0.0019830049,0.0063291905,0.9916878,0.008312196,0
2023-07-13,0.0025304602,-0.0006430604,0.005358974,0.993998,0.0060020345,0
2023-07-14,0.00045196342,-0.003614342,0.0042201634,0.9921655,0.007834505,0
2023-07-17,-0.00033662905,-0.003340483,0.0037457366,0.9929138,0.0070862193,0
2023-07-18,-0.0001552443,-0.002690351,0.003756052,0.9935536,0.0064464035,0
2023-07-19,0.0009892782,-0.000711993,0.0041066143,0.9951814,0.004818607,0
2023-07-20,-0.0020355927,-0.005555446,0.0034260487,0.99101853,0.008981494,0
2023-07-21,0.001096477,-0.0046565803,0.0043622004,0.9909812,0.009018781,0
2023-07-24,-0.0019120339,-0.005299108,0.0034093156,0.9912916,0.008708424,0
2023-07-25,-0.0012563675,-0.005091602,0.0038461545,0.9910622,0.0089377565,0
2023-07-26,0.0015120329,-0.003107555,0.004660585,0.99223185,0.00776814,0
2023-07-27,-0.0019312494,-0.005348206,0.0029934854,0.99165833,0.008341691,0
2023-07-28,0.0015353269,-0.0032946544,0.004192179,0.9925132,0.0074868333,0
2023-07-31,0.001853866,-0.0026148933,0.0033702173,0.9940149,0.0059851105,0
2023-08-01,-0.0020494903,-0.004298196,0.0018058184,0.993896,0.006104015,0
2023-08-02,-0.0022897122,-0.0046510966,0.0027160672,0.99263287,0.007367164,1
2023-08-03,-0.0040921364,-0.006928091,0.0029854574,0.99008644,0.009913549,1
2023-08-04,0.0033203887,-0.0027555006,0.005748335,0.99149615,0.008503836,1
2023-08-07,0.0015267846,-0.0032575752,0.004315255,0.9924272,0.0075728307,1
2023-08-08,0.0029193235,-0.0030102136,0.005444011,0.9915458,0.008454225,1
2023-08-09,0.0011211412,-0.0032839747,0.0042083357,0.9925077,0.0074923104,1
2023-08-10,4.234694e-05,-0.0036478215,0.0036547752,0.9926974,0.0073025967,1
2023-08-11,-0.0017707017,-0.0046439543,0.0027372367,0.9926188,0.007381191,1
2023-08-14,-0.0027956823,-0.0043250397,0.0027069459,0.992968,0.0070319856,1
2023-08-15,-0.0028588546,-0.0049016606,0.0027300264,0.99236834,0.007631687,1
2023-08-16,-0.0038131757,-0.004609946,0.0027676322,0.99262244,0.0073775784,1
2023-08-17,-0.0009224153,-0.0039979927,0.0050635324,0.9909385,0.009061525,2
2023-08-18,0.0008573533,-0.003490084,0.0052515566,0.9912584,0.0087416405,2
2023-08-21,-0.003483421,-0.004722282,0.0037256773,0.99155205,0.008447959,1
2023-08-22,-6.694302e-05,-0.0036700352,0.0032891883,0.9930408,0.006959223,1
2023-08-23,0.0035867717,-0.0026823562,0.007363727,0.98995394,0.0100460835,1
2023-08-24,0.00093459414,-0.0033862945,0.005251669,0.99136204,0.008637963,1
2023-08-25,0.0009953737,-0.0036845414,0.004671093,0.9916444,0.008355634,1
2023-08-28,0.0010155698,-0.0031843,0.0047440985,0.9920716,0.007928398,1
2023-08-29,0.00082389696,-0.0032473558,0.0050196643,0.99173295,0.00826702,1
2023-08-30,0.0011248419,-0.0026169773,0.004673499,0.9927095,0.0072904765,1
2023-08-31,0.0019485932,-0.0023430348,0.0040427926,0.9936142,0.0063858274,1
2023-09-01,-0.0034264498,-0.0062239403,0.0034437357,0.9903323,0.009667676,1
2023-09-05,-0.0035030013,-0.00619518,0.0033338561,0.99047095,0.0095290365,1
2023-09-06,-0.0021626255,-0.0057009747,0.0035107448,0.9907883,0.009211719,1
2023-09-07,0.0007170084,-0.0036966428,0.005092216,0.9912111,0.0087888595,1
2023-09-08,0.0017142547,-0.0026383984,0.00506253,0.9922991,0.0077009285,1
2023-09-11,-0.00015678981,-0.0031113203,0.0044725495,0.99241614,0.0075838696,1
2023-09-12,7.004012e-05,-0.003314932,0.0040802956,0.9926048,0.0073952274,1
2023-09-13,-0.0007960558,-0.003397734,0.003597025,0.9930052,0.0069947587,1
2023-09-14,-2.2116197e-05,-0.0032577843,0.003616125,0.9931261,0.0068739094,1
2023-09-15,-0.0031569956,-0.005851701,0.0030035963,0.9911447,0.008855297,1
2023-09-18,0.0004919794,-0.0032288658,0.0030964396,0.9936747,0.0063253054,1
2023-09-19,-0.0037087104,-0.0064064013,0.0027458726,0.9908477,0.009152274,1
2023-09-20,-0.0032164901,-0.0055126697,0.00262823,0.9918591,0.008140899,1
2023-09-21,-0.004222724,-0.008121362,0.002699394,0.98917925,0.010820756,1
2023-09-22,0.0010439884,-0.0049665067,0.0049761925,0.9900573,0.009942699,2
2023-09-25,-0.003889359,-0.005676843,0.0030155876,0.99130756,0.00869243,1
2023-09-26,-0.00062303606,-0.0046426323,0.004573584,0.9907838,0.009216216,2
2023-09-27,-0.0027103524,-0.0050808107,0.0045766556,0.99034256,0.009657467,2
2023-09-28,0.0012318,-0.0046709874,0.0050742077,0.9902548,0.0097451955,2
2023-09-29,0.00047697074,-0.0040260167,0.0047145034,0.99125946,0.00874052,2
2023-10-02,-0.0025690922,-0.005208941,0.004984707,0.98980635,0.010193648,2
2023-10-03,-0.0058552916,-0.010645334,0.005171435,0.98418325,0.015816769,2
2023-10-04,0.0014768568,-0.0047625066,0.0052855853,0.9899519,0.010048091,2
2023-10-05,0.00089066796,-0.003954149,0.005298974,0.99074686,0.009253123,2
2023-10-06,-0.0010598268,-0.0040809526,0.0046409615,0.9912781,0.008721914,2
2023-10-09,0.0014409573,-0.0040703635,0.005803278,0.9901264,0.009873642,2
2023-10-10,-0.000874694,-0.0055022696,0.004715317,0.9897824,0.0102175865,2
2023-10-11,0.0015437145,-0.0033924975,0.005254686,0.9913528,0.008647183,1
2023-10-12,-0.0019350231,-0.006394167,0.005098983,0.98850685,0.01149315,2
2023-10-13,-0.00035499292,-0.0045812596,0.0048459284,0.9905728,0.009427188,2
2023-10-16,-0.0015776979,-0.006328371,0.0048096837,0.9888619,0.011138055,2
2023-10-17,-0.0012698254,-0.004801271,0.0046324693,0.99056625,0.009433741,2
2023-10-18,-0.0035091066,-0.0063009923,0.0050904173,0.9886086,0.01139141,2
2023-10-19,-0.0033900999,-0.0055574127,0.004868201,0.9895744,0.010425614,2
2023-10-20,0.0002786982,-0.0041152313,0.0049869465,0.99089783,0.009102178,2
2023-10-23,0.00075136503,-0.0041154143,0.005535761,0.9903488,0.009651175,2
2023-10-24,0.0005025551,-0.0042936183,0.005210077,0.9904963,0.009503695,2
2023-10-25,-0.0014436889,-0.0050882306,0.0039975126,0.9909143,0.009085743,2
2023-10-26,-0.00048246887,-0.004430839,0.0044988613,0.9910703,0.0089297,2
2023-10-27,-0.0020563947,-0.005974834,0.0046025827,0.98942256,0.010577416,2
2023-10-30,-0.0015534068,-0.0056816507,0.0041357465,0.9901826,0.009817397,2
2023-10-31,-0.00072860956,-0.004743487,0.0039112265,0.9913453,0.008654714,2
2023-11-01,0.0031612066,-0.00308368,0.0056572347,0.9912591,0.008740915,1
2023-11-02,0.0010113443,-0.0022270374,0.00444545,0.9933275,0.0066724876,1
2023-11-03,0.0045587705,-0.001401492,0.00738263,0.9912159,0.008784122,1
2023-11-06,-0.0022631506,-0.005954986,0.0036869664,0.99035805,0.009641953,1
2023-11-07,0.00056891504,-0.0017341514,0.004104146,0.9941617,0.0058382973,1
2023-11-08,0.0035458938,-0.0015971129,0.004840945,0.9935619,0.006438058,1
2023-11-09,-0.002699125,-0.0061620856,0.0037305688,0.99010736,0.009892655,1
2023-11-10,-0.0019646683,-0.0047848015,0.004276891,0.9909383,0.009061692,1
2023-11-13,0.00019571315,-0.004669452,0.004899685,0.9904309,0.009569136,1
2023-11-14,0.005228501,-0.0013068629,0.007658018,0.9910351,0.00896488,1
2023-11-15,-0.0029609213,-0.0059407763,0.0040316526,0.99002755,0.009972429,0
2023-11-16,0.0016378909,-0.0010697705,0.005327391,0.9936028,0.0063971616,0
2023-11-17,0.00086250703,-0.0009802304,0.004527803,0.994492,0.0055080336,0
2023-11-20,0.0016791649,-0.00090930815,0.004683508,0.9944072,0.005592816,0
2023-11-21,0.0017100855,-0.00087667705,0.004666409,0.9944569,0.005543086,0
2023-11-22,0.0008128199,-0.0009998744,0.0042150104,0.99478513,0.005214885,0
2023-11-24,-0.0028948665,-0.004767832,0.003913321,0.9913188,0.008681153,0
2023-11-27,0.0030031074,-0.001130953,0.0051499004,0.99371916,0.0062808534,0
2023-11-28,0.0038260513,-0.0010935654,0.0058692535,0.99303716,0.006962819,0
2023-11-29,0.0038592499,-0.0008291112,0.005992688,0.9931782,0.006821799,0
2023-11-30,-0.0022419726,-0.004649883,0.0037665025,0.9915836,0.008416385,0
2023-12-01,0.0034471226,-0.0009854798,0.005641158,0.99337333,0.006626638,0
2023-12-04,-0.00216992,-0.0035468864,0.0037876535,0.99266547,0.0073345397,0
2023-12-05,0.0027907407,-0.0009462776,0.0049368287,0.9941169,0.0058831065,0
2023-12-06,0.0034787136,-0.0009462977,0.0055516004,0.9935021,0.006497898,0
2023-12-07,-0.00086129515,-0.0012100018,0.003874491,0.9949155,0.0050844927,0
2023-12-08,-0.002975747,-0.0061346707,0.003560581,0.99030477,0.0096952515,0
2023-12-11,-0.0013154831,-0.005509854,0.0036813957,0.9908087,0.0091912495,0
2023-12-12,-0.0020539637,-0.005288307,0.0037208677,0.9909908,0.009009175,0
2023-12-13,0.004192394,-0.0014687787,0.006508008,0.9920232,0.007976787,0
2023-12-14,0.003997416,-0.0011218778,0.0060661947,0.9928119,0.0071880724,0
2023-12-15,0.00019286945,-0.0010603324,0.0043615163,0.9945781,0.005421849,0
2023-12-18,-0.0016087596,-0.0027714535,0.0040480727,0.99318045,0.006819526,0
2023-12-19,-0.00025499662,-0.0012476253,0.0041091726,0.9946432,0.005356798,0
2023-12-20,0.0028348602,-0.001114149,0.005148562,0.9937373,0.0062627112,0
2023-12-21,-0.0008713665,-0.0011865676,0.0039026076,0.99491084,0.005089175,0
2023-12-22,-0.00058644806,-0.0023326902,0.0035029138,0.9941644,0.005835604,0
2023-12-26,-0.0003420055,-0.0018022561,0.0035219651,0.99467576,0.005324221,0
2023-12-27,0.0038234228,-0.0012250306,0.0058106137,0.9929643,0.0070356443,0
2023-12-28,-0.0021170368,-0.0035427685,0.0034944615,0.9929628,0.00703723,0
2023-12-29,-0.0015886717,-0.005379573,0.0033858814,0.99123454,0.008765454,0
2024-01-02,-0.0014158372,-0.0044821114,0.00329596,0.99222195,0.0077780713,0
2024-01-03,0.00048475678,-0.0041489895,0.0039312034,0.9919198,0.008080193,0
2024-01-04,-0.0035918176,-0.005821189,0.0029721148,0.9912067,0.008793304,0
2024-01-05,-0.0046659973,-0.0068482948,0.002274165,0.99087757,0.009122459,0
2024-01-08,0.0020678788,-0.0035547416,0.0033172704,0.993128,0.0068720123,0
2024-01-09,0.00090355094,-0.0038350811,0.0027052262,0.9934597,0.0065403073,0
2024-01-10,-0.0006755548,-0.0040528257,0.0017863626,0.99416083,0.0058391886,0
2024-01-11,0.0017705979,-0.0035325051,0.0043143397,0.99215317,0.007846845,0
2024-01-12,0.00097059994,-0.0039364565,0.0046905917,0.99137294,0.008627048,0
2024-01-16,-0.0034473832,-0.0060017076,0.001677497,0.9923208,0.0076792045,0
2024-01-17,-0.0030260417,-0.005314839,0.0029150273,0.99177015,0.008229867,1
2024-01-18,-0.0029161298,-0.0045002606,0.0029596672,0.99254006,0.007459928,1
2024-01-19,-0.00036704706,-0.003623114,0.0031091545,0.9932677,0.0067322683,1
2024-01-22,0.0018138636,-0.0035097282,0.003640985,0.9928493,0.0071507134,0
2024-01-23,-0.00069053407,-0.0040204246,0.0018380678,0.9941415,0.005858492,0
2024-01-24,-0.0035164256,-0.005497007,0.0018155908,0.9926874,0.0073125977,0
2024-01-25,0.0020134933,-0.003592112,0.004708786,0.9916991,0.008300899,0
2024-01-26,-0.0023385247,-0.004572958,0.0026250826,0.99280196,0.007198041,0
2024-01-29,0.0023678928,-0.0032976544,0.0052916664,0.9914107,0.008589321,0
2024-01-30,0.0016865418,-0.0034793215,0.004627029,0.99189365,0.008106351,0
2024-01-31,0.003436714,-0.00095152354,0.005569785,0.9934787,0.0065213083,0
2024-02-01,0.0037478325,-0.001075961,0.0061995136,0.99272454,0.0072754747,0
2024-02-02,-0.0039311214,-0.0067906813,0.0028846362,0.9903247,0.009675317,0
2024-02-05,-0.0045437566,-0.007768033,0.0016783527,0.9905536,0.009446386,0
2024-02-06,0.0019514336,-0.0032771416,0.0036237033,0.99309915,0.006900845,0
2024-02-07,-0.0022195517,-0.0048684357,0.0027345163,0.99239707,0.007602952,0
2024-02-08,-0.0016629256,-0.0052767433,0.0021079383,0.99261534,0.0073846816,0
2024-02-09,-0.0013516179,-0.00400701,0.0026646107,0.9933284,0.0066716205,0
2024-02-12,-0.00073352735,-0.0039248243,0.0021338717,0.9939413,0.0060586957,0
2024-02-13,-0.005411337,-0.007512456,0.0020046697,0.99048287,0.009517126,0
2024-02-14,0.00080735784,-0.0037815103,0.0032094806,0.99300903,0.0069909906,0
2024-02-15,0.0018422828,-0.0034947828,0.0040540276,0.9924512,0.0075488104,0
2024-02-16,-0.00028599508,-0.0039459774,0.0031530056,0.992901,0.007098983,0
2024-02-20,0.0008246669,-0.003861123,0.0032597205,0.99287915,0.0071208435,0
2024-02-21,-0.00022816732,-0.0041538463,0.0025878476,0.9932583,0.006741694,0
2024-02-22,-0.0015402172,-0.0045364243,0.0024926013,0.992971,0.007029026,0
2024-02-23,0.001501916,-0.0038184,0.0050995904,0.991082,0.00891799,0
2024-02-26,0.00015551093,-0.0042708227,0.0040097055,0.9917195,0.008280529,0
2024-02-27,-0.0018602631,-0.004778054,0.0030054355,0.9922165,0.0077834893,0
2024-02-28,0.0023387694,-0.0036983155,0.004436534,0.99186516,0.008134849,0
2024-02-29,-0.00032290412,-0.0042573186,0.0045279935,0.9912147,0.008785312,0
2024-03-01,0.0022498437,-0.0026127321,0.005238589,0.9921487,0.007851321,0
2024-03-04,-0.00037615115,-0.0033759174,0.0042206664,0.9924034,0.007596584,0
2024-03-05,0.0033817647,-0.00085775455,0.0062663956,0.9928759,0.00712415,0
2024-03-06,0.0020370157,-0.00084619824,0.004531207,0.9946226,0.0053774053,0
2024-03-07,0.001819786,-0.00084916916,0.003981182,0.99516964,0.004830351,0
2024-03-08,0.0011547445,-0.00076188566,0.0038285372,0.99540955,0.004590423,0
2024-03-11,-0.0011195163,-0.0014071253,0.0034510968,0.9951418,0.004858222,0
2024-03-12,-0.0031971063,-0.005410631,0.0030649123,0.99152446,0.008475544,0
2024-03-13,-0.0027702136,-0.005709286,0.0031015442,0.9911892,0.00881083,0
2024-03-14,-0.003952127,-0.0061408514,0.002189293,0.99166983,0.008330144,0
2024-03-15,-0.00085758,-0.003827083,0.0019979114,0.994175,0.0058249943,0
2024-03-18,-5.3840748e-05,-0.0034229525,0.0017283197,0.9948487,0.0051512723,0
2024-03-19,0.0011176524,-0.0030783599,0.0024277314,0.9944939,0.0055060913,0
2024-03-20,0.0024322553,-0.0029480725,0.0036483547,0.99340355,0.0065964274,0
2024-03-21,0.0019360933,-0.003298401,0.0033809873,0.9933206,0.006679388,0
2024-03-22,0.0019961074,-0.0034202891,0.0041332184,0.9924465,0.0075535076,0
2024-03-25,-0.00026914978,-0.0039421427,0.0031867572,0.9928711,0.0071289,0
2024-03-26,0.0015322526,-0.003731329,0.0034985775,0.9927701,0.0072299065,0
2024-03-27,0.0017648076,-0.0032752852,0.0036397674,0.99308497,0.0069150524,0
2024-03-28,-0.0004631632,-0.0036457458,0.003125347,0.9932289,0.006771093,0
2024-04-01,-0.0043370575,-0.0070300247,0.0022004433,0.9907695,0.009230468,0
2024-04-02,-0.0013401977,-0.0046250992,0.0017179856,0.99365693,0.006343085,0
2024-04-03,-0.0002699368,-0.004272164,0.0025199205,0.99320793,0.0067920843,0
2024-04-04,0.0011307647,-0.003037669,0.0037877143,0.9931746,0.0068253833,0
2024-04-05,-0.0030907267,-0.0046218014,0.001875835,0.9935024,0.0064976364,1
2024-04-08,-0.0027031924,-0.004075464,0.0024028656,0.9935217,0.006478329,1
2024-04-09,0.0018683126,-0.0026963728,0.0033973637,0.99390626,0.0060937367,0
2024-04-10,-0.004340403,-0.0102424575,0.0021608386,0.9875967,0.012403296,1
2024-04-11,-0.0031851071,-0.0056070816,0.002470992,0.9919219,0.008078074,1
2024-04-12,0.0017156283,-0.0027831001,0.0038169024,0.9934,0.0066000028,1
2024-04-15,-0.003758178,-0.0050386903,0.00228474,0.99267656,0.0073234304,1
2024-04-16,-0.0037705807,-0.0054412624,0.0022843007,0.99227446,0.007725563,1
2024-04-17,0.0026577122,-0.0027480593,0.004338074,0.99291384,0.0070861336,1
2024-04-18,0.00035815604,-0.0030446243,0.002840593,0.99411476,0.0058852173,1
2024-04-19,0.0010245546,-0.003024776,0.003786694,0.9931885,0.00681147,1
2024-04-22,0.001317941,-0.00311488,0.003955016,0.9929301,0.007069896,1
2024-04-23,0.0013970892,-0.002849657,0.0037088892,0.99344146,0.0065585463,1
2024-04-24,3.6922418e-05,-0.0037944526,0.0032483805,0.9929572,0.007042833,1
2024-04-25,-0.0037837378,-0.004946411,0.0024113182,0.9926423,0.0073577296,1
2024-04-26,0.00044284156,-0.0030573246,0.0035240154,0.99341863,0.00658134,1
2024-04-29,0.0023762968,-0.0025221924,0.004776432,0.99270135,0.0072986246,1
2024-04-30,-0.0025023287,-0.0034510007,0.0033118788,0.99323714,0.0067628794,1
2024-05-01,0.0004596491,-0.0027964674,0.0049680653,0.9922355,0.0077645327,1
2024-05-02,0.0014764607,-0.0026899097,0.0042835027,0.9930266,0.0069734124,1
2024-05-03,0.0039437227,-0.001988993,0.0069151516,0.99109584,0.008904144,1
2024-05-06,0.00114251,-0.0023789487,0.0040697255,0.9935513,0.006448674,1
2024-05-07,0.001968986,-0.0016362326,0.0048482055,0.99351555,0.006484438,1
2024-05-08,-0.0016780881,-0.0037072548,0.0038996753,0.9923931,0.00760693,1
2024-05-09,0.0006908881,-0.0013123748,0.004617212,0.9940704,0.0059295865,1
2024-05-10,-0.0025618272,-0.003842352,0.0035872154,0.99257046,0.007429567,1
2024-05-13,-0.00061226083,-0.0018999099,0.0032585731,0.9948415,0.005158483,0
2024-05-14,0.0018826248,-0.0009606771,0.0037263215,0.995313,0.0046869987,0
2024-05-15,0.004030858,-0.0009101871,0.0066238507,0.992466,0.007534038,0
2024-05-16,-0.0012733351,-0.0017893049,0.0034193185,0.9947914,0.0052086236,0
2024-05-17,-0.0025094373,-0.0051452178,0.0031272415,0.99172753,0.00827246,0
2024-05-20,-0.0023569318,-0.00447418,0.0030889527,0.9924369,0.007563133,0
2024-05-21,-0.0012804733,-0.0033784423,0.0031559092,0.99346566,0.0065343515,0
2024-05-22,-0.0016372096,-0.0041507506,0.0031142505,0.992735,0.007265001,0
2024-05-23,-0.002080116,-0.005080925,0.0029332817,0.9919858,0.008014207,0
2024-05-24,0.00046176097,-0.0037499326,0.003238162,0.9930119,0.0069880947,0
2024-05-28,-0.0044237683,-0.00511729,0.0017439518,0.99313873,0.006861242,0
2024-05-29,-0.004649876,-0.0064547607,0.0017115587,0.9918337,0.00816632,0
2024-05-30,0.0016272689,-0.0032762473,0.00334618,0.99337757,0.006622427,0
2024-05-31,0.0029861848,-0.0029507508,0.0048720776,0.9921772,0.007822828,0
2024-06-03,0.0020328243,-0.001738117,0.00414248,0.9941194,0.005880597,0
2024-06-04,0.003977537,-0.000917696,0.005488524,0.99359375,0.00640622,0
2024-06-05,0.003082448,-0.00083691085,0.0050632637,0.99409986,0.0059001744,0
2024-06-06,0.0008406852,-0.0008159938,0.0036227466,0.99556124,0.00443874,0
2024-06-07,-0.0037499217,-0.006387833,0.0029741777,0.990638,0.00936201,0
2024-06-10,-0.0027506896,-0.004360442,0.0029799067,0.9926596,0.007340349,0
2024-06-11,0.0018335739,-0.0031758114,0.003372118,0.9934521,0.0065479297,0
2024-06-12,0.0018089138,-0.00195067,0.0038822175,0.9941671,0.0058328873,0
2024-06-13,0.0037105875,-0.00090474007,0.0056786374,0.9934166,0.0065833777,0
2024-06-14,0.0026411312,-0.0007009424,0.004017064,0.995282,0.004718006,0
2024-06-17,-0.0024774056,-0.003911486,0.0031329421,0.99295557,0.007044428,0
2024-06-18,0.0008665533,-0.000769807,0.0037604829,0.9954697,0.00453029,0
2024-06-20,-0.0020544461,-0.0025882602,0.0031856678,0.9942261,0.005773928,0
2024-06-21,-0.0010261533,-0.0024860352,0.0032336696,0.9942803,0.0057197046,0
2024-06-24,0.0010198948,-0.0018246643,0.0032974079,0.99487793,0.005122072,0
2024-06-25,0.0012201903,-0.0011180546,0.0034881814,0.99539375,0.004606236,0
2024-06-26,-0.0028823738,-0.0059922053,0.00294515,0.99106264,0.008937355,0
2024-06-27,0.0010824368,-0.003112183,0.0036462876,0.99324155,0.0067584706,0
2024-06-28,-0.0019605705,-0.004089161,0.0029605702,0.99295026,0.007049731,0
2024-07-01,-0.00081934937,-0.004402792,0.00198563,0.9936116,0.006388422,0
2024-07-02,0.0012363141,-0.0036104198,0.0027943198,0.99359524,0.00640474,0
2024-07-03,0.003465795,-0.0026806686,0.0048319367,0.9924874,0.0075126053,0
2024-07-05,0.002851577,-0.0014835397,0.0046597803,0.99385667,0.00614332,0
2024-07-08,0.001561802,-0.0015004984,0.0038772272,0.9946223,0.0053777257,0
2024-07-09,0.00028647954,-0.0023244545,0.003508085,0.99416745,0.0058325394,0
2024-07-10,0.00044885743,-0.0017586555,0.0034794628,0.9947619,0.0052381186,0
2024-07-11,0.0045082797,-0.00069179235,0.006576814,0.9927314,0.0072686067,0
2024-07-12,0.002151027,-0.0007914453,0.0039552865,0.99525326,0.004746732,0
2024-07-15,-0.0016457188,-0.0029848318,0.0032053224,0.9938098,0.0061901542,0
2024-07-16,0.0021223738,-0.000813917,0.0038273113,0.99535877,0.0046412284,0
2024-07-17,0.0014116935,-0.0005706302,0.0037110294,0.99571836,0.0042816596,0
2024-07-18,-0.0020411003,-0.0024182778,0.0033057993,0.9942759,0.005724077,0
2024-07-19,-0.0021021634,-0.0039797327,0.003553475,0.9924668,0.0075332075,1
2024-07-22,0.0002727285,-0.0032190497,0.004021433,0.9927595,0.0072404826,1
2024-07-23,0.0005159935,-0.003426832,0.003430777,0.99314237,0.006857609,0
2024-07-24,-0.00078052166,-0.0036328083,0.0044186916,0.9919485,0.0080515,1
2024-07-25,0.0008554624,-0.0029374058,0.004331414,0.99273115,0.00726882,1
2024-07-26,0.0031360365,-0.0019099619,0.0049124844,0.99317753,0.0068224464,1
2024-07-29,0.0019189673,-0.0012557752,0.0038270596,0.99491715,0.005082835,1
2024-07-30,0.0030761214,-0.0012057488,0.0040769423,0.9947173,0.005282691,1
2024-07-31,0.006348462,-0.001184652,0.008721601,0.99009377,0.009906253,1
2024-08-01,0.00442225,-0.0012018816,0.005290993,0.99350715,0.0064928746,1
2024-08-02,0.0059289406,-0.0012471144,0.008445565,0.99030733,0.009692679,1
2024-08-05,0.0013744083,-0.0045631095,0.0068037873,0.9886331,0.011366896,2
2024-08-06,-0.0045886734,-0.009209099,0.0041065514,0.9866843,0.013315651,2
2024-08-07,-0.00441966,-0.0074626068,0.0042584245,0.988279,0.011721032,2
2024-08-08,-0.0040321685,-0.0071816747,0.0041417205,0.9886766,0.011323395,2
2024-08-09,-0.0022619185,-0.0049215704,0.0039772517,0.9911012,0.008898823,2
2024-08-12,-0.00023625176,-0.0044972203,0.0051478064,0.99035496,0.009645026,2
2024-08-13,0.0014537281,-0.003934301,0.004411168,0.9916545,0.008345469,1
2024-08-14,-0.00049987965,-0.0030825345,0.0029403742,0.99397707,0.0060229087,1
2024-08-15,-0.0031821204,-0.0054996647,0.0025615818,0.99193877,0.008061247,1
2024-08-16,-0.0014025978,-0.004862599,0.0031335743,0.9920038,0.007996174,1
2024-08-19,0.0008414868,-0.004106401,0.0037810379,0.9921126,0.007887439,1
2024-08-20,0.0016651879,-0.0023795513,0.003988516,0.99363196,0.006368067,1
2024-08-21,0.001343481,-0.0017089706,0.0037090927,0.99458194,0.005418063,1
2024-08-22,-0.0023026573,-0.004567599,0.0030202705,0.99241215,0.0075878697,0
2024-08-23,0.0013436798,-0.0010413743,0.0036844076,0.99527425,0.0047257817,0
2024-08-26,-0.00044394503,-0.0018655639,0.0029321439,0.9952023,0.004797708,0
2024-08-27,0.00035588758,-0.002503055,0.0034653456,0.9940316,0.0059684003,1
2024-08-28,0.00054113194,-0.002168934,0.003831165,0.9939999,0.006000099,1
2024-08-29,0.000211256,-0.0026780819,0.0033865143,0.9939354,0.006064596,1
2024-08-30,-0.003918338,-0.005332034,0.0017515046,0.99291646,0.007083539,0
2024-09-03,0.0036403125,-0.0013671705,0.00469063,0.9939422,0.0060578003,0
2024-09-04,0.005087751,-0.00084402214,0.00749915,0.99165684,0.008343172,0
2024-09-05,0.0033654545,-0.0009135079,0.004319498,0.994767,0.0052330056,0
2024-09-06,0.0020552638,-0.0009581163,0.0039991974,0.9950427,0.0049573136,0
2024-09-09,0.0022893494,-0.0012000103,0.004435777,0.9943642,0.0056357877,1
2024-09-10,0.004229271,-0.0010672315,0.0052860724,0.9936467,0.006353304,1
2024-09-11,-6.199452e-05,-0.000996035,0.003151894,0.99585205,0.004147929,0
2024-09-12,-0.001879139,-0.0023889358,0.002897781,0.9947133,0.005286717,0
2024-09-13,0.0006209939,-0.0011008154,0.0031610164,0.99573815,0.0042618318,0
2024-09-16,0.0022805214,-0.0011208692,0.0036236537,0.9952555,0.0047445227,0
2024-09-17,-0.0010536176,-0.001991602,0.0027623356,0.99524605,0.0047539375,0
2024-09-18,-0.0018938303,-0.0053735794,0.0021560343,0.9924704,0.0075296136,1
2024-09-19,-0.0005767236,-0.0042102747,0.003046259,0.9927435,0.007256534,0
2024-09-20,0.00014435696,-0.0031060423,0.002671306,0.99422264,0.0057773483,1
2024-09-23,-0.0007641438,-0.0041865576,0.0032357923,0.9925777,0.00742235,0
2024-09-24,0.00054541597,-0.003883252,0.003453966,0.9926628,0.007337218,0
2024-09-25,-0.0036576714,-0.0055307895,0.0013992005,0.99307,0.00692999,0
2024-09-26,-0.0012297343,-0.003819845,0.0014473179,0.99473286,0.005267163,0
2024-09-27,0.0025956484,-0.0029532432,0.0036824322,0.99336433,0.006635675,0
2024-09-30,-0.0015788326,-0.0035233859,0.0016906724,0.99478596,0.0052140583,0
2024-10-01,0.0019078864,-0.0031062623,0.0048474935,0.99204624,0.007953756,0
2024-10-02,-0.0019290587,-0.003796201,0.0018732606,0.9943305,0.0056694616,0
2024-10-03,-0.004783958,-0.005335833,0.0012915754,0.9933726,0.0066274083,0
2024-10-04,-0.0050287414,-0.0084612155,0.0012422102,0.9902966,0.009703426,0
2024-10-07,-0.0031654576,-0.0045023584,0.0009233359,0.9945743,0.0054256944,0
2024-10-08,0.00035210888,-0.0031550243,0.00093001424,0.99591494,0.0040850383,0
2024-10-09,-0.0023716078,-0.003871641,0.0013147444,0.9948136,0.0051863855,0
2024-10-10,-0.00012734295,-0.003193512,0.0014239977,0.9953825,0.00461751,0
2024-10-11,-5.7392463e-05,-0.003185358,0.0013975621,0.99541706,0.00458292,0
2024-10-14,-0.0013307882,-0.0037664773,0.0017825307,0.994451,0.005549008,0
2024-10-15,0.0023635558,-0.0030487978,0.004633274,0.9923179,0.007682072,0
2024-10-16,0.0011505438,-0.00288018,0.0041038515,0.99301594,0.0069840318,0
2024-10-17,-0.0014369024,-0.004695996,0.001613634,0.9936904,0.0063096303,0
2024-10-18,0.00016097089,-0.0033012186,0.0022669998,0.9944318,0.0055682184,0
2024-10-21,-0.0042966646,-0.005775073,0.0016275513,0.9925974,0.0074026245,0
2024-10-22,-0.00070153974,-0.0034613577,0.0016313035,0.9949073,0.005092661,0
2024-10-23,-0.0029065683,-0.004044962,0.0026014938,0.99335355,0.006646456,1
2024-10-24,0.0015337005,-0.0028880811,0.003893407,0.99321854,0.006781488,1
2024-10-25,-0.00069636473,-0.0031979512,0.002503137,0.99429893,0.0057010883,1
2024-10-28,-0.0031695815,-0.0039009186,0.0026082692,0.9934908,0.0065091876,1
2024-10-29,-0.00043883148,-0.0030970674,0.0025224935,0.9943804,0.005619561,1
2024-10-30,-0.002752691,-0.003897063,0.0024928392,0.9936101,0.006389902,1
2024-10-31,-0.0026097975,-0.0038419554,0.0027621866,0.99339586,0.006604142,1
2024-11-01,-0.00370985,-0.0062307883,0.0026431605,0.99112606,0.008873949,1
2024-11-04,0.002851808,-0.0028936008,0.0045838216,0.9925226,0.0074774222,1
2024-11-05,0.0015715063,-0.003306083,0.0040392606,0.9926547,0.0073453435,1
2024-11-06,-0.0045405803,-0.0068443795,0.002387548,0.9907681,0.009231928,1
2024-11-07,0.003192542,-0.002645012,0.0052474444,0.99210757,0.007892456,0
2024-11-08,0.0023666837,-0.0027012634,0.004428522,0.9928702,0.0071297856,0
2024-11-11,-0.0010866879,-0.0037786278,0.0031109138,0.9931105,0.0068895416,0
2024-11-12,-0.0014852992,-0.0043299664,0.0023891926,0.9932808,0.006719159,1
2024-11-13,-0.00040302033,-0.0039479015,0.0026605625,0.9933915,0.006608464,1
2024-11-14,-0.0012490151,-0.003721298,0.0025842688,0.9936944,0.006305567,1
2024-11-15,0.0005130671,-0.0034663181,0.0026591641,0.9938745,0.0061254823,1
2024-11-18,0.0018048099,-0.0029947835,0.0047881166,0.9922171,0.0077829,1
2024-11-19,0.0019107002,-0.0026832896,0.004355365,0.99296135,0.0070386548,1
2024-11-20,-0.000463465,-0.003755273,0.0035503844,0.9926943,0.0073056575,1
2024-11-21,-0.002800172,-0.004767644,0.0033490031,0.99188334,0.008116648,1
2024-11-22,-0.00029209277,-0.0035906208,0.0036413807,0.992768,0.0072320015,1
2024-11-25,0.0057003563,-0.00093559746,0.008171669,0.9908927,0.009107267,1
2024-11-26,-0.00036266036,-0.0028381168,0.0034700865,0.9936918,0.0063082036,1
2024-11-27,0.0032123341,-0.0012184284,0.0048470804,0.9939345,0.006065509,1
2024-11-29,0.003684605,-0.00050228357,0.0056493473,0.9938484,0.006151631,0
2024-12-02,0.0007545479,-0.0006685512,0.00365124,0.9956802,0.004319791,0
2024-12-03,-0.002264422,-0.0029042996,0.0030199094,0.9940758,0.005924209,0
2024-12-04,0.0015256329,-0.00071506575,0.0033684256,0.9959165,0.0040834914,0
2024-12-05,0.0007385197,-0.0006865943,0.0032303932,0.996083,0.003916987,0
2024-12-06,0.002866069,-0.0006327301,0.0046805525,0.9946867,0.005313283,0
2024-12-09,-0.0028279647,-0.00348988,0.002727127,0.993783,0.0062170066,0
2024-12-10,-0.0021433043,-0.0049411925,0.0027133133,0.9923455,0.007654506,0
2024-12-11,-0.002611836,-0.0041509243,0.0025656933,0.9932834,0.0067166174,0
2024-12-12,-0.0025050465,-0.0037856647,0.00279709,0.99341726,0.0065827547,0
2024-12-13,-0.0012060079,-0.0040798252,0.0019278633,0.9939923,0.0060076886,0
2024-12-16,-0.00024998572,-0.0032878784,0.0013569725,0.9953551,0.0046448507,0
2024-12-17,0.0004055559,-0.0029514253,0.0013364803,0.9957121,0.0042879055,0
2024-12-18,-0.0044945297,-0.007913104,0.0015814331,0.99050546,0.0094945375,0
2024-12-19,-0.003884687,-0.0053964574,0.002004358,0.9925992,0.0074008154,1
2024-12-20,0.0017641409,-0.0031969333,0.0031303172,0.9936727,0.0063272505,1
2024-12-23,-0.0031927475,-0.004511376,0.0021313445,0.9933573,0.0066427207,1
2024-12-24,0.00013396867,-0.003633748,0.0022696373,0.99409664,0.0059033856,1
2024-12-26,0.0010646894,-0.0032235088,0.0022054084,0.9945711,0.0054289172,1
2024-12-27,-0.0027567935,-0.0045663677,0.0020095743,0.99342406,0.006575942,1
2024-12-30,0.0026285676,-0.0027807918,0.00387665,0.9933426,0.006657442,1
