date,true,pred
2016-11-21,0.0018907470620078172,0.0006046885
2016-11-22,0.002078006779406817,0.0006046885
2016-11-23,-0.0055893119978757825,0.0006046885
2016-11-25,-0.005816009683201782,0.0006046885
2016-11-28,-0.0004827268790364818,0.0006046885
2016-11-29,-0.005407922076284883,0.0006046885
2016-11-30,-0.006065959208946283,0.0006046885
2016-12-01,0.003977751646293417,0.0006046885
2016-12-02,0.0040032464419850165,0.0006046885
2016-12-05,-0.005625590386744383,0.0006046885
2016-12-06,-0.005053402048847683,0.0006046885
2016-12-07,-0.004860886920720783,0.0006046885
2016-12-08,-0.016529378535240682,0.0006046885
2016-12-09,-0.015529426841019885,0.0006046885
2016-12-12,-0.009124266119784282,0.0006046885
2016-12-13,-0.004695486975169484,0.0006046885
2016-12-14,-0.007383265786411983,0.0006046885
2016-12-15,0.0025979992551960172,0.0006046885
2016-12-16,0.004962292059546117,0.0006046885
2016-12-19,0.004669356925821218,0.0006046885
2016-12-20,-0.0013947493657448823,0.0006046885
2016-12-21,0.004374108054298818,0.0006046885
2016-12-22,0.005806059584363917,0.0006046885
2016-12-23,0.009200894787126417,0.0006046885
2016-12-27,0.007761654257064219,0.0006046885
2016-12-28,0.010349600983922217,0.0006046885
2016-12-29,0.013157654127484417,0.0006046885
2016-12-30,0.005534427595618618,0.0006046885
2017-01-03,0.006371497995002319,0.0006046885
2017-01-04,0.006374438875903618,0.0006046885
2017-01-05,0.006367791066594818,0.0006046885
2017-01-06,0.0004734823107031182,0.0006046885
2017-01-09,0.0028503899136128183,0.0006046885
2017-01-10,0.004067628686053218,0.0006046885
2017-01-11,-0.0025643776011473824,0.0006046885
2017-01-12,-0.007511819628927882,0.0006046885
2017-01-13,-0.007603106877508782,0.0006046885
2017-01-17,-0.0001897793237943821,0.0006046885
2017-01-18,-0.009009289098871182,0.0006046885
2017-01-19,-0.006869327791717982,0.0006046885
2017-01-20,-0.0017199694080054816,0.0006046885
2017-01-23,-0.0009547770231633818,0.0006046885
2017-01-24,-0.006474198511401881,0.0006046885
2017-01-25,0.000761969446729419,0.0006046885
2017-01-26,0.0038097249954129196,0.0006046885
2017-01-27,0.0028525472954296187,0.0006046885
2017-01-30,0.002373970939406619,0.0006046885
2017-01-31,0.007419027563934419,0.0006046885
2017-02-01,0.005789219409460518,0.0006046885
2017-02-02,0.011775255976079719,0.0006046885
2017-02-03,0.005427541490613319,0.0006046885
2017-02-06,0.003999088436065119,0.0006046885
2017-02-07,-0.002281195005012381,0.0006046885
2017-02-08,-0.007707398191411281,0.0006046885
2017-02-09,-0.013687245599124181,0.0006046885
2017-02-10,-0.003710517695526781,0.0006046885
2017-02-13,-0.0003797732698521809,0.0006046885
2017-02-14,0.000665842054285719,0.0006046885
2017-02-15,0.005904562725043119,0.0006046885
2017-02-16,0.01047209039629532,0.0006046885
2017-02-17,0.01109094113114352,0.0006046885
2017-02-21,0.004836835963052319,0.0006046885
2017-02-22,0.004839395671402619,0.0006046885
2017-02-23,-0.0037673165930971805,0.0006046885
2017-02-24,-0.00929003141161838,0.0006046885
2017-02-27,-0.012963582832830181,0.0006046885
2017-02-28,-0.00956628648337878,0.0006046885
2017-03-01,-0.010528707776322279,0.0006046885
2017-03-02,-0.0068954065899610815,0.0006046885
2017-03-03,-0.006819981362852182,0.0006046885
2017-03-06,-0.0056579860279306815,0.0006046885
2017-03-07,-0.007970594854186781,0.0006046885
2017-03-08,-0.005475326420524981,0.0006046885
2017-03-09,0.006608890155025119,0.0006046885
2017-03-10,0.006628194036811419,0.0006046885
2017-03-13,0.00718701552535312,0.0006046885
2017-03-14,0.012074757679153919,0.0006046885
2017-03-15,0.01434311841286122,0.0006046885
2017-03-16,0.007514459404415919,0.0006046885
2017-03-17,0.009243547434452019,0.0006046885
2017-03-20,0.007135642685538619,0.0006046885
2017-03-21,0.007213536622367819,0.0006046885
2017-03-22,0.00047504287712421935,0.0006046885
2017-03-23,0.0014204360536418192,0.0006046885
2017-03-24,-0.0003790969311863808,0.0006046885
2017-03-27,0.001042238549495619,0.0006046885
2017-03-28,0.0034906756723515186,0.0006046885
2017-03-29,0.005484378475223618,0.0006046885
2017-03-30,0.004530694846258818,0.0006046885
2017-03-31,0.006713037124195619,0.0006046885
2017-04-03,0.0016963273187448192,0.0006046885
2017-04-04,-0.0014166944207720804,0.0006046885
2017-04-05,0.004621160858085619,0.0006046885
2017-04-06,0.0058315949946979185,0.0006046885
2017-04-07,0.00948929267106402,0.0006046885
2017-04-10,0.010924068434164118,0.0006046885
2017-04-11,0.014823563789454519,0.0006046885
2017-04-12,0.007591699333212319,0.0006046885
2017-04-13,0.0022482901860060188,0.0006046885
2017-04-17,-0.00028079907155828136,0.0006046885
2017-04-18,-0.0007502239385475814,0.0006046885
2017-04-19,-0.011614561666589581,0.0006046885
2017-04-20,-0.006369834310700682,0.0006046885
2017-04-21,-0.0034680356661340806,0.0006046885
2017-04-24,-0.002904071832788081,0.0006046885
2017-04-25,-0.0030066239591725807,0.0006046885
2017-04-26,0.0042300728445265195,0.0006046885
2017-04-27,-0.00047317680466018057,0.0006046885
2017-04-28,-0.0033935439847107805,0.0006046885
2017-05-01,-0.0042368351333774805,0.0006046885
2017-05-02,-0.004529623799903181,0.0006046885
2017-05-03,-0.0077344687758819815,0.0006046885
2017-05-04,-0.006044010895392682,0.0006046885
2017-05-05,-0.003024020902411681,0.0006046885
2017-05-08,0.001885264012591219,0.0006046885
2017-05-09,0.003682120572782819,0.0006046885
2017-05-10,0.006135806548825219,0.0006046885
2017-05-11,0.01448227757605882,0.0006046885
2017-05-12,0.013444689567619919,0.0006046885
2017-05-15,0.00806605769529342,0.0006046885
2017-05-16,0.00760387255433132,0.0006046885
2017-05-17,0.00366344169018002,0.0006046885
2017-05-18,-0.0022433899635830802,0.0006046885
2017-05-19,-0.0014019647791647801,0.0006046885
2017-05-22,-0.00046717669511758017,0.0006046885
2017-05-23,0.00317444067908682,0.0006046885
2017-05-24,0.006263064425689121,0.0003553821
2017-05-25,0.00367924267254532,0.0003553821
2017-05-26,0.00749666172201152,0.0003553821
2017-05-30,0.00516777040035702,0.0003553821
2017-05-31,0.00580877651688852,0.0003553821
2017-06-01,0.003484320632834219,0.0003553821
2017-06-02,0.0024248137908532193,0.0003553821
2017-06-05,-0.0028855788029265804,0.0003553821
2017-06-06,-0.0013974148424367803,0.0003553821
2017-06-07,-0.00418621661720118,0.0003553821
2017-06-08,0.0028787726507394197,0.0003553821
2017-06-09,0.00269748013928282,0.0003553821
2017-06-12,0.00418604954500062,0.0003553821
2017-06-13,0.0015836237821401193,0.0003553821
2017-06-14,0.00372124023153752,0.0003553821
2017-06-15,-0.0015778188253746657,0.0003553821
2017-06-16,0.0011143812867096343,0.0003553821
2017-06-19,0.0008351798313294343,0.0003553821
2017-06-20,0.004458472635995334,0.0003553821
2017-06-21,-0.0029756769570410658,0.0003553821
2017-06-22,-0.00381489199216978,0.0003553821
2017-06-23,-0.008479437201204679,0.0003553821
2017-06-26,-0.01110004428969518,0.0003553821
2017-06-27,-0.015614443477682378,0.0003553821
2017-06-28,-0.009936415168103981,0.0003553821
2017-06-29,-0.01089070416098538,0.0003553821
2017-06-30,-0.00876061987264128,0.0003553821
2017-07-03,-0.005095192396950381,0.0003553821
2017-07-05,-9.414462221928044e-05,0.0003553821
2017-07-06,0.002070855157710119,0.0003553821
2017-07-07,0.0029217335609618192,0.0003553821
2017-07-10,0.005938757523426219,0.0003553821
2017-07-11,0.00583738353426692,0.0003553821
2017-07-12,0.00816960038117942,0.0003553821
2017-07-13,0.00525063230638772,0.0003553821
2017-07-14,0.006567014184545219,0.0003553821
2017-07-17,0.00693061923771892,0.0003553821
2017-07-18,0.00505587257775852,0.0003553821
2017-07-19,-0.00421681067591018,0.0003553821
2017-07-20,-0.00102886437527118,0.0003553821
2017-07-21,-0.0029026681091228797,0.0003553821
2017-07-24,-0.0029908936996475796,0.0003553821
2017-07-25,-0.00205719504116878,0.0003553821
2017-07-26,0.006043704840090321,0.0003553821
2017-07-27,0.0019198350918761204,0.0003553821
2017-07-28,0.00696938380955292,0.0003553821
2017-07-31,0.00257420252900872,0.0003553821
2017-08-01,0.0028548634005026202,0.0003553821
2017-08-02,-0.0004676367579111799,0.0003553821
2017-08-03,0.0016834983099516202,0.0003553821
2017-08-04,0.0019563775142577198,0.0003553821
2017-08-07,0.00578126975367492,0.0003553821
2017-08-08,0.00280027882193062,0.0003553821
2017-08-09,0.0006545613408473197,0.0003553821
2017-08-10,0.0013070202032235195,0.0003553821
2017-08-11,0.0011161038313038194,0.0003553821
2017-08-14,0.00018622458910491933,0.0003553821
2017-08-15,0.0032569263706220195,0.0003553821
2017-08-16,0.00429076482191322,0.0003553821
2017-08-17,0.005861268822546719,0.0003553821
2017-08-18,0.0007434919112445199,0.0003553821
2017-08-21,0.00222866126864952,0.0003553821
2017-08-22,0.00250525578342652,0.0003553821
2017-08-23,0.00677189174561852,0.0003553821
2017-08-24,0.00250188343589632,0.0003553821
2017-08-25,0.00565244751756232,0.0003553821
2017-08-28,0.00103363199359252,0.0003553821
2017-08-29,0.0070427242151579195,0.0003553821
2017-08-30,0.0023304064983277195,0.0003553821
2017-08-31,0.00749412075753062,0.0003553821
2017-09-01,0.005186101790117319,0.0003553821
2017-09-05,0.002410244624767818,0.0003553821
2017-09-06,-0.0069363438703205806,0.0003553821
2017-09-07,-0.006581029847235881,0.0003553821
2017-09-08,-0.010726605032441782,0.0003553821
2017-09-11,-0.00878256831648308,0.0003553821
2017-09-12,-0.006967662196959581,0.0003553821
2017-09-13,-0.005676735183410881,0.0003553821
2017-09-14,-0.005594777373481281,0.0003553821
2017-09-15,-0.007091279548034281,0.0003553821
2017-09-18,-0.0065215493741859806,0.0003553821
2017-09-19,0.0003727418965044191,0.0003553821
2017-09-20,0.000653773945483319,0.0003553821
2017-09-21,-0.002528273427150281,0.0003553821
2017-09-22,-0.001405418851094381,0.0003553821
2017-09-25,-0.004402683670815981,0.0003553821
2017-09-26,-0.008526699501300982,0.0003553821
2017-09-27,-0.006278125879412381,0.0003553821
2017-09-28,-0.0014164606599977815,0.0003553821
2017-09-29,-0.0022636456175623813,0.0003553821
2017-10-02,-0.0022686616539217812,0.0003553821
2017-10-03,1.1861171766991419e-16,0.0003553821
2017-10-04,-0.0010345814224593814,0.0003553821
2017-10-05,0.0003760599830193187,0.0003553821
2017-10-06,0.0023499896156410184,0.0003553821
2017-10-09,0.006948787907746518,0.0003553821
2017-10-10,0.004132865716456819,0.0003553821
2017-10-11,0.003381914098761718,0.0003553821
2017-10-12,-0.0002820101383458817,0.0003553821
2017-10-13,-0.00018770635569638158,0.0003553821
2017-10-16,-0.007702948393139882,0.0003553821
2017-10-17,-0.005075000537538781,0.0003553821
2017-10-18,-0.007719506613416382,0.0003553821
2017-10-19,-0.006791951862461681,0.0003553821
2017-10-20,-0.009151623860680781,0.0003553821
2017-10-23,-0.0017934247765810808,0.0003553821
2017-10-24,0.0008472781330805192,0.0003553821
2017-10-25,0.0032079721465371196,0.0003553821
2017-10-26,0.00541953638154762,0.0003553821
2017-10-27,0.008064718928371519,0.0003553821
2017-10-30,0.00644664367187132,0.0003553821
2017-10-31,0.004084772134546819,0.0003553821
2017-11-01,0.00511941745929882,0.0003553821
2017-11-02,0.003294568759495519,0.0003553821
2017-11-03,0.001599132489491719,0.0003553821
2017-11-06,-0.005089313667942381,0.0003553821
2017-11-07,-0.006783436468359881,0.0003553821
2017-11-08,-0.005742369940866181,0.0003553821
2017-11-09,-0.0009402106365884806,0.0003553821
2017-11-10,-0.0031068890337307806,0.0003553821
2017-11-13,0.003301630733069319,0.0003553821
2017-11-14,0.002172422463540419,0.0003553821
2017-11-15,0.0009439283339620191,0.0003553821
2017-11-16,0.0005639910219713191,0.0003553821
2017-11-17,0.002260308528998619,0.0003553821
2017-11-20,0.0015996925207959192,0.0003553821
2017-11-21,0.003389592497329719,0.0004168048
2017-11-22,-8.109832250191573e-17,0.0004168048
2017-11-24,-0.006318559142849581,0.0004168048
2017-11-27,-0.0017835788801106815,0.0004168048
2017-11-28,-0.0029144009240304808,0.0004168048
2017-11-29,-0.002346979074458681,0.0004168048
2017-11-30,0.002928834186000619,0.0004168048
2017-12-01,0.004254507402026119,0.0004168048
2017-12-04,-0.0001890043729099812,0.0004168048
2017-12-05,-0.0003775308627007812,0.0004168048
2017-12-06,-0.0019836884540690813,0.0004168048
2017-12-07,1.8214596497756474e-17,0.0004168048
2017-12-08,0.0014146451435548186,0.0004168048
2017-12-11,0.001981040524941319,0.0004168048
2017-12-12,0.0003775308627008188,0.0004168048
2017-12-13,-0.003315264598784981,0.0004168048
2017-12-14,-0.010318995689901281,0.0004168048
2017-12-15,-0.00923700349393498,0.0004168048
2017-12-18,-0.008667720698301781,0.0004168048
2017-12-19,-0.006022596126118081,0.0004168048
2017-12-20,0.0027945749257254193,0.0004168048
2017-12-21,0.00450763971012622,0.0004168048
2017-12-22,0.005413708056712919,0.0004168048
2017-12-26,0.0017122784748438195,0.0004168048
2017-12-27,0.0023762041142953196,0.0004168048
2017-12-28,-0.0023720417759095806,0.0004168048
2017-12-29,-0.0023747099500919804,0.0004168048
2018-01-02,-0.004461824576977981,0.0004168048
2018-01-03,-0.00590990241176468,0.0004168048
2018-01-04,-0.00724127443752058,0.0004168048
2018-01-05,-0.00609752329536548,0.0004168048
2018-01-08,-0.00553139422599488,0.0004168048
2018-01-09,-0.00457751906778938,0.0004168048
2018-01-10,-0.002009433037752681,0.0004168048
2018-01-11,-0.004888767124369581,0.0004168048
2018-01-12,-0.008156496989815581,0.0004168048
2018-01-16,-0.007872247479089082,0.0004168048
2018-01-17,-0.005463352299147682,0.0004168048
2018-01-18,-0.005186498447771281,0.0004168048
2018-01-19,0.00019136110962811835,0.0004168048
2018-01-22,-0.00019251259970688153,0.0004168048
2018-01-23,-0.0023165839002550815,0.0004168048
2018-01-24,-0.007524657238538181,0.0004168048
2018-01-25,-0.005309750581987582,0.0004168048
2018-01-26,-0.012693650977289982,0.0004168048
2018-01-29,-0.01342145569790968,0.0004168048
2018-01-30,-0.002728805969913581,0.0004168048
2018-01-31,-0.00478363689904078,0.0004168048
2018-02-01,-0.00800296475974088,0.0004168048
2018-02-02,-0.00195169715448888,0.0004168048
2018-02-05,2.203098814490545e-16,0.0004168048
2018-02-06,-0.00847764014400538,0.0004168048
2018-02-07,-0.00243948867960578,0.0004168048
2018-02-08,-0.005585927633553679,0.0004168048
2018-02-09,-0.00617105930009478,0.0004168048
2018-02-12,-0.0020573031188179805,0.0004168048
2018-02-13,-0.0028419268176885807,0.0004168048
2018-02-14,-0.007452489208717081,0.0004168048
2018-02-15,-8.001412032943023e-17,0.0004168048
2018-02-16,0.00353136439701072,0.0004168048
2018-02-20,0.00235000382782702,0.0004168048
2018-02-21,0.0002944259246498199,0.0004168048
2018-02-22,0.00559476830916502,0.0004168048
2018-02-23,0.00851114742685902,0.0004168048
2018-02-26,0.0009694385525184199,0.0004168048
2018-02-27,-0.00147857736339808,0.0004168048
2018-02-28,0.0015575721476586684,0.0004168048
2018-03-01,-0.0007943623309518318,0.0004168048
2018-03-02,-0.0030302455432261316,0.0004168048
2018-03-05,-0.0014706523031338316,0.0004168048
2018-03-06,0.002155889309726668,0.0004168048
2018-03-07,0.00391635069094262,0.0004168048
2018-03-08,0.00586883378563072,0.0004168048
2018-03-09,0.0034206429463176195,0.0004168048
2018-03-12,0.004405573351390919,0.0004168048
2018-03-13,0.001075847717200319,0.0004168048
2018-03-14,-0.002544154949385781,0.0004168048
2018-03-15,-0.003810710204744281,0.0004168048
2018-03-16,0.0006825845378973191,0.0004168048
2018-03-19,0.003218362173792919,0.0004168048
2018-03-20,0.001465800926115219,0.0004168048
2018-03-21,0.009070492025091519,0.0004168048
2018-03-22,0.00818959876230202,0.0004168048
2018-03-23,0.006124327794126319,0.0004168048
2018-03-26,0.0057784610578325195,0.0004168048
2018-03-27,0.00530374465155672,0.0004168048
2018-03-28,-0.0009279080934607806,0.0004168048
2018-03-29,-0.0032666944772784807,0.0004168048
2018-04-02,-0.0009228391667769811,0.0004168048
2018-04-03,-0.0017468825290728805,0.0004168048
2018-04-04,-0.00029251858263748044,0.0004168048
2018-04-05,0.0012648263475221195,0.0004168048
2018-04-06,0.00019480426716701922,0.0004168048
2018-04-09,-0.0033088174972619806,0.0004168048
2018-04-10,-0.003991109410019481,0.0004168048
2018-04-11,-0.0016555279112446806,0.0004168048
2018-04-12,-0.006534816339966581,0.0004168048
2018-04-13,-0.00567514532868218,0.0004168048
2018-04-16,-0.00989491166179468,0.0004168048
2018-04-17,-0.01039195170435478,0.0004168048
2018-04-18,-0.01216091033907608,0.0004168048
2018-04-19,-0.01042742305223648,0.0004168048
2018-04-20,-0.004819566803209382,0.0004168048
2018-04-23,0.0001967989497271192,0.0004168048
2018-04-24,0.002263928724416819,0.0004168048
2018-04-25,0.0018800107000462192,0.0004168048
2018-04-26,0.004250452590073219,0.0004168048
2018-04-27,0.00394828998462552,0.0004168048
2018-04-30,0.0023717960754108917,0.0004168048
2018-05-01,0.0007979377463159915,0.0004168048
2018-05-02,0.0006906615226102916,0.0004168048
2018-05-03,-0.0017770466746563085,0.0004168048
2018-05-04,-0.0022655290355262088,0.0004168048
2018-05-07,-0.002265485218334654,0.0004168048
2018-05-08,-0.003945090304801654,0.0004168048
2018-05-09,-0.007820460468227354,0.0004168048
2018-05-10,-0.007639315046256354,0.0004168048
2018-05-11,-0.010309511202085554,0.0004168048
2018-05-14,-0.00652935164647868,0.0004168048
2018-05-15,-0.00366358118720868,0.0004168048
2018-05-16,0.00149030484132652,0.0004168048
2018-05-17,0.00813310147253302,0.0004168048
2018-05-18,0.01129506507217942,0.0004168048
2018-05-21,0.011349810084412021,0.0004168048
2018-05-22,0.021392547882875722,0.0004168048
2018-05-23,0.01750791476211152,0.0004168048
2018-05-24,0.012467122834821822,0.00038019285
2018-05-25,0.0061995852777822205,0.00038019285
2018-05-29,-0.0012714054147421787,0.00038019285
2018-05-30,-0.009452137181878078,0.00038019285
2018-05-31,-0.009205060383278379,0.00038019285
2018-06-01,-0.0044872028970589775,0.00038019285
2018-06-04,-0.002160285562942878,0.00038019285
2018-06-05,0.0003938304468989217,0.00038019285
2018-06-06,-0.002753212838280078,0.00038019285
2018-06-07,9.839434468362162e-05,0.00038019285
2018-06-08,-0.0009829013456349777,0.00038019285
2018-06-11,0.0011788675224948223,0.00038019285
2018-06-12,0.002653283180772822,0.00038019285
2018-06-13,0.005891413206974022,0.00038019285
2018-06-14,0.003837859386592322,0.00038019285
2018-06-15,0.0033358350323271216,0.00038019285
2018-06-18,0.0027459197712130217,0.00038019285
2018-06-19,0.003625316685125322,0.00038019285
2018-06-20,0.0014672909333714218,0.00038019285
2018-06-21,0.008508160097413122,0.00038019285
2018-06-22,0.004885928844571122,0.00038019285
2018-06-25,0.003910062495790923,0.00038019285
2018-06-26,0.001855081066721122,0.00038019285
2018-06-27,0.003905548382070422,0.00038019285
2018-06-28,0.00019805211747966564,0.00038019285
2018-06-29,0.0020505210847968657,0.00038019285
2018-07-02,0.0002930768506051659,0.00038019285
2018-07-03,0.00019588181116906602,0.00038019285
2018-07-05,-0.0002927076448840339,0.00038019285
2018-07-06,-0.0007805208326557775,0.00038019285
2018-07-09,1.22514845490862e-16,0.00038019285
2018-07-10,0.000878980495831522,0.00038019285
2018-07-11,0.001074897232515422,0.00038019285
2018-07-12,-0.001757693629567078,0.00038019285
2018-07-13,0.001365798565139322,0.00038019285
2018-07-16,-0.0038083528981074782,0.00038019285
2018-07-17,-0.007053750389045979,0.00038019285
2018-07-18,-0.005779217173871978,0.00038019285
2018-07-19,-0.005686349185289779,0.00038019285
2018-07-20,-0.009501157454207678,0.00038019285
2018-07-23,-0.0044123241775301785,0.00038019285
2018-07-24,-0.0007865730611350784,0.00038019285
2018-07-25,-9.866461452267823e-05,0.00038019285
2018-07-26,-0.0017748480088029782,0.00038019285
2018-07-27,0.0004896007999779218,0.00038019285
2018-07-30,0.001475720398715622,0.00038019285
2018-07-31,0.0032450700278534223,0.00038019285
2018-08-01,-0.00019682498428667773,0.00038019285
2018-08-02,0.003053665402928222,0.00038019285
2018-08-03,0.004621485330351422,0.00038019285
2018-08-06,0.0063705949559695225,0.00038019285
2018-08-07,0.005585257289741622,0.00038019285
2018-08-08,0.00667332583226142,0.00038019285
2018-08-09,0.008229826356758221,0.00038019285
2018-08-10,0.00518635984349562,0.00038019285
2018-08-13,0.0012684704504588213,0.00038019285
2018-08-14,0.004679673572131321,0.00038019285
2018-08-15,0.004294129424343921,0.00038019285
2018-08-16,0.0037008339470719215,0.00038019285
2018-08-17,0.0038964667050454464,0.00038019285
2018-08-20,0.003797189883296846,0.00038019285
2018-08-21,-0.001557547153120354,0.00038019285
2018-08-22,-0.002437211091078254,0.00038019285
2018-08-23,-0.004579157392160854,0.00038019285
2018-08-24,-0.002628492952379879,0.00038019285
2018-08-27,-0.0027242575982933787,0.00038019285
2018-08-28,-0.0027742909239599784,0.00038019285
2018-08-29,-0.0006302332905017875,0.00038019285
2018-08-30,0.0017166162566773127,0.00038019285
2018-08-31,-0.004640759459350788,0.00038019285
2018-09-04,-0.004247395551476788,0.00038019285
2018-09-05,-0.005594928483221687,0.00038019285
2018-09-06,-0.004315943377273979,0.00038019285
2018-09-07,-0.006468421197289746,0.00038019285
2018-09-10,-0.003834227836580245,0.00038019285
2018-09-11,-0.0042256643080102445,0.00038019285
2018-09-12,-0.004735202809482845,0.00038019285
2018-09-13,-0.007598707097465445,0.00038019285
2018-09-14,-0.007401197498197712,0.00038019285
2018-09-17,-0.005135369421306512,0.00038019285
2018-09-18,-0.006422050508109012,0.00038019285
2018-09-19,-0.0032689601090452117,0.00038019285
2018-09-20,0.0016831323267179881,0.00038019285
2018-09-21,0.0015841405918221225,0.00038019285
2018-09-24,0.0016816763597200224,0.00038019285
2018-09-25,0.0002326506379831221,0.00038019285
2018-09-26,0.0038022689842258225,0.00038019285
2018-09-27,-0.006922319861704078,0.00038019285
2018-09-28,-0.009519853796640677,0.00038019285
2018-10-01,-0.012417593189520178,0.00038019285
2018-10-02,-0.009477770172015978,0.00038019285
2018-10-03,-0.010152943141375078,0.00038019285
2018-10-04,-0.0021978820576107772,0.00038019285
2018-10-05,0.0044915807795628225,0.00038019285
2018-10-08,0.005699858128766723,0.00038019285
2018-10-09,0.005896552580395523,0.00038019285
2018-10-10,0.003894028426958629,0.00038019285
2018-10-11,0.000500351582718129,0.00038019285
2018-10-12,-0.0017939070526233713,0.00038019285
2018-10-15,-0.0017964147361385712,0.00038019285
2018-10-16,-0.0021942235442135713,0.00038019285
2018-10-17,0.0004984772264947221,0.00038019285
2018-10-18,0.008757258471855621,0.00038019285
2018-10-19,0.004578296443003922,0.00038019285
2018-10-22,0.010236040702868123,0.00038019285
2018-10-23,0.009937027309101794,0.00038019285
2018-10-24,0.005165992854711293,0.00038019285
2018-10-25,-0.0026789391261736063,0.00038019285
2018-10-26,0.0005582518326781939,0.00038019285
2018-10-29,-0.009487104937861906,0.00038019285
2018-10-30,-0.008788400283869678,0.00038019285
2018-10-31,-0.007710621974500978,0.00038019285
2018-11-01,-0.005230226741616278,0.00038019285
2018-11-02,-0.007488801155162278,0.00038019285
2018-11-05,0.0019980972672345226,0.00038019285
2018-11-06,0.004388893599043423,0.00038019285
2018-11-07,0.006285349591731123,0.00038019285
2018-11-08,0.008371331705534222,0.00038019285
2018-11-09,0.010468457453668022,0.00038019285
2018-11-12,0.009637032801382223,0.00038019285
2018-11-13,0.008129032182317322,0.00038019285
2018-11-14,0.007134934472122322,0.00038019285
2018-11-15,0.004851322498019822,0.00038019285
2018-11-16,0.004748935777154522,0.00038019285
2018-11-19,0.0008899050471364224,0.00038019285
2018-11-20,0.00039462168804552263,0.00038019285
2018-11-21,0.0004933724168291977,0.00022227233
2018-11-23,0.0032538768010944978,0.00022227233
2018-11-26,0.004628625472803398,0.00022227233
2018-11-27,0.007601805578527598,0.00022227233
2018-11-28,0.011221202651798198,0.00022227233
2018-11-29,0.013858910897773823,0.00022227233
2018-11-30,0.014218395549514422,0.00022227233
2018-12-03,0.012835048885404023,0.00022227233
2018-12-04,0.008120404982478822,0.00022227233
2018-12-06,0.0007819035090733226,0.00022227233
2018-12-07,-0.0011705870165315774,0.00022227233
2018-12-10,-0.002531711057746677,0.00022227233
2018-12-11,-0.00019482805571687705,0.00022227233
2018-12-12,0.0047986057055317225,0.00022227233
2018-12-13,0.011022544718496223,0.00022227233
2018-12-14,0.009176562625515822,0.00022227233
2018-12-17,0.008487738183599523,0.00022227233
2018-12-18,0.008082393260877323,0.00022227233
2018-12-19,0.0008739257865185233,0.00022227233
2018-12-20,-9.728257913837676e-05,0.00022227233
2018-12-21,0.006572125028288023,0.00022227233
2018-12-24,0.009449451015577922,0.00022227233
2018-12-26,0.009043678889177823,0.00022227233
2018-12-27,0.021706300408205925,0.00022227233
2018-12-28,0.011076526970033723,0.00022227233
2018-12-31,0.0028852769898826246,0.00022227233
2019-01-02,-0.003365171344120575,0.00022227233
2019-01-03,-0.004896542191928075,0.00022227233
2019-01-04,-0.013294339782587875,0.00022227233
2019-01-07,-0.002205546293507775,0.00022227233
2019-01-08,2.248635305734936e-16,0.00022227233
2019-01-09,0.001539877341128725,0.00022227233
2019-01-10,0.00038462532761162455,0.00022227233
2019-01-11,-0.0009628896556677755,0.00022227233
2019-01-14,-0.007129030505430776,0.00022227233
2019-01-15,-0.0030778734433540753,0.00022227233
2019-01-16,-0.002599769431242375,0.00022227233
2019-01-17,0.0011541055022528247,0.00022227233
2019-01-18,0.0006738188493372243,0.00022227233
2019-01-22,0.004149050274551224,0.00022227233
2019-01-23,0.003558030418852124,0.00022227233
2019-01-24,0.0063421391682451245,0.00022227233
2019-01-25,0.007753180345183824,0.00022227233
2019-01-28,0.004696779993447525,0.00022227233
2019-01-29,0.0021962378157714246,0.00022227233
2019-01-30,0.0010435353406815246,0.00022227233
2019-01-31,-0.0004892444242470754,0.00022227233
2019-02-01,-0.001817717195703976,0.00022227233
2019-02-04,0.004887118555592724,0.00022227233
2019-02-05,0.005567776739735324,0.00022227233
2019-02-06,0.002495211759998224,0.00022227233
2019-02-07,-0.000768598683566276,0.00022227233
2019-02-08,0.0006704828200917246,0.00022227233
2019-02-11,-0.001626102562150776,0.00022227233
2019-02-12,0.001626459196791424,0.00022227233
2019-02-13,0.0027765331821714245,0.00022227233
2019-02-14,0.0023037695510410247,0.00022227233
2019-02-15,0.0005736111897350245,0.00022227233
2019-02-19,1.244664094013359e-16,0.00022227233
2019-02-20,0.0012418001331784244,0.00022227233
2019-02-21,-0.002105364196963576,0.00022227233
2019-02-22,-0.001727714875466575,0.00022227233
2019-02-25,-0.007982444021253074,0.00022227233
2019-02-26,-0.0033668212268384754,0.00022227233
2019-02-27,-0.005753160686806775,0.00022227233
2019-02-28,0.0005709039039561254,0.00022227233
2019-03-01,0.006513447301205726,0.00022227233
2019-03-04,0.011233080673780524,0.00022227233
2019-03-05,0.007384395537572926,0.00022227233
2019-03-06,0.009573913414222925,0.00022227233
2019-03-07,0.006406927991247825,0.00022227233
2019-03-08,0.0016237298861793248,0.00022227233
2019-03-11,0.0033364110207705247,0.00022227233
2019-03-12,0.002766727121599525,0.00022227233
2019-03-13,-0.0006669253112290754,0.00022227233
2019-03-14,0.0066503778199729245,0.00022227233
2019-03-15,0.0076079220377611246,0.00022227233
2019-03-18,0.011824107442409724,0.00022227233
2019-03-19,0.015692964267802024,0.00022227233
2019-03-20,0.015515774222057226,0.00022227233
2019-03-21,0.011485902122852124,0.00022227233
2019-03-22,0.012052318273561048,0.00022227233
2019-03-25,0.0030983951238179475,0.00022227233
2019-03-26,-0.006336958843660052,0.00022227233
2019-03-27,-0.0037919277296138516,0.00022227233
2019-03-28,-0.009819193806869651,0.00022227233
2019-03-29,-0.008870460690165276,0.00022227233
2019-04-01,-0.0068052586177997755,0.00022227233
2019-04-02,-0.0015146288832968758,0.00022227233
2019-04-03,-0.0014174668048009757,0.00022227233
2019-04-04,0.004065331269615425,0.00022227233
2019-04-05,0.0007566991676252245,0.00022227233
2019-04-08,-0.004360479551687076,0.00022227233
2019-04-09,-0.0014219510473023758,0.00022227233
2019-04-10,-0.006640865299057376,0.00022227233
2019-04-11,-0.008812630494850978,0.00022227233
2019-04-12,-0.004168864850893676,0.00022227233
2019-04-15,-0.0009504956626961755,0.00022227233
2019-04-16,-0.00047471438797297514,0.00022227233
2019-04-17,0.006735778378067025,0.00022227233
2019-04-18,0.005315678901327125,0.00022227233
2019-04-22,0.005585861737447425,0.00022227233
2019-04-23,0.0049320015428035244,0.00022227233
2019-04-24,0.005112210075644524,0.00022227233
2019-04-25,0.0008686659849905249,0.00022227233
2019-04-26,-0.0007453440111713748,0.00022227233
2019-04-29,-0.0020640963376164748,0.00022227233
2019-04-30,0.0025717622014866256,0.00022227233
2019-05-01,0.003985019530575426,0.00022227233
2019-05-02,0.0025522634411673257,0.00022227233
2019-05-03,0.008036244164425025,0.00022227233
2019-05-06,0.006048990889175426,0.00022227233
2019-05-07,0.008474880248586926,0.00022227233
2019-05-08,0.004138362599937125,0.00022227233
2019-05-09,0.009210739815448624,0.00022227233
2019-05-10,0.004604372881683125,0.00022227233
2019-05-13,0.005731834207539425,0.00022227233
2019-05-14,-0.000938058834343575,0.00022227233
2019-05-15,-0.001126999965445475,0.00022227233
2019-05-16,-0.0013107439795738748,0.00022227233
2019-05-17,0.0067262035672552255,0.00022227233
2019-05-20,0.0059786885060892254,0.00022227233
2019-05-21,0.012034019499200825,0.00022227233
2019-05-22,0.012790699457559625,0.00022227233
2019-05-23,0.013399475304403326,0.00022227233
2019-05-24,0.013961756563463226,0.00022227233
2019-05-28,0.019040567819113827,0.00021828385
2019-05-29,0.011003867162268127,0.00021828385
2019-05-30,0.011374187169354826,0.00021828385
2019-05-31,0.007579817472921025,0.00021828385
2019-06-03,0.0048915584464396256,0.00021828385
2019-06-04,-0.004864087011233375,0.00021828385
2019-06-05,-0.0011949275581511747,0.00021828385
2019-06-06,0.001378152338919125,0.00021828385
2019-06-07,0.0040359864219476245,0.00021828385
2019-06-10,0.0008237566894050247,0.00021828385
2019-06-11,0.005596613739591025,0.00021828385
2019-06-12,0.007516240331547925,0.00021828385
2019-06-13,0.007678463004044725,0.00021828385
2019-06-14,0.006842538703932724,0.00021828385
2019-06-17,0.0020105509929581244,0.00021828385
2019-06-18,0.005656747658477424,0.00021828385
2019-06-19,0.005281851095451625,0.00021828385
2019-06-20,-0.0015489946124684763,0.00021828385
2019-06-21,-0.00018205340441687602,0.00021828385
2019-06-24,0.004372493001462124,0.00021828385
2019-06-25,-0.00034826776588057617,0.00021828385
2019-06-26,0.0016560462447532238,0.00021828385
2019-06-27,0.007657587367167923,0.00021828385
2019-06-28,-0.0017149227122979765,0.00021828385
2019-07-01,-0.0031739245207330763,0.00021828385
2019-07-02,-0.0025562234012464764,0.00021828385
2019-07-03,-0.005556966461979576,0.00021828385
2019-07-05,-0.012408205496677876,0.00021828385
2019-07-08,-0.004939650130534176,0.00021828385
2019-07-09,-0.0018286996030251758,0.00021828385
2019-07-10,-0.003387254779843576,0.00021828385
2019-07-11,0.0007307081289842235,0.00021828385
2019-07-12,0.008137310146555624,0.00021828385
2019-07-15,0.005213226723109824,0.00021828385
2019-07-16,0.0035624976942161242,0.00021828385
2019-07-17,0.004118444187039025,0.00021828385
2019-07-18,0.0009123933081675239,0.00021828385
2019-07-19,-0.0032829206876470764,0.00021828385
2019-07-22,-0.001643148270790976,0.00021828385
2019-07-23,-0.0011859283756285761,0.00021828385
2019-07-24,0.0009128124507642236,0.00021828385
2019-07-25,0.002004146886106824,0.00021828385
2019-07-26,0.015016979921386522,0.00021828385
2019-07-29,0.017271727740098122,0.00021828385
2019-07-30,0.024958125395756522,0.00021828385
2019-07-31,0.026106063709246622,0.00021828385
2019-08-01,0.023554516265115923,0.00021828385
2019-08-02,0.012364748497917159,0.00021828385
2019-08-05,0.00877773844267986,0.00021828385
2019-08-06,0.006490337283585358,0.00021828385
2019-08-07,0.0013352232079594582,0.00021828385
2019-08-08,0.007983091408766758,0.00021828385
2019-08-09,0.014234897493343023,0.00021828385
2019-08-12,0.013113020671022022,0.00021828385
2019-08-13,0.0020360454470198233,0.00021828385
2019-08-14,0.009999475936170722,0.00021828385
2019-08-15,0.0007063104272827234,0.00021828385
2019-08-16,-0.007844276295437977,0.00021828385
2019-08-19,0.0014951685493348231,0.00021828385
2019-08-20,0.005292470969457323,0.00021828385
2019-08-21,0.005181346304901923,0.00021828385
2019-08-22,0.008177285162810922,0.00021828385
2019-08-23,0.008458487480515423,0.00021828385
2019-08-26,0.0020195508203728232,0.00021828385
2019-08-27,0.005180504543594923,0.00021828385
2019-08-28,0.0024563041658578234,0.00021828385
2019-08-29,-0.005979633909834376,0.00021828385
2019-08-30,-0.0034341440800819754,0.00021828385
2019-09-03,-0.009889148469754076,0.00021828385
2019-09-04,-0.019384938309272376,0.00021828385
2019-09-05,-0.021945788247052074,0.00021828385
2019-09-06,-0.016099978403244977,0.00021828385
2019-09-09,-0.025905844697187076,0.00021828385
2019-09-10,-0.015379430025623777,0.00021828385
2019-09-11,-0.005467500211333078,0.00021828385
2019-09-12,-0.004124535926942177,0.00021828385
2019-09-13,-0.001435604479476177,0.00021828385
2019-09-16,0.013483567256101923,0.00021828385
2019-09-17,0.010576449855492224,0.00021828385
2019-09-18,0.012947365517516823,0.00021828385
2019-09-19,0.0060013618931727235,0.00021828385
2019-09-20,0.007692881643049224,0.00021828385
2019-09-23,0.003387398169469923,0.00021828385
2019-09-24,0.002760207749497423,0.00021828385
2019-09-25,0.0005448179645368232,0.00021828385
2019-09-26,0.010588971730620723,0.00021828385
2019-09-27,0.013655595584418024,0.00021828385
2019-09-30,0.014165929996466023,0.00021828385
2019-10-01,0.010020925244528925,0.00021828385
2019-10-02,0.009369334169661124,0.00021828385
2019-10-03,0.0033575685757208243,0.00021828385
2019-10-04,-0.008131989298678177,0.00021828385
2019-10-07,-0.016924816829292876,0.00021828385
2019-10-08,-0.010813545369847476,0.00021828385
2019-10-09,-0.017751728280544877,0.00021828385
2019-10-10,-0.013228762910262877,0.00021828385
2019-10-11,-0.007304714096968577,0.00021828385
2019-10-14,0.00044663140319322334,0.00021828385
2019-10-15,-0.0059887140519191764,0.00021828385
2019-10-16,0.0011637041899383235,0.00021828385
2019-10-17,-0.00044742088536337655,0.00021828385
2019-10-18,-0.00026805304184387654,0.00021828385
2019-10-21,-0.003310105092930877,0.00021828385
2019-10-22,-0.003412734063171777,0.00021828385
2019-10-23,-0.004841941794608878,0.00021828385
2019-10-24,-0.0003575306311716774,0.00021828385
2019-10-25,0.006151722762032122,0.00021828385
2019-10-28,0.006410839022728523,0.00021828385
2019-10-29,0.0050859933066522214,0.00021828385
2019-10-30,-0.001205576622882577,0.00021828385
2019-10-31,-0.003167865068803477,0.00021828385
2019-11-01,-0.017528192842391675,0.00021828385
2019-11-04,-0.01699899982754288,0.00021828385
2019-11-05,-0.010814842320031777,0.00021828385
2019-11-06,-0.004969219355954677,0.00021828385
2019-11-07,-0.005135285515010477,0.00021828385
2019-11-08,0.007939802901630624,0.00021828385
2019-11-11,0.008490828559149323,0.00021828385
2019-11-12,0.009110459478002623,0.00021828385
2019-11-13,0.010541430488566124,0.00021828385
2019-11-14,0.011495333774795023,0.00021828385
2019-11-15,0.003946857059710025,0.00021828385
2019-11-18,0.004576832455648725,0.00021828385
2019-11-19,0.0033166547843336246,0.00021828385
2019-11-20,0.0033101098089846244,0.00021828385
2019-11-21,-0.002950645412390176,0.00021828385
2019-11-22,-0.0012539790791903757,0.00045364964
2019-11-25,-0.004671947410826476,0.00045364964
2019-11-26,0.0037591138353364247,0.00045364964
2019-11-27,-0.0019646597576253753,0.00045364964
2019-11-29,-0.001704508013315275,0.00045364964
2019-12-02,-0.003957425793489575,0.00045364964
2019-12-03,0.0004500782741009247,0.00045364964
2019-12-04,-0.009599607562123476,0.00045364964
2019-12-05,-0.0016146944919734757,0.00045364964
2019-12-06,-0.007213349899122576,0.00045364964
2019-12-09,0.0017109873742666244,0.00045364964
2019-12-10,-0.003788694942872976,0.00045364964
2019-12-11,-0.0025272154434966376,0.00045364964
2019-12-12,-0.009380338079333937,0.00045364964
2019-12-13,-0.0006685967566512367,0.00045364964
2019-12-16,-0.006533667055735437,0.00045364964
2019-12-17,-0.002751989460871737,0.00045364964
2019-12-18,-0.0011188471021087746,0.00045364964
2019-12-19,0.0030448411357961256,0.00045364964
2019-12-20,0.0037112506176251257,0.00045364964
2019-12-23,0.003078542681370526,0.00045364964
2019-12-24,0.00036311975771652523,0.00045364964
2019-12-26,0.0032563078968688253,0.00045364964
2019-12-27,0.008468192981939425,0.00045364964
2019-12-30,0.005944675641462225,0.00045364964
2019-12-31,0.0051396588133993245,0.00045364964
2020-01-02,0.0064212626304068245,0.00045364964
2020-01-03,0.0025256098286801252,0.00045364964
2020-01-06,-0.0019758442747954746,0.00045364964
2020-01-07,-0.0020671928987160745,0.00045364964
2020-01-08,0.0013478194351973253,0.00045364964
2020-01-09,0.006200784607097125,0.00045364964
2020-01-10,0.0034169262288984256,0.00045364964
2020-01-13,0.00044941631486522516,0.00045364964
2020-01-14,0.005563295374688125,0.00045364964
2020-01-15,0.003765323413492826,0.00045364964
2020-01-16,0.003755583478841226,0.00045364964
2020-01-17,0.009382354511092726,0.00045364964
2020-01-21,0.016927077924279724,0.00045364964
2020-01-22,0.009619018274019626,0.00045364964
2020-01-23,0.014214890158648725,0.00045364964
2020-01-24,0.012682670790206326,0.00045364964
2020-01-27,0.014129683697837524,0.00045364964
2020-01-28,0.006540930804836126,0.00045364964
2020-01-29,0.004086169237211426,0.00045364964
2020-01-30,-0.005029387584621374,0.00045364964
2020-01-31,-0.005288828705589973,0.00045364964
2020-02-03,-0.005520762842239274,0.00045364964
2020-02-04,-0.0027279294451578737,0.00045364964
2020-02-05,0.0007071581249389262,0.00045364964
2020-02-06,0.0024827605800221263,0.00045364964
2020-02-07,0.0026577691589323273,0.00045364964
2020-02-10,0.0003529270630513266,0.00045364964
2020-02-11,2.667137344314341e-17,0.00045364964
2020-02-12,0.0022062086482685264,0.00045364964
2020-02-13,0.007675034475081527,0.00045364964
2020-02-14,0.010823996398359726,0.00045364964
2020-02-18,0.01611002978904163,0.00045364964
2020-02-19,0.017297447719117426,0.00045364964
2020-02-20,0.016953933564929427,0.00045364964
2020-02-21,0.018890920194849226,0.00045364964
2020-02-24,0.026004918001005628,0.00045364964
2020-02-25,0.017561520148829824,0.00045364964
2020-02-26,0.026339357272258127,0.00045364964
2020-02-27,0.024660659682379727,0.00045364964
2020-02-28,0.028668128975877127,0.00045364964
2020-03-02,0.027620675137088227,0.00045364964
2020-03-03,0.03723353357406703,0.00045364964
2020-03-04,0.0071532096231276265,0.00045364964
2020-03-05,-0.0006774202270845749,0.00045364964
2020-03-06,-0.009017716076572774,0.00045364964
2020-03-09,-0.025658739998052075,0.00045364964
2020-03-10,-0.008514454095712876,0.00045364964
2020-03-11,-0.015379659733550273,0.00045364964
2020-03-12,-0.019328575608316172,0.00045364964
2020-03-13,-0.016560473067989873,0.00045364964
2020-03-16,0.01513837045518883,0.00045364964
2020-03-17,0.0008296565217134275,0.00045364964
2020-03-18,0.019396832270794827,0.00045364964
2020-03-19,0.03395913048322283,0.00045364964
2020-03-20,0.033100921933754725,0.00045364964
2020-03-23,0.015325953486219523,0.00045364964
2020-03-24,0.005872118032811724,0.00045364964
2020-03-25,0.014510224575645124,0.00045364964
2020-03-26,0.017989040906223424,0.00045364964
2020-03-27,0.015735140283671224,0.00045364964
2020-03-30,0.009089770675299725,0.00045364964
2020-03-31,0.0022579034021104243,0.00045364964
2020-04-01,-0.004013507364554376,0.00045364964
2020-04-02,-0.009318286047067975,0.00045364964
2020-04-03,-0.007330974699294576,0.00045364964
2020-04-06,-0.010220727488694875,0.00045364964
2020-04-07,-0.004375559093705476,0.00045364964
2020-04-08,0.008979176372207923,0.00045364964
2020-04-09,0.011286557369803024,0.00045364964
2020-04-13,0.006509929353208325,0.00045364964
2020-04-14,0.011286557369803024,0.00045364964
2020-04-15,0.012743098967840323,0.00045364964
2020-04-16,0.0007381131111766242,0.00045364964
2020-04-17,0.0003273952247607241,0.00045364964
2020-04-20,0.003198207567752124,0.00045364964
2020-04-21,-0.004763226375600775,0.00045364964
2020-04-22,-0.003191141932483775,0.00045364964
2020-04-23,-0.0005740488289217755,0.00045364964
2020-04-24,-0.0036098358143321755,0.00045364964
2020-04-27,-0.0024741122490111755,0.00045364964
2020-04-28,0.0030264903136937244,0.00045364964
2020-04-29,-0.0020666575705497753,0.00045364964
2020-04-30,-0.005280844132729175,0.00045364964
2020-05-01,0.0031873794988223243,0.00045364964
2020-05-04,-0.0014799582888126756,0.00045364964
2020-05-05,-0.004445873669675075,0.00045364964
2020-05-06,-0.00041125174746627557,0.00045364964
2020-05-07,0.005348749575784424,0.00045364964
2020-05-08,0.0008201133918137246,0.00045364964
2020-05-11,0.0034499540818896243,0.00045364964
2020-05-12,8.23485401709248e-05,0.00045364964
2020-05-13,-0.0004110626780163759,0.00045364964
2020-05-14,-0.0022180301734758758,0.00045364964
2020-05-15,-0.003119328264330376,0.00045364964
2020-05-18,-0.0005740354419491761,0.00045364964
2020-05-19,0.0029659147709442243,0.00045364964
2020-05-20,0.0009868250464893245,0.00045364964
2020-05-21,-0.00016470403942907546,0.00045364964
2020-05-22,0.0023810636551513244,0.00045364964
2020-05-26,9.774359490732427e-05,0.00045364964
2020-05-27,0.0010834936207539242,0.0005533554
2020-05-28,-0.005679435959043076,0.0005533554
2020-05-29,-0.008754485613786077,0.0005533554
2020-06-01,-0.016954804219242076,0.0005533554
2020-06-02,-0.015475992356585876,0.0005533554
2020-06-03,-0.010252397417326775,0.0005533554
2020-06-04,0.0031401104228884237,0.0005533554
2020-06-05,0.010660140108833423,0.0005533554
2020-06-08,0.013435191742929424,0.0005533554
2020-06-09,0.011526427985506625,0.0005533554
2020-06-10,0.005883042031188223,0.0005533554
2020-06-11,2.3201926491189795e-17,0.0005533554
2020-06-12,-0.001315954529797977,0.0005533554
2020-06-15,0.0012347592816176235,0.0005533554
2020-06-16,0.0011533864177490235,0.0005533554
2020-06-17,0.0028873834014245233,0.0005533554
2020-06-18,0.0032115476131426234,0.0005533554
2020-06-19,0.0011513224374533233,0.0005533554
2020-06-22,0.0035318254555691234,0.0005533554
2020-06-23,0.005420747530520924,0.0005533554
2020-06-24,0.003946388893186223,0.0005533554
2020-06-25,0.0004918940917770231,0.0005533554
2020-06-26,0.0015606264839625233,0.0005533554
2020-06-29,-0.002628585859458077,0.0005533554
2020-06-30,-0.00040839879447817674,0.0005533554
2020-07-01,-0.00016427700538327672,0.0005533554
2020-07-02,0.004595988012980923,0.0005533554
2020-07-06,0.0013956171672473232,0.0005533554
2020-07-07,0.003941752606537324,0.0005533554
2020-07-08,0.0006560652201356752,0.0005533554
2020-07-09,0.001887522553458375,0.0005533554
2020-07-10,-0.0005736651142054251,0.0005533554
2020-07-13,0.0011481727676839748,0.0005533554
2020-07-14,0.0007370894941780748,0.0005533554
2020-07-15,0.0018830646063420224,0.0005533554
2020-07-16,0.002538227242342523,0.0005533554
2020-07-17,0.002781317560620323,0.0005533554
2020-07-20,0.002536909186468723,0.0005533554
2020-07-21,0.0003276028719568227,0.0005533554
2020-07-22,0.0016349188873461228,0.0005533554
2020-07-23,0.0026138341712870225,0.0005533554
2020-07-24,0.0030186033370574227,0.0005533554
2020-07-27,0.0037530976331235227,0.0005533554
2020-07-28,0.004817716810597423,0.0005533554
2020-07-29,0.005865466936565223,0.0005533554
2020-07-30,0.0012221145559899232,0.0005533554
2020-07-31,0.000977419924363023,0.0005533554
2020-08-03,-0.0013868979347041771,0.0005533554
2020-08-04,-0.001958900310878877,0.0005533554
2020-08-05,-0.008814961697542378,0.0005533554
2020-08-06,-0.008432929443887176,0.0005533554
2020-08-07,-0.011631905894588077,0.0005533554
2020-08-10,-0.009017681602786575,0.0005533554
2020-08-11,-0.006310259144196876,0.0005533554
2020-08-12,-0.0011482070528837766,0.0005533554
2020-08-13,0.0004931913211768234,0.0005533554
2020-08-14,0.005423675195193923,0.0005533554
2020-08-17,0.005666109296670323,0.0005533554
2020-08-18,0.0026272132447868234,0.0005533554
2020-08-19,-0.0014786446019439765,0.0005533554
2020-08-20,-0.0005756753929599765,0.0005533554
2020-08-21,-0.006989895691113076,0.0005533554
2020-08-24,-0.0060780269867758766,0.0005533554
2020-08-25,-0.0036143165783879758,0.0005533554
2020-08-26,0.002038913779540523,0.0005533554
2020-08-27,0.003844301999031523,0.0005533554
2020-08-28,0.008697061582060123,0.0005533554
2020-08-31,0.001465477253727923,0.0005533554
2020-09-01,0.0025329183169673225,0.0005533554
2020-09-02,-0.001232407624909877,0.0005533554
2020-09-03,-0.0013943922582599771,0.0005533554
2020-09-04,-0.001146701882956677,0.0005533554
2020-09-08,0.003534081539923623,0.0005533554
2020-09-09,0.000903407093201824,0.0005533554
2020-09-10,0.0008216787892357239,0.0005533554
2020-09-11,-8.228901981647614e-05,0.0005533554
2020-09-14,-0.002544140722825476,0.0005533554
2020-09-15,0.0001638090906602239,0.0005533554
2020-09-16,0.0006563234311379239,0.0005533554
2020-09-17,0.001230968913320724,0.0005533554
2020-09-18,0.001394720374804424,0.0005533554
2020-09-21,0.003117513847448724,0.0005533554
2020-09-22,0.0011477615909608239,0.0005533554
2020-09-23,0.001884969116201924,0.0005533554
2020-09-24,-0.0008202400776465759,0.0005533554
2020-09-25,-0.000746067645471076,0.0005533554
2020-09-28,-0.002550948158138576,0.0005533554
2020-09-29,-0.008734991007386676,0.0005533554
2020-09-30,-0.007159393521670877,0.0005533554
2020-10-01,-0.007345991466698175,0.0005533554
2020-10-02,-0.006093393510318075,0.0005533554
2020-10-05,-0.005603603727309576,0.0005533554
2020-10-06,0.0018179097444992244,0.0005533554
2020-10-07,0.001731421652231624,0.0005533554
2020-10-08,0.004952785792772924,0.0005533554
2020-10-09,0.002062759730259324,0.0005533554
2020-10-12,0.001981451992482224,0.0005533554
2020-10-13,-0.0007433039779953759,0.0005533554
2020-10-14,-0.005119701234020176,0.0005533554
2020-10-15,-0.006774702614659776,0.0005533554
2020-10-16,-0.009191284346919577,0.0005533554
2020-10-19,-0.007201331708492577,0.0005533554
2020-10-20,-0.0028953951818656764,0.0005533554
2020-10-21,0.0014888935765895242,0.0005533554
2020-10-22,0.0027316678265034617,0.0005533554
2020-10-23,0.001994553266478262,0.0005533554
2020-10-26,-0.0026618389926861387,0.0005533554
2020-10-27,-0.0036010720029399394,0.0005533554
2020-10-28,-0.008084313588244539,0.0005533554
2020-10-29,0.00038540099241782255,0.0005533554
2020-10-30,0.004444649578863623,0.0005533554
2020-11-02,0.004291543009794223,0.0005533554
2020-11-03,-0.004837077459953677,0.0005533554
2020-11-04,-0.005435019913120177,0.0005533554
2020-11-05,-0.012230413545827075,0.0005533554
2020-11-06,-0.006388554601926775,0.0005533554
2020-11-09,-0.004324846426644775,0.0005533554
2020-11-10,0.002337855270186225,0.0005533554
2020-11-11,0.007767128015418225,0.0005533554
2020-11-12,0.005842558950119725,0.0005533554
2020-11-13,0.0012479355311893247,0.0005533554
2020-11-16,0.004324846426644725,0.0005533554
2020-11-17,0.0030814667748896244,0.0005533554
2020-11-18,-0.0010819566547035757,0.0005533554
2020-11-19,-0.00041615940024897566,0.0005533554
2020-11-20,0.0014950669329392243,0.0005533554
2020-11-23,-0.0009135108038988757,0.00077768305
2020-11-24,-0.004253438875023876,0.00077768305
2020-11-25,-0.004345153778472976,0.00077768305
2020-11-27,-0.0020029875241177764,0.00077768305
2020-11-30,-0.008927089487342978,0.00077768305
2020-12-01,-0.005166571256637677,0.00077768305
2020-12-02,0.001169224805875924,0.00077768305
2020-12-03,0.0014222236726976238,0.00077768305
2020-12-04,0.0010012728868376236,0.00077768305
2020-12-07,0.006931824050220924,0.00077768305
2020-12-08,0.003253225258010424,0.00077768305
2020-12-09,0.001251406188786824,0.00077768305
2020-12-10,0.0018370554045195242,0.00077768305
2020-12-11,-0.0011434432588151755,0.00077768305
2020-12-14,-0.003978700638270076,0.00077768305
2020-12-15,-0.0027275244761420757,0.00077768305
2020-12-16,-5.805603275317573e-05,0.00077768305
2020-12-17,-0.0013114244797033758,0.00077768305
2020-12-18,0.0008347267918449242,0.00077768305
2020-12-21,0.001754402527563941,0.00077768305
2020-12-22,0.000918480846458041,0.00077768305
2020-12-23,-8.347950676855899e-05,0.00077768305
2020-12-24,0.002671290057535241,0.00077768305
2020-12-28,0.0015012885291020412,0.00077768305
2020-12-29,-0.0009185441039698755,0.00077768305
2020-12-30,-0.006616779715123175,0.00077768305
2020-12-31,-0.010819976254004274,0.00077768305
2021-01-04,-0.014358485521456976,0.00077768305
2021-01-05,-0.016555459410864476,0.00077768305
2021-01-06,-0.014389202813586575,0.00077768305
2021-01-07,-0.005054571104105376,0.00077768305
2021-01-08,-0.003802340736565976,0.00077768305
2021-01-11,0.001774417609990224,0.00077768305
2021-01-12,0.0043125655686778236,0.00077768305
2021-01-13,0.004903820579715125,0.00077768305
2021-01-14,2.42861286636753e-17,0.00077768305
2021-01-15,0.0038023407365662242,0.00077768305
2021-01-19,0.005136642356438724,0.00077768305
2021-01-20,0.004209753343645125,0.00077768305
2021-01-21,0.004963874355250924,0.00077768305
2021-01-22,0.0037933943361846247,0.00077768305
2021-01-25,0.0005057081669582247,0.00077768305
2021-01-26,-0.0022860192587173755,0.00077768305
2021-01-27,-0.0044808403989115755,0.00077768305
2021-01-28,-0.008108635431730876,0.00077768305
2021-01-29,-0.0058417249374712755,0.00077768305
2021-02-01,-0.006193069268192276,0.00077768305
2021-02-02,-0.007016828001278675,0.00077768305
2021-02-03,-0.0037228002341834748,0.00077768305
2021-02-04,0.001269229505329525,0.00077768305
2021-02-05,0.0008460569788290249,0.00077768305
2021-02-08,-0.0003395476808155753,0.00077768305
2021-02-09,-0.008006303359539875,0.00077768305
2021-02-10,-0.008085700753227176,0.00077768305
2021-02-11,-0.01071079461089164,0.00077768305
2021-02-12,-0.013974177171097541,0.00077768305
2021-02-16,-0.01230047259935434,0.00077768305
2021-02-17,-0.0042846452274141415,0.00077768305
2021-02-18,-0.006343303150042141,0.00077768305
2021-02-19,-0.019677926767542674,0.00077768305
2021-02-22,-0.006715460859397974,0.00077768305
2021-02-23,-0.006208154402369776,0.00077768305
2021-02-24,-0.005165790952783976,0.00077768305
2021-02-25,-0.009160916884247777,0.00077768305
2021-02-26,-0.0007033039735111759,0.00077768305
2021-03-01,-0.011038228715689677,0.00077768305
2021-03-02,-0.013854050722757777,0.00077768305
2021-03-03,-0.010943501176960475,0.00077768305
2021-03-04,-0.0034797369876241762,0.00077768305
2021-03-05,0.0011336865468337233,0.00077768305
2021-03-08,-0.004730817364592877,0.00077768305
2021-03-09,0.00043814597984892295,0.00077768305
2021-03-10,-0.004463740966959577,0.00077768305
2021-03-11,-0.008225152827709276,0.00077768305
2021-03-12,-0.014134534270243977,0.00077768305
2021-03-15,-0.007492125051707277,0.00077768305
2021-03-16,-0.0054524356296225766,0.00077768305
2021-03-17,-0.0003508968119486774,0.00077768305
2021-03-18,0.002632264463336323,0.00077768305
2021-03-19,0.007574905334367124,0.00077768305
2021-03-22,0.004854232521242222,0.00077768305
2021-03-23,-0.0018537665367853767,0.00077768305
2021-03-24,-0.007663277755990676,0.00077768305
2021-03-25,-0.010394787949335876,0.00077768305
2021-03-26,-0.004658872096245276,0.00077768305
2021-03-29,-0.004145720599789876,0.00077768305
2021-03-30,0.004147744719882924,0.00077768305
2021-03-31,0.004414866656025023,0.00077768305
2021-04-01,0.009260674533801024,0.00077768305
2021-04-05,0.002203095517256723,0.00077768305
2021-04-06,0.004413628207974523,0.00077768305
2021-04-07,0.003690769811978723,0.00077768305
2021-04-08,0.003078683358560823,0.00077768305
2021-04-09,0.006038797350838023,0.00077768305
2021-04-12,0.005967456688234923,0.00077768305
2021-04-13,0.005533185044539823,0.00077768305
2021-04-14,0.004376158162324523,0.00077768305
2021-04-15,0.0061286244263358235,0.00077768305
2021-04-16,0.0005238652783566235,0.00077768305
2021-04-19,0.0019233169537297235,0.00077768305
2021-04-20,0.0019249591182032234,0.00077768305
2021-04-21,-0.0049905182260479766,0.00077768305
2021-04-22,-0.004198523683831077,0.00077768305
2021-04-23,-0.006738277106787377,0.00077768305
2021-04-26,-0.004551467013880777,0.00077768305
2021-04-27,-0.0018010029455567762,0.00077768305
2021-04-28,0.0034542767068598233,0.00077768305
2021-04-29,0.0033630206902198236,0.00077768305
2021-04-30,0.005554403272102224,0.00077768305
2021-05-03,0.005025968096973923,0.00077768305
2021-05-04,0.0013137624746654237,0.00077768305
2021-05-05,-0.0016644059673373765,0.00077768305
2021-05-06,-0.007722464445432276,0.00077768305
2021-05-07,-0.004817560295290477,0.00077768305
2021-05-10,-0.0029742114243931773,0.00077768305
2021-05-11,-0.001927336792040077,0.00077768305
2021-05-12,-0.00026293082470277697,0.00077768305
2021-05-13,0.001584372881973523,0.00077768305
2021-05-14,0.0023677784954686232,0.00077768305
2021-05-17,0.000525815348234223,0.00077768305
2021-05-18,0.002452192720864723,0.00077768305
2021-05-19,0.006119093181550123,0.00077768305
2021-05-20,0.007971751645020423,0.00077768305
2021-05-21,0.0021000292471287227,0.00077768305
2021-05-24,0.001662291621409756,0.00077768305
2021-05-25,0.000515898980120356,0.00077768305
2021-05-26,-0.002014501440722144,0.00070688885
2021-05-27,-0.003418460234081144,0.00070688885
2021-05-28,0.003832221191141956,0.00070688885
2021-06-01,0.003135073670975522,0.00070688885
2021-06-02,0.006192174823718222,0.00070688885
2021-06-03,0.008181346831381723,0.00070688885
2021-06-04,0.014266006549665923,0.00070688885
2021-06-07,0.007292612490817222,0.00070688885
2021-06-08,0.004957909740455822,0.00070688885
2021-06-09,0.0022583012287148226,0.00070688885
2021-06-10,-0.007744383792888478,0.00070688885
2021-06-11,-0.0077167049583785775,0.00070688885
2021-06-14,-0.000605566082227978,0.00070688885
2021-06-15,-0.000694439479258378,0.00070688885
2021-06-16,0.000953602863293622,0.00070688885
2021-06-17,0.005835653522559322,0.00070688885
2021-06-18,0.0020867917245818222,0.00070688885
2021-06-21,-0.005641864891731878,0.00070688885
2021-06-22,0.0006944394792585216,0.00070688885
2021-06-23,-0.0006065492844153785,0.00070688885
2021-06-24,0.002948179689755322,0.00070688885
2021-06-25,0.002402656413276522,0.00070688885
2021-06-28,0.008124809729461122,0.00070688885
2021-06-29,0.010252204277374721,0.00070688885
2021-06-30,0.012649087609859121,0.00070688885
2021-07-01,0.013656832407548822,0.00070688885
2021-07-02,0.009320742641935421,0.00070688885
2021-07-06,0.005169834892309921,0.00070688885
2021-07-07,-0.0031847639355115785,0.00070688885
2021-07-08,-0.001800936720666179,0.00070688885
2021-07-09,-0.00017085438066707839,0.00070688885
2021-07-12,0.004713962736628822,0.00070688885
2021-07-13,0.013742867085388022,0.00070688885
2021-07-14,0.015569105424873123,0.00070688885
2021-07-15,0.005478879639683522,0.00070688885
2021-07-16,0.0035838827237714226,0.00070688885
2021-07-19,0.0022200944745339223,0.00070688885
2021-07-20,-0.006976161998260677,0.00070688885
2021-07-21,-0.0014441477582481776,0.00070688885
2021-07-22,0.005194408345571323,0.00070688885
2021-07-23,-0.00017041911979237762,0.00070688885
2021-07-26,0.004171507810010823,0.00070688885
2021-07-27,0.009231577559473323,0.00070688885
2021-07-28,0.005225835385876523,0.00070688885
2021-07-29,0.004122343439967624,0.00070688885
2021-07-30,0.003537945744768524,0.00070688885
2021-08-02,-0.005147945434650976,0.00070688885
2021-08-03,-0.011663255606833777,0.00070688885
2021-08-04,-0.013803039563942476,0.00070688885
2021-08-05,-0.012434389632788076,0.00070688885
2021-08-06,-0.009816348456515276,0.00070688885
2021-08-09,0.0017929483633227243,0.00070688885
2021-08-10,0.006146364512836525,0.00070688885
2021-08-11,0.007521634343567625,0.00070688885
2021-08-12,0.005895638678296125,0.00070688885
2021-08-13,0.009136937226086125,0.00070688885
2021-08-16,0.002470396033180625,0.00070688885
2021-08-17,0.0005106119256558248,0.00070688885
2021-08-18,-0.0017045514170141753,0.00070688885
2021-08-19,-0.005124504652341375,0.00070688885
2021-08-20,-0.0073372160969575745,0.00070688885
2021-08-23,-0.003152736758836075,0.00070688885
2021-08-24,-0.0014473136084546747,0.00070688885
2021-08-25,-0.0005970226687140746,0.00070688885
2021-08-26,0.003760839592843325,0.00070688885
2021-08-27,0.004955488238624425,0.00070688885
2021-08-30,-0.0006836162704661748,0.00070688885
2021-08-31,-0.006583959537201376,0.00070688885
2021-09-01,-0.001966443739610575,0.00070688885
2021-09-02,0.00042703403904372503,0.00070688885
2021-09-03,-0.003930150311704575,0.00070688885
2021-09-07,-0.00034216753601247507,0.00070688885
2021-09-08,0.007352330912853226,0.00070688885
2021-09-09,0.0029052705118976256,0.00070688885
2021-09-10,-0.0030768803270177746,0.00070688885
2021-09-13,-0.002828829261438275,0.00070688885
2021-09-14,0.001025783806478625,0.00070688885
2021-09-15,-0.0033276013317117756,0.00070688885
2021-09-16,-0.0006826956835403755,0.00070688885
2021-09-17,-0.006612796561371774,0.00070688885
2021-09-20,-0.006718415491715174,0.00070688885
2021-09-21,-0.014453590013954574,0.00070688885
2021-09-22,-0.017675103698817776,0.00070688885
2021-09-23,-0.017571470510342073,0.00070688885
2021-09-24,-0.007263750341612575,0.00070688885
2021-09-27,-0.00016999902760417556,0.00070688885
2021-09-28,0.001301416464809425,0.00070688885
2021-09-29,0.0019986871658239248,0.00070688885
2021-09-30,0.001215721424093325,0.00070688885
2021-10-01,-0.004003259624016575,0.00070688885
2021-10-04,-0.010258984208176376,0.00070688885
2021-10-05,-0.011497609937760375,0.00070688885
2021-10-06,-0.0038298801896381757,0.00070688885
2021-10-07,-0.002173499207458576,0.00070688885
2021-10-08,0.004176941629143723,0.00070688885
2021-10-11,0.0013970715779004234,0.00070688885
2021-10-12,0.0024501470824462236,0.00070688885
2021-10-13,-0.005684796221196476,0.00070688885
2021-10-14,-0.008039834202860576,0.00070688885
2021-10-15,-0.013023143075052975,0.00070688885
2021-10-18,-0.005513039019752777,0.00070688885
2021-10-19,-0.0028884781573079756,0.00070688885
2021-10-20,0.0019276528992505236,0.00070688885
2021-10-21,0.007952717990264924,0.00070688885
2021-10-22,0.007973701663075023,0.00070688885
2021-10-25,0.005861964620409523,0.00070688885
2021-10-26,0.0045558707024533325,0.00070688885
2021-10-27,0.0057710241968855335,0.00070688885
2021-10-28,-0.002956032559948967,0.00070688885
2021-10-29,0.005061472481879933,0.00070688885
2021-11-01,0.010084227784532433,0.00070688885
2021-11-02,0.005832588198326124,0.00070688885
2021-11-03,0.007980809148511923,0.00070688885
2021-11-04,0.0025308294984794245,0.00070688885
2021-11-05,-0.006101328092922876,0.00070688885
2021-11-08,-0.009464391123425973,0.00070688885
2021-11-09,-0.009067940532130276,0.00070688885
2021-11-10,-0.014533907622778577,0.00070688885
2021-11-11,-0.002355713338960874,0.00070688885
2021-11-12,0.0014853595373705264,0.00070688885
2021-11-15,0.002091727895291026,0.00070688885
2021-11-16,-0.0013149371680634741,0.00070688885
2021-11-17,-0.0045691555413978745,0.00070688885
2021-11-18,-0.0050795352738450756,0.00070688885
2021-11-19,0.007132583301273525,0.00070688885
2021-11-22,0.002174175252968425,0.00070688885
2021-11-23,0.015490651200464625,0.0005501341
2021-11-24,0.021503432078725526,0.0005501341
2021-11-26,0.016267191716464326,0.0005501341
2021-11-29,0.009305015322849226,0.0005501341
2021-11-30,0.006563777494632125,0.0005501341
2021-12-01,-0.0032199101686113756,0.0005501341
2021-12-02,-0.008315137680897975,0.0005501341
2021-12-03,-0.0036373184342549754,0.0005501341
2021-12-06,-0.008804835532367775,0.0005501341
2021-12-07,0.0009496194650811243,0.0005501341
2021-12-08,0.003029929685229524,0.0005501341
2021-12-09,0.004772488273609924,0.0005501341
2021-12-10,0.005160363003131925,0.0005501341
2021-12-13,0.006710071880583625,0.0005501341
2021-12-14,0.0010904932128922248,0.0005501341
2021-12-15,-0.0011584882624208754,0.0005501341
2021-12-16,0.0012640517211568246,0.0005501341
2021-12-17,-0.0037219229929016757,0.0005501341
2021-12-20,-0.0056185488930272755,0.0005501341
2021-12-21,-0.004929823348833876,0.0005501341
2021-12-22,-0.006081735365457076,0.0005501341
2021-12-23,-0.003728054628937676,0.0005501341
2021-12-27,-0.0027789116841910756,0.0005501341
2021-12-28,-0.012473515963636175,0.0005501341
2021-12-29,-0.012826517289005076,0.0005501341
2021-12-30,-0.011922608951038076,0.0005501341
2021-12-31,-0.017701009890650574,0.0005501341
2022-01-03,-0.019847626332174774,0.0005501341
2022-01-04,-0.010766061573689974,0.0005501341
2022-01-05,-0.007846888995164275,0.0005501341
2022-01-06,-0.0034452792594320747,0.0005501341
2022-01-07,0.0022078653325973254,0.0005501341
2022-01-10,-0.0014202879799958745,0.0005501341
2022-01-11,-0.008732910918593476,0.0005501341
2022-01-12,-0.008711720331703076,0.0005501341
2022-01-13,-0.006748444867469975,0.0005501341
2022-01-14,-0.004154714808336975,0.0005501341
2022-01-18,0.0018637621770090263,0.0005501341
2022-01-19,0.008111703417718026,0.0005501341
2022-01-20,-0.0014296019114434736,0.0005501341
2022-01-21,0.0006234970494121261,0.0005501341
2022-01-24,-0.0028388138793439743,0.0005501341
2022-01-25,-0.0019527592520991743,0.0005501341
2022-01-26,-0.0019739197775302747,0.0005501341
2022-01-27,0.0071992247449426255,0.0005501341
2022-01-28,-0.0012685074573598742,0.0005501341
2022-01-31,-0.011285041645570773,0.0005501341
2022-02-01,-0.011014813456118674,0.0005501341
2022-02-02,-0.012904636642573273,0.0005501341
2022-02-03,-0.013598396288054674,0.0005501341
2022-02-04,-0.018554286797433674,0.0005501341
2022-02-07,-0.0005395951393001759,0.0005501341
2022-02-08,-0.007761814464464175,0.0005501341
2022-02-09,-0.007514511654754976,0.0005501341
2022-02-10,-0.006778518695578176,0.0005501341
2022-02-11,0.007787900059095825,0.0005501341
2022-02-14,0.0007196782626088254,0.0005501341
2022-02-15,0.007581284835078888,0.0005501341
2022-02-16,0.005347170882717188,0.0005501341
2022-02-17,0.005606718159630687,0.0005501341
2022-02-18,8.64109131470947e-17,0.0005501341
2022-02-22,0.008059571721744386,0.0005501341
2022-02-23,0.017842104552165124,0.0005501341
2022-02-24,0.007927183711362525,0.0005501341
2022-02-25,0.009878937220573626,0.0005501341
2022-02-28,0.020020550559340124,0.0005501341
2022-03-01,0.004462602517198824,0.0005501341
2022-03-02,-0.011738634488110376,0.0005501341
2022-03-03,-0.002786453732723876,0.0005501341
2022-03-04,-0.011686365694289876,0.0005501341
2022-03-07,-0.02182916562075888,0.0005501341
2022-03-08,-0.030316553981538978,0.0005501341
2022-03-09,-0.024265466271297276,0.0005501341
2022-03-10,-0.019449808048372277,0.0005501341
2022-03-11,-0.016778203367714777,0.0005501341
2022-03-14,-0.013568933561763075,0.0005501341
2022-03-15,-0.013929457532791277,0.0005501341
2022-03-16,-0.018967054508301176,0.0005501341
2022-03-17,-0.010888728159209878,0.0005501341
2022-03-18,-0.01454216226083838,0.0005501341
2022-03-21,-0.027795840633145677,0.0005501341
2022-03-22,-0.012431919060422078,0.0005501341
2022-03-23,-0.0019636457552918785,0.0005501341
2022-03-24,-0.004743034943954878,0.0005501341
2022-03-25,0.0027023726745462216,0.0005501341
2022-03-28,0.006485446551484022,0.0005501341
2022-03-29,0.003569266997569122,0.0005501341
2022-03-30,-0.013391239634879978,0.0005501341
2022-03-31,-0.020833845568865077,0.0005501341
2022-04-01,-0.02517715644195668,0.0005501341
2022-04-04,-0.023720312234156278,0.0005501341
2022-04-05,-0.02787619840684328,0.0005501341
2022-04-06,-0.011075915430080276,0.0005501341
2022-04-07,-0.005350652038649777,0.0005501341
2022-04-08,-0.011916591539065477,0.0005501341
2022-04-11,-0.009745184841828477,0.0005501341
2022-04-12,-0.011547316662299176,0.0005501341
2022-04-13,-0.008582350806609077,0.0005501341
2022-04-14,-0.016323259495989277,0.0005501341
2022-04-18,-0.006790350920300577,0.0005501341
2022-04-19,0.002517877313095823,0.0005501341
2022-04-20,0.015783159946395023,0.0005501341
2022-04-21,0.002418457149757123,0.0005501341
2022-04-22,0.006503096514070523,0.0005501341
2022-04-25,0.0006815966347949237,0.0005501341
2022-04-26,-0.013200270149787276,0.0005501341
2022-04-27,-0.018674062324825377,0.0005501341
2022-04-28,-0.006639721748715976,0.0005501341
2022-04-29,-0.015268793312466777,0.0005501341
2022-05-02,-0.015654996039705375,0.0005501341
2022-05-03,-0.000785095050164478,0.0005501341
2022-05-04,0.0013710727608974228,0.0005501341
2022-05-05,0.0010705213442454226,0.0005501341
2022-05-06,0.014451595190983024,0.0005501341
2022-05-09,0.014923910593495623,0.0005501341
2022-05-10,0.011714184729014122,0.0005501341
2022-05-11,0.0007824000458665223,0.0005501341
2022-05-12,0.001749120412947623,0.0005501341
2022-05-13,0.002033556061561523,0.0005501341
2022-05-16,0.011915563518051023,0.0005501341
2022-05-17,0.0016485590906879224,0.0005501341
2022-05-18,0.017833628598727023,0.0005501341
2022-05-19,0.012735420652110122,0.0005501341
2022-05-20,0.008670225613480721,0.0005501341
2022-05-23,0.005474566011556622,0.0005501341
2022-05-24,0.0010652342467194226,0.0005501341
2022-05-25,-0.013167434249334576,0.00052486936
2022-05-26,-0.013721723530845477,0.00052486936
2022-05-27,-0.015190616482980677,0.00052486936
2022-05-31,-0.024164162340550174,0.00052486936
2022-06-01,-0.009650011912900078,0.00052486936
2022-06-02,-0.007728779235268378,0.00052486936
2022-06-03,-0.010073845864179778,0.00052486936
2022-06-06,-0.018004243593005877,0.00052486936
2022-06-07,-0.028398455500758576,0.00052486936
2022-06-08,-0.040434870428430476,0.00052486936
2022-06-09,-0.022848077088111277,0.00052486936
2022-06-10,-0.015453652677024976,0.00052486936
2022-06-13,-0.005275715204389378,0.00052486936
2022-06-14,0.007451714630224721,0.00052486936
2022-06-15,0.02802964228588542,0.00052486936
2022-06-16,0.019798542715853223,0.00052486936
2022-06-17,0.009735897676109722,0.00052486936
2022-06-21,0.0037851890058941233,0.00052486936
2022-06-22,0.010279960697552224,0.00052486936
2022-06-23,0.005729194638305322,0.00052486936
2022-06-24,0.007752793913979022,0.00052486936
2022-06-27,0.02196825403063722,0.00052486936
2022-06-28,0.031293286922892224,0.00052486936
2022-06-29,0.021472445015732824,0.00052486936
2022-06-30,0.007311118230551323,0.00052486936
2022-07-01,-0.006433407196968377,0.00052486936
2022-07-05,-0.009244756205111379,0.00052486936
2022-07-06,-0.010574862889002178,0.00052486936
2022-07-07,0.0022366651000183205,0.00052486936
2022-07-08,0.00283633259717052,0.00052486936
2022-07-11,0.01233867283545192,0.00052486936
2022-07-12,0.0015633556427121203,0.00052486936
2022-07-13,-0.00537886188779578,0.00052486936
2022-07-14,-0.01064230379012268,0.00052486936
2022-07-15,0.0062305564732371204,0.00052486936
2022-07-18,0.01420512215966152,0.00052486936
2022-07-19,0.01357240663694982,0.00052486936
2022-07-20,0.01855619987744582,0.00052486936
2022-07-21,0.021556548339523116,0.00052486936
2022-07-22,0.020080178858211818,0.00052486936
2022-07-25,0.00907392508524112,0.00052486936
2022-07-26,0.01846181505486222,0.00052486936
2022-07-27,0.00415423865988322,0.00052486936
2022-07-28,0.00625568322695812,0.00052486936
2022-07-29,0.0014657687974174195,0.00052486936
2022-08-01,-0.013482416817820381,0.00052486936
2022-08-02,-0.01344221355072538,0.00052486936
2022-08-03,-0.0024994180957390796,0.00052486936
2022-08-04,-0.006042936939369179,0.00052486936
2022-08-05,-0.01775909772527808,0.00052486936
2022-08-08,0.0007714720496516192,0.00052486936
2022-08-09,-0.0019215664933263806,0.00052486936
2022-08-10,-9.618700465298066e-05,0.00052486936
2022-08-11,-0.00743548382029488,0.00052486936
2022-08-12,0.00116171012954492,0.00052486936
2022-08-15,-0.01144825492285408,0.00052486936
2022-08-16,-0.019027569820113378,0.00052486936
2022-08-17,-0.02032669763194538,0.00052486936
2022-08-18,-0.01691101326293278,0.00052486936
2022-08-19,-0.012460260336912578,0.00052486936
2022-08-22,-0.004988806722183979,0.00052486936
2022-08-23,-0.006292296767987079,0.00052486936
2022-08-24,-0.004135059161714578,0.00052486936
2022-08-25,-0.004940841770548878,0.00052486936
2022-08-26,-0.01930941673713628,0.00052486936
2022-08-29,-0.012547053554827978,0.00052486936
2022-08-30,-0.01804736570089638,0.00052486936
2022-08-31,-0.011233421528009177,0.00052486936
2022-09-01,-0.010786493045166578,0.00052486936
2022-09-02,-0.002704686695886578,0.00052486936
2022-09-06,-0.010701778650516578,0.00052486936
2022-09-07,-0.0051445208389756785,0.00052486936
2022-09-08,-0.011156323021131878,0.00052486936
2022-09-09,-0.010893771924835078,0.00052486936
2022-09-12,-0.010183543872833678,0.00052486936
2022-09-13,-0.010614031434049079,0.00052486936
2022-09-14,-0.01118515701146918,0.00052486936
2022-09-15,-0.0077112304814128795,0.00052486936
2022-09-16,-0.01945803164990228,0.00052486936
2022-09-19,-0.01902839250098298,0.00052486936
2022-09-20,-0.03295624121947878,0.00052486936
2022-09-21,-0.033587880888910085,0.00052486936
2022-09-22,-0.015292707188778579,0.00052486936
2022-09-23,-0.00476821097018858,0.00052486936
2022-09-26,-0.00860948740951398,0.00052486936
2022-09-27,0.019957684789157222,0.00052486936
2022-09-28,0.02886840655187272,0.00052486936
2022-09-29,-0.0029229073527121795,0.00052486936
2022-09-30,-0.0037815617778479797,0.00052486936
2022-10-03,-0.00610403255521738,0.00052486936
2022-10-04,-0.02380083675907778,0.00052486936
2022-10-05,-0.023329363352442678,0.00052486936
2022-10-06,-0.010551936988216678,0.00052486936
2022-10-07,-0.009238507997061078,0.00052486936
2022-10-10,-0.009921024529083878,0.00052486936
2022-10-11,-0.0029623389201295786,0.00052486936
2022-10-12,-0.0029547466522636782,0.00052486936
2022-10-13,-0.016734041419209478,0.00052486936
2022-10-14,-0.02002838524102028,0.00052486936
2022-10-17,-0.01216518219809428,0.00052486936
2022-10-18,-0.01451490055166488,0.00052486936
2022-10-19,-0.004661180650218977,0.00052486936
2022-10-20,0.010940640227487922,0.00052486936
2022-10-21,0.025498193890944622,0.00052486936
2022-10-24,0.01808727797302842,0.00052486936
2022-10-25,0.014832787849687123,0.00052486936
2022-10-26,0.0022588880950664214,0.00052486936
2022-10-27,-0.004525039214357979,0.00052486936
2022-10-28,-0.015948039904492776,0.00052486936
2022-10-31,-0.01293338069984758,0.00052486936
2022-11-01,-0.011927991412803377,0.00052486936
2022-11-02,-0.00510921685223468,0.00052486936
2022-11-03,1.209969624493823e-16,0.00052486936
2022-11-04,0.02656112808323162,0.00052486936
2022-11-07,0.02661760488918802,0.00052486936
2022-11-08,0.027756316574050224,0.00052486936
2022-11-09,0.028508557645738623,0.00052486936
2022-11-10,0.03243618415597903,0.00052486936
2022-11-11,0.0034265453701312247,0.00052486936
2022-11-14,0.001978556859733925,0.00052486936
2022-11-15,0.0037539868275022247,0.00052486936
2022-11-16,0.002072051080649324,0.00052486936
2022-11-17,0.00010304236735852405,0.00052486936
2022-11-18,0.006612211721030624,0.00052486936
2022-11-21,0.010554624741599425,0.00052486936
2022-11-22,0.006950176047296924,0.00052486936
2022-11-23,0.010194323963752925,0.00030047426
2022-11-25,0.015689543603910727,0.00030047426
2022-11-28,0.018027619362308726,0.00030047426
2022-11-29,0.007430293725124725,0.00030047426
2022-11-30,0.017782738744204725,0.00030047426
2022-12-01,0.017542508992935926,0.00030047426
2022-12-02,0.0010149301340347241,0.00030047426
2022-12-05,-0.008446608995001277,0.00030047426
2022-12-06,0.0003070035732295241,0.00030047426
2022-12-07,0.0031492109300506246,0.00030047426
2022-12-08,-0.0028277677922936752,0.00030047426
2022-12-09,0.004780623868331124,0.00030047426
2022-12-12,0.009681112863504225,0.00030047426
2022-12-13,0.002967160226100926,0.00030047426
2022-12-14,-0.013284185284757674,0.00030047426
2022-12-15,-0.014785040119736177,0.00030047426
2022-12-16,-0.017036715623990475,0.00030047426
2022-12-19,-0.019042505131079874,0.00030047426
2022-12-20,-0.019304020785625077,0.00030047426
2022-12-21,-0.014418385507980077,0.00030047426
2022-12-22,-0.010754530159865779,0.00030047426
2022-12-23,-0.014614322178919378,0.00030047426
2022-12-27,-0.0022764015702300766,0.00030047426
2022-12-28,0.013767382135863721,0.00030047426
2022-12-29,0.01472714348505362,0.00030047426
2022-12-30,0.022615983135505224,0.00030047426
2023-01-03,0.029321687326741324,0.00030047426
2023-01-04,0.015215618575822322,0.00030047426
2023-01-05,0.013986491065441123,0.00030047426
2023-01-06,0.024308554496411824,0.00030047426
2023-01-09,0.006181463293965624,0.00030047426
2023-01-10,0.0005069054225097245,0.00030047426
2023-01-11,0.020300650987530523,0.00030047426
2023-01-12,0.011991925551370526,0.00030047426
2023-01-13,-0.003522847924428675,0.00030047426
2023-01-17,-0.0014153455596972752,0.00030047426
2023-01-18,0.0074708537488392245,0.00030047426
2023-01-19,-0.004910889371082775,0.00030047426
2023-01-20,-0.006632927931284875,0.00030047426
2023-01-23,-0.001514134361748475,0.00030047426
2023-01-24,-0.001417351602329475,0.00030047426
2023-01-25,-0.002114363122293175,0.00030047426
2023-01-26,0.003946258732381525,0.00030047426
2023-01-27,0.007167997806958525,0.00030047426
2023-01-30,-0.0021112289396297747,0.00030047426
2023-01-31,-0.007634044867315875,0.00030047426
2023-02-01,-0.015144794080589073,0.00030047426
2023-02-02,-0.018626285184675677,0.00030047426
2023-02-03,-0.022730572800840475,0.00030047426
2023-02-06,-0.016772665082015276,0.00030047426
2023-02-07,-0.005744988022825475,0.00030047426
2023-02-08,-0.007824767955153977,0.00030047426
2023-02-09,-0.014511585480316575,0.00030047426
2023-02-10,-0.013328606399419376,0.00030047426
2023-02-13,-0.005688911375506375,0.00030047426
2023-02-14,-0.019009024314921977,0.00030047426
2023-02-15,-0.012689977483477477,0.00030047426
2023-02-16,-0.0058223924063224766,0.00030047426
2023-02-17,-0.008566081440250976,0.00030047426
2023-02-21,-0.008332457471645877,0.00030047426
2023-02-22,0.004186005205263224,0.00030047426
2023-02-23,-0.005621775113573575,0.00030047426
2023-02-24,-0.013609986121322176,0.00030047426
2023-02-27,0.0004740903122777253,0.00030047426
2023-02-28,-0.0043514975909805746,0.00030047426
2023-03-01,-0.005814110682047575,0.00030047426
2023-03-02,0.0018969072965803247,0.00030047426
2023-03-03,0.012211578407181324,0.00030047426
2023-03-06,0.022442712849690825,0.00030047426
2023-03-07,0.036281275735323526,0.00030047426
2023-03-08,0.026690489833363522,0.00030047426
2023-03-09,0.04135245259888853,0.00030047426
2023-03-10,0.026128858962268322,0.00030047426
2023-03-13,0.01963545189775412,0.00030047426
2023-03-14,0.0035468094223858214,0.00030047426
2023-03-15,0.00429492170275962,0.00030047426
2023-03-16,0.003025927613367521,0.00030047426
2023-03-17,0.017781524356268123,0.00030047426
2023-03-20,0.006326570058170721,0.00030047426
2023-03-21,-0.0020254992344235796,0.00030047426
2023-03-22,0.006103754971876821,0.00030047426
2023-03-23,-0.008699379104958079,0.00030047426
2023-03-24,-0.01290095566132288,0.00030047426
2023-03-27,-0.00773825594469418,0.00030047426
2023-03-28,0.009351218973349621,0.00030047426
2023-03-29,0.01637809256197712,0.00030047426
2023-03-30,0.022293847810231117,0.00030047426
2023-03-31,0.02106984301505092,0.00030047426
2023-04-03,0.005705207752158622,0.00030047426
2023-04-04,0.0006033658425760226,0.00030047426
2023-04-05,-0.0029032525553671774,0.00030047426
2023-04-06,-0.010407125310625378,0.00030047426
2023-04-10,-0.01564721469744578,0.00030047426
2023-04-11,-0.01213476470153778,0.00030047426
2023-04-12,-0.01010592261813828,0.00030047426
2023-04-13,-0.01515308516144538,0.00030047426
2023-04-14,-0.0060538991768345814,0.00030047426
2023-04-17,-0.0035445163621242812,0.00030047426
2023-04-18,0.0077024892981948185,0.00030047426
2023-04-19,0.015921218032715317,0.00030047426
2023-04-20,0.014150171233326916,0.00030047426
2023-04-21,0.0018200379964884179,0.00030047426
2023-04-24,0.011699728129501319,0.00030047426
2023-04-25,-0.00499804985293228,0.00030047426
2023-04-26,-0.0019084742198297797,0.00030047426
2023-04-27,0.00850233783334542,0.00030047426
2023-04-28,0.014847918186576018,0.00030047426
2023-05-01,0.0019979029217362197,0.00030047426
2023-05-02,0.007700403749821319,0.00030047426
2023-05-03,-0.00644649808563338,0.00030047426
2023-05-04,-0.0055013017330382795,0.00030047426
2023-05-05,-0.0015977862163371807,0.00030047426
2023-05-08,-0.0022091438369050815,0.00030047426
2023-05-09,0.0017143469455377178,0.00030047426
2023-05-10,-0.00030341808343598226,0.00030047426
2023-05-11,-0.010992890605488881,0.00030047426
2023-05-12,-0.02090256698277508,0.00030047426
2023-05-15,-0.018671491098465682,0.00030047426
2023-05-16,-0.01830264643840728,0.00030047426
2023-05-17,-0.013432265300694982,0.00030047426
2023-05-18,-0.01275721656844838,0.00030047426
2023-05-19,-0.012837052686818482,0.00030047426
2023-05-22,-0.007195922440802881,0.00030047426
2023-05-23,0.002459840030290519,0.00030047426
2023-05-24,0.004599414218252319,0.00030047426
2023-05-25,0.00994059725737242,0.00030047426
2023-05-26,0.008243209265695318,0.00015820756
2023-05-30,0.0060762792326582195,0.00015820756
2023-05-31,-0.0011179273152600805,0.00015820756
2023-06-01,-0.01221817527320318,0.00015820756
2023-06-02,-0.008291090847652581,0.00015820756
2023-06-05,-0.003912433800696981,0.00015820756
2023-06-06,-0.0019549069021761803,0.00015820756
2023-06-07,-0.009702621396062979,0.00015820756
2023-06-08,-0.0010353565623036803,0.00015820756
2023-06-09,-8.066464163292153e-17,0.00015820756
2023-06-12,-0.0007222300671657802,0.00015820756
2023-06-13,0.0006178287511603197,0.00015820756
2023-06-14,0.008674819907450419,0.00015820756
2023-06-15,0.0016562977163713192,0.00015820756
2023-06-16,-0.0019549069021764813,0.00015820756
2023-06-20,0.004839783930835518,0.00015820756
2023-06-21,-0.0016481058889031815,0.00015820756
2023-06-22,0.0014388147842703185,0.00015820756
2023-06-23,-0.0032109561082032806,0.00015820756
2023-06-26,-0.0051625510746508806,0.00015820756
2023-06-27,-0.01197807092084608,0.00015820756
2023-06-28,-0.01328512269647518,0.00015820756
2023-06-29,-0.025499262657062878,0.00015820756
2023-06-30,-0.01644633472940208,0.00015820756
2023-07-03,-0.013455595049626179,0.00015820756
2023-07-05,-0.007007530787004879,0.00015820756
2023-07-06,0.007511949026532021,0.00015820756
2023-07-07,0.02399410181016242,0.00015820756
2023-07-10,0.020302226704613322,0.00015820756
2023-07-11,0.01679126437467012,0.00015820756
2023-07-12,0.015827404280918122,0.00015820756
2023-07-13,0.00951694054706762,0.00015820756
2023-07-14,-0.00672303790960678,0.00015820756
2023-07-17,-0.0009328956249840803,0.00015820756
2023-07-18,-0.00497656905807878,0.00015820756
2023-07-19,-0.00798655877436708,0.00015820756
2023-07-20,-0.007959402675408081,0.00015820756
2023-07-21,-0.01095632448157998,0.00015820756
2023-07-24,-0.008539029572534582,0.00015820756
2023-07-25,-0.004897136889119481,0.00015820756
2023-07-26,-0.008884445978031482,0.00015820756
2023-07-27,-0.01431831201961198,0.00015820756
2023-07-28,-0.010777257043950182,0.00015820756
2023-07-31,-0.0034480189776619832,0.00015820756
2023-08-01,-0.007125038123721282,0.00015820756
2023-08-02,0.0037848116940618183,0.00015820756
2023-08-03,0.006417529668837318,0.00015820756
2023-08-04,0.0061482296942931185,0.00015820756
2023-08-07,-0.009726363186700981,0.00015820756
2023-08-08,-0.008898075781818782,0.00015820756
2023-08-09,-0.015865111837477682,0.00015820756
2023-08-10,-0.020339743219462282,0.00015820756
2023-08-11,-0.01394016610246598,0.00015820756
2023-08-14,-0.005646382214152281,0.00015820756
2023-08-15,-0.010267898679608582,0.00015820756
2023-08-16,-0.00792045216708688,0.00015820756
2023-08-17,0.006719384792593619,0.00015820756
2023-08-18,0.00427699057415182,0.00015820756
2023-08-21,0.0009609727919908195,0.00015820756
2023-08-22,0.00994834169233122,0.00015820756
2023-08-23,0.01662471888350802,0.00015820756
2023-08-24,0.005724430252428119,0.00015820756
2023-08-25,0.01145814180378392,0.00015820756
2023-08-28,0.00564696053435392,0.00015820756
2023-08-29,-0.0032081075713754808,0.00015820756
2023-08-30,-0.01288728611668338,0.00015820756
2023-08-31,-0.009352783305033082,0.00015820756
2023-09-01,-0.01114532133447378,0.00015820756
2023-09-05,-0.006726424829503781,0.00015820756
2023-09-06,0.0007491372898450191,0.00015820756
2023-09-07,0.004497694745923519,0.00015820756
2023-09-08,-0.001177531860261581,0.00015820756
2023-09-11,-0.004501462712779381,0.00015820756
2023-09-12,-0.001822832872903481,0.00015820756
2023-09-13,-0.006870172811911281,0.00015820756
2023-09-14,-0.008800217754987882,0.00015820756
2023-09-15,-0.014019086291220681,0.00015820756
2023-09-18,-0.007007258518009681,0.00015820756
2023-09-19,-0.015356660023176281,0.00015820756
2023-09-20,-0.012027988712939882,0.00015820756
2023-09-21,-0.015753516928798783,0.00015820756
2023-09-22,-0.005554358212298581,0.00015820756
2023-09-25,-0.00923759231914208,0.00015820756
2023-09-26,-0.00999873039337738,0.00015820756
2023-09-27,-0.01798380711147088,0.00015820756
2023-09-28,-0.007180793605457881,0.00015820756
2023-09-29,-0.008036581517556379,0.00015820756
2023-10-02,-0.01412213792247428,0.00015820756
2023-10-03,0.00670921200223982,0.00015820756
2023-10-04,0.01304624658737572,0.00015820756
2023-10-05,0.012200120014397721,0.00015820756
2023-10-06,0.000662311677627021,0.00015820756
2023-10-09,0.012906326037596921,0.00015820756
2023-10-10,-0.005716837601064678,0.00015820756
2023-10-11,-0.013602904245541277,0.00015820756
2023-10-12,-0.023767323799627576,0.00015820756
2023-10-13,-0.019042143791326276,0.00015820756
2023-10-16,-0.019590068608217975,0.00015820756
2023-10-17,-0.008970419947032977,0.00015820756
2023-10-18,0.002668860351785823,0.00015820756
2023-10-19,-0.001455388505313777,0.00015820756
2023-10-20,0.011068423982942024,0.00015820756
2023-10-23,0.0067948690779117225,0.00015820756
2023-10-24,-0.0012244631414578778,0.00015820756
2023-10-25,-0.005121473548568978,0.00015820756
2023-10-26,0.015141892725837523,0.00015820756
2023-10-27,0.013730447210870623,0.00015820756
2023-10-30,0.01984368114415192,0.00015820756
2023-10-31,0.017378497505401224,0.00015820756
2023-11-01,0.025189082115125924,0.00015820756
2023-11-02,0.01776776121795992,0.00015820756
2023-11-03,0.0016481716440203235,0.00015820756
2023-11-06,-0.004923065979513477,0.00015820756
2023-11-07,0.0003293808415118228,0.00015820756
2023-11-08,0.009559095404807823,0.00015820756
2023-11-09,-0.002285628280873575,0.00015820756
2023-11-10,0.015146050439859124,0.00015820756
2023-11-13,0.014697257281539224,0.00015820756
2023-11-14,0.016649863863120923,0.00015820756
2023-11-15,0.0030224913570522233,0.00015820756
2023-11-16,0.010513349130636323,0.00015820756
2023-11-17,-0.0021652960328398764,0.00015820756
2023-11-20,0.004744052359182724,0.00015820756
2023-11-21,0.007740277180330723,0.00015820756
2023-11-22,0.011679680601072322,0.00015820756
2023-11-24,0.0070906886585591225,0.00015820756
2023-11-27,0.02167045346550072,0.00018731647
2023-11-28,0.009956631066866322,0.00018731647
2023-11-29,0.012579421112046123,0.00018731647
2023-11-30,0.011472303164241122,0.00018731647
2023-12-01,0.014905302965314523,0.00018731647
2023-12-04,-0.000957408077596077,0.00018731647
2023-12-05,0.0033046549321187227,0.00018731647
2023-12-06,-0.001591964761006777,0.00018731647
2023-12-07,0.009040367139781522,0.00018731647
2023-12-08,0.018797891362354324,0.00018731647
2023-12-11,0.02443657133086092,0.00018731647
2023-12-12,0.022140323172944423,0.00018731647
2023-12-13,0.021891559087856224,0.00018731647
2023-12-14,0.012018202217213022,0.00018731647
2023-12-15,0.0021833394524646225,0.00018731647
2023-12-18,0.002081291328595722,0.00018731647
2023-12-19,0.004895033019585322,0.00018731647
2023-12-20,0.010779404373938421,0.00018731647
2023-12-21,0.0020721435935003225,0.00018731647
2023-12-22,0.0011421384098719224,0.00018731647
2023-12-26,-0.0016646011643420776,0.00018731647
2023-12-27,0.00010388613205142196,0.00018731647
2023-12-28,-0.013701850497085177,0.00018731647
2023-12-29,-0.013544781708040078,0.00018731647
2024-01-02,-0.007706766584152676,0.00018731647
2024-01-03,-0.004383203199983678,0.00018731647
2024-01-04,-0.008345354709244078,0.00018731647
2024-01-05,0.003026560912823522,0.00018731647
2024-01-08,0.009396787071750222,0.00018731647
2024-01-09,-0.0020932246776871784,0.00018731647
2024-01-10,-0.004927794357703078,0.00018731647
2024-01-11,-0.005567631532434778,0.00018731647
2024-01-12,-0.010790568403096779,0.00018731647
2024-01-16,-0.010446021436117978,0.00018731647
2024-01-17,-0.004831058459679678,0.00018731647
2024-01-18,-0.004424296622628079,0.00018731647
2024-01-19,0.002104506537339522,0.00018731647
2024-01-22,0.00021071407457942193,0.00018731647
2024-01-23,0.0031452627632286216,0.00018731647
2024-01-24,0.007028735346576621,0.00018731647
2024-01-25,0.018203209113570623,0.00018731647
2024-01-26,0.02005879823378722,0.00018731647
2024-01-29,0.00874812088460622,0.00018731647
2024-01-30,-0.007016163519083679,0.00018731647
2024-01-31,-0.00300103406583278,0.00018731647
2024-02-01,-0.01311771803674258,0.00018731647
2024-02-02,-0.02256197200015038,0.00018731647
2024-02-05,-0.011260359949515079,0.00018731647
2024-02-06,-0.0005287501085257793,0.00018731647
2024-02-07,-0.01696058392264618,0.00018731647
2024-02-08,-0.011437555902020178,0.00018731647
2024-02-09,-0.005402390093597878,0.00018731647
2024-02-12,-0.007969118549748678,0.00018731647
2024-02-13,-0.007215610541037977,0.00018731647
2024-02-14,0.000641030136757122,0.00018731647
2024-02-15,-0.0029863704385501783,0.00018731647
2024-02-16,-0.001168982751714679,0.00018731647
2024-02-20,0.001705496806644022,0.00018731647
2024-02-21,-0.0022389200436719785,0.00018731647
2024-02-22,0.004583655014644321,0.00018731647
2024-02-23,0.006495247374464522,0.00018731647
2024-02-26,0.006466851593942622,0.00018731647
2024-02-27,0.005730025450080822,0.00018731647
2024-02-28,0.014107723467219523,0.00018731647
2024-02-29,0.012909370356441224,0.00018731647
2024-03-01,0.012573415039330222,0.00018731647
2024-03-04,0.008754232628269722,0.00018731647
2024-03-05,0.009719982188173923,0.00018731647
2024-03-06,-0.0005276905994383782,0.00018731647
2024-03-07,-0.005171194734468379,0.00018731647
2024-03-08,-0.014288388471250277,0.00018731647
2024-03-11,-0.016730767209325977,0.00018731647
2024-03-12,-0.01664499471545258,0.00018731647
2024-03-13,-0.009653880711604978,0.00018731647
2024-03-14,-0.005091659507318279,0.00018731647
2024-03-15,0.0024489513448133216,0.00018731647
2024-03-18,0.009035470970962921,0.00018731647
2024-03-19,0.007561838710898521,0.00018731647
2024-03-20,0.006163742041986621,0.00018731647
2024-03-21,0.007627843234782322,0.00018731647
2024-03-22,0.006571350065024422,0.00018731647
2024-03-25,-0.007397501833690678,0.00018731647
2024-03-26,-0.006889798072217478,0.00018731647
2024-03-27,-0.007195546999715677,0.00018731647
2024-03-28,-0.0075836005596325775,0.00018731647
2024-04-01,-0.013268265222877879,0.00018731647
2024-04-02,-0.006435689075010479,0.00018731647
2024-04-03,-0.0003211728159172797,0.00018731647
2024-04-04,-0.01487909666906428,0.00018731647
2024-04-05,-0.019711026072221978,0.00018731647
2024-04-08,-0.00895101771617278,0.00018731647
2024-04-09,-0.013106189626509179,0.00018731647
2024-04-10,-0.02101232307119508,0.00018731647
2024-04-11,-0.0013042008695935796,0.00018731647
2024-04-12,-0.0033776920581818793,0.00018731647
2024-04-15,-0.006193841540143779,0.00018731647
2024-04-16,0.0003270584335499211,0.00018731647
2024-04-17,0.005566758867600822,0.00018731647
2024-04-18,-0.0038141732204943785,0.00018731647
2024-04-19,-0.004155943903781078,0.00018731647
2024-04-22,-0.002729058618540679,0.00018731647
2024-04-23,0.001197946445239221,0.00018731647
2024-04-24,-0.00480087233653098,0.00018731647
2024-04-25,0.002203746036874521,0.00018731647
2024-04-26,0.01071961830111752,0.00018731647
2024-04-29,0.013514960745874022,0.00018731647
2024-04-30,0.010343865774776622,0.00018731647
2024-05-01,0.017625705225870023,0.00018731647
2024-05-02,0.01086730074680332,0.00018731647
2024-05-03,0.009202052351155522,0.00018731647
2024-05-06,0.00043233309574972154,0.00018731647
2024-05-07,0.0007560688036533216,0.00018731647
2024-05-08,0.0010772808752378216,0.00018731647
2024-05-09,0.011391899302100321,0.00018731647
2024-05-10,0.006444351540153121,0.00018731647
2024-05-13,0.006572980198913621,0.00018731647
2024-05-14,0.0038797478371503215,0.00018731647
2024-05-15,0.003546832668339422,0.00018731647
2024-05-16,-0.005249831115494577,0.00018731647
2024-05-17,-0.006875722763407978,0.00018731647
2024-05-20,-0.002473194158595279,0.00018731647
2024-05-21,-0.006582647550195079,0.00018731647
2024-05-22,-0.01404529395805228,0.00018731647
2024-05-23,-0.00776463170472698,0.00018731647
2024-05-24,0.0004313712232551208,0.00018731647
2024-05-28,0.0056667433365884205,0.00018731647
2024-05-29,0.016742219978048423,0.000120683275
2024-05-30,0.02525082102635802,0.000120683275
2024-05-31,0.019832718654723223,0.000120683275
2024-06-03,0.004593426902737223,0.000120683275
2024-06-04,-0.004088665298257379,0.000120683275
2024-06-05,-0.004281133563373979,0.000120683275
2024-06-06,-0.002343563831315879,0.000120683275
2024-06-07,0.004672869657271021,0.000120683275
2024-06-10,0.01759584113458102,0.000120683275
2024-06-11,0.015087985660389422,0.000120683275
2024-06-12,0.014163533559738723,0.000120683275
2024-06-13,0.006060818323594123,0.000120683275
2024-06-14,-0.00031776819590777753,0.000120683275
2024-06-17,-0.0017987399159555772,0.000120683275
2024-06-18,0.0037101607376765224,0.000120683275
2024-06-20,-0.006683771120309677,0.000120683275
2024-06-21,-0.0019098237711465769,0.000120683275
2024-06-24,-0.007446878313410478,0.000120683275
2024-06-25,-0.01576602182161558,0.000120683275
2024-06-26,-0.012843535892436976,0.000120683275
2024-06-27,-0.0001506806317419767,0.000120683275
2024-06-28,0.0031540749133549236,0.000120683275
2024-07-01,0.008797379623297023,0.000120683275
2024-07-02,0.014887846147666325,0.000120683275
2024-07-03,0.012074885218264223,0.000120683275
2024-07-05,0.011784015141362323,0.000120683275
2024-07-08,0.008354757357195824,0.000120683275
2024-07-09,0.0048717820268039235,0.000120683275
2024-07-10,0.010680673434965024,0.000120683275
2024-07-11,0.010565341602510124,0.000120683275
2024-07-12,0.0013711545553820237,0.000120683275
2024-07-15,-0.0039043387226952763,0.000120683275
2024-07-16,-0.0016919273752150762,0.000120683275
2024-07-17,-0.005379079056035177,0.000120683275
2024-07-18,-0.008443273133289176,0.000120683275
2024-07-19,-0.0033785834533642763,0.000120683275
2024-07-22,0.004536210133327724,0.000120683275
2024-07-23,0.007170898951984024,0.000120683275
2024-07-24,0.008529799474770323,0.000120683275
2024-07-25,0.018065704142914824,0.000120683275
2024-07-26,0.020103787937305124,0.000120683275
2024-07-29,0.030727293372768825,0.000120683275
2024-07-30,0.030068037058614525,0.000120683275
2024-07-31,0.019031427308626624,0.000120683275
2024-08-01,0.008100374798602022,0.000120683275
2024-08-02,0.0008314115149277231,0.000120683275
2024-08-05,-0.010496952064979878,0.000120683275
2024-08-06,-0.00873095001407878,0.000120683275
2024-08-07,0.0046326812635884215,0.000120683275
2024-08-08,0.009585097111455321,0.000120683275
2024-08-09,0.006316273989029522,0.000120683275
2024-08-12,0.004232570466316022,0.000120683275
2024-08-13,0.002781494705765622,0.000120683275
2024-08-14,0.0023596038659285225,0.000120683275
2024-08-15,0.0030725051604733227,0.000120683275
2024-08-16,0.004737034865840822,0.000120683275
2024-08-19,0.007389917531825822,0.000120683275
2024-08-20,0.004823640031147022,0.000120683275
2024-08-21,0.0004097052710271218,0.000120683275
2024-08-22,-0.0021496715601874786,0.000120683275
2024-08-23,0.000718920437876022,0.000120683275
2024-08-26,-0.007389917531825678,0.000120683275
2024-08-27,0.0004086310788651215,0.000120683275
2024-08-28,0.006651715144420622,0.000120683275
2024-08-29,0.009508583126260621,0.000120683275
2024-08-30,0.012676307955919723,0.000120683275
2024-09-03,0.01759539919071592,0.000120683275
2024-09-04,0.01527991073972812,0.000120683275
2024-09-05,0.00873833738510212,0.000120683275
2024-09-06,0.0047736362186920215,0.000120683275
2024-09-09,0.005272941466285722,0.000120683275
2024-09-10,0.006476466475916021,0.000120683275
2024-09-11,0.0004041301835899214,0.000120683275
2024-09-12,-0.003242449485761578,0.000120683275
2024-09-13,-0.0024346954579031782,0.000120683275
2024-09-16,-0.004662707346820278,0.000120683275
2024-09-17,-0.007898901257805879,0.000120683275
2024-09-18,-0.004963589800788679,0.000120683275
2024-09-19,-0.004679634975191178,0.000120683275
2024-09-20,-0.004581358159914678,0.000120683275
2024-09-23,-0.00030498923367617854,0.000120683275
2024-09-24,-0.0024428741310792783,0.000120683275
2024-09-25,7.146383932782156e-05,0.000120683275
2024-09-26,0.0012864924365406216,0.000120683275
2024-09-27,-0.0031193370789192785,0.000120683275
2024-09-30,-0.01678803060358478,0.000120683275
2024-10-01,-0.01767460010862628,0.000120683275
2024-10-02,-0.02047509941557628,0.000120683275
2024-10-03,-0.02136887439580378,0.000120683275
2024-10-04,-0.01635337834387448,0.000120683275
2024-10-07,-0.006343427711156279,0.000120683275
2024-10-08,-0.004483624202146879,0.000120683275
2024-10-09,-0.00020789931249277915,0.000120683275
2024-10-10,0.005099774437475821,0.000120683275
2024-10-11,-7.979727989493313e-17,0.000120683275
2024-10-14,0.00083436143663652,0.000120683275
2024-10-15,-0.005133970486115179,0.000120683275
2024-10-16,-0.01118727498799838,0.000120683275
2024-10-17,-0.01506142433308248,0.000120683275
2024-10-18,-0.00764682694117848,0.000120683275
2024-10-21,-0.011004731310942581,0.000120683275
2024-10-22,-0.005582765413049581,0.000120683275
2024-10-23,-0.004214404552643981,0.000120683275
2024-10-24,-0.00337799570720008,0.000120683275
2024-10-25,-0.006117444050483079,0.000120683275
2024-10-28,-0.00984639688053998,0.000120683275
2024-10-29,-0.00220137798916498,0.000120683275
2024-10-30,-0.0020932115580832803,0.000120683275
2024-10-31,-0.01096214550742898,0.000120683275
2024-11-01,-0.0024223494247458816,0.000120683275
2024-11-04,0.0056421999113835195,0.000120683275
2024-11-05,-0.0024452511115185807,0.000120683275
2024-11-06,-0.00927652410554098,0.000120683275
2024-11-07,0.00042876963928131957,0.000120683275
2024-11-08,-0.007689177592791079,0.000120683275
2024-11-11,-0.009385654095967678,0.000120683275
2024-11-12,-0.0043742172225562795,0.000120683275
2024-11-13,0.00406253657837082,0.000120683275
2024-11-14,0.0032108174608902204,0.000120683275
2024-11-15,0.002783465407364321,0.000120683275
2024-11-18,0.0029958835843195207,0.000120683275
2024-11-19,0.01148082146330762,0.000120683275
2024-11-20,0.0072284785142355205,0.000120683275
2024-11-21,0.01274023635661322,0.000120683275
2024-11-22,0.01748576813155962,0.000120683275
2024-11-25,0.016760373053993426,0.000120683275
