date,signal_strategy,equal_weight
2021-01-05,1007725.6758814765,1007725.6758814765
2021-01-06,996050.5809741525,996050.5809741525
2021-01-07,1020765.0938196857,1020765.0938196857
2021-01-08,1028483.8246990547,1028483.8246990547
2021-01-11,1015778.5430019865,1015778.5430019865
2021-01-12,1015127.6453435131,1016500.0179840485
2021-01-13,1025842.7312536858,1023352.8988606847
2021-01-14,1022418.9844625129,1017556.754345059
2021-01-15,1014090.6747964099,1008334.4742562488
2021-01-19,1025984.3252276146,1021087.3208962374
2021-01-20,1040055.2707254173,1039892.4578400531
2021-01-21,1057524.3866255623,1054443.6343264002
2021-01-22,1057127.532023918,1049267.5178835646
2021-01-25,1068788.3906587746,1056409.215337022
2021-01-26,1071537.3632582775,1058765.7532762762
2021-01-27,1034887.0636964762,1034533.469724195
2021-01-28,1040860.4113434105,1035565.6361293872
2021-01-29,1024550.5464891666,1017071.4763966394
2021-02-01,1045172.0069996273,1038950.4382650374
2021-02-02,1056498.126966964,1052147.0198803083
2021-02-03,1055077.3979100313,1053307.5325141808
2021-02-04,1061121.7461955093,1058887.4952701975
2021-02-05,1062110.8457774871,1060842.398688081
2021-02-08,1080662.9781299508,1070956.2491031564
2021-02-09,1075943.5728843182,1068273.2128318176
2021-02-10,1075668.9459420235,1067997.2588212148
2021-02-11,1082945.3756866695,1073852.358167028
2021-02-12,1085271.906153334,1076981.725660992
2021-02-16,1086636.3116332614,1075367.9198903698
2021-02-17,1080821.7705931324,1071014.4079369039
2021-02-18,1073270.6636250257,1065453.6445865438
2021-02-19,1069475.7944120634,1062196.7099652176
2021-02-22,1051122.352858893,1037603.6810607794
2021-02-23,1051929.8037700532,1036699.4308696585
2021-02-24,1059144.556626419,1048101.7103913374
2021-02-25,1026635.4522069179,1011946.0196641851
2021-02-26,1031462.9751625814,1017779.8017110637
2021-03-01,1056945.8385415175,1041888.806939112
2021-03-02,1041274.8535918711,1026060.6110953367
2021-03-03,1018458.1185183414,1003431.4963297583
2021-03-04,1002046.4933633473,989860.4252805518
2021-03-05,1016385.7395372175,1000357.0808299467
2021-03-08,994753.4550622286,973573.1930733304
2021-03-09,1024552.8148896561,1013975.9594496326
2021-03-10,1022797.0974238701,1011207.5703429191
2021-03-11,1036235.5288263989,1032558.4505765854
2021-03-12,1027715.1294401387,1025172.1996321065
2021-03-15,1041156.9985060395,1034564.0817260073
2021-03-16,1046414.7627675894,1037918.1595175214
2021-03-17,1052557.6165398732,1044068.2178003107
2021-03-18,1012963.489609382,1015331.6289954447
2021-03-19,1020269.8335780944,1021147.2481313194
2021-03-22,1033835.944934231,1035260.5338254075
2021-03-23,1028710.0802133771,1028814.6468463064
2021-03-24,1013158.7483358614,1012934.8144277736
2021-03-25,1009407.0874802439,1011664.9152429228
2021-03-26,1020547.2947421687,1020574.8986989734
2021-03-29,1022720.908417426,1022051.9534267791
2021-03-30,1017741.6171935892,1018843.7657986383
2021-03-31,1029549.490191317,1033894.2190451402
2021-04-01,1039919.5041270669,1048902.0498352386
2021-04-05,1062291.7794499688,1068952.3784325216
2021-04-06,1058876.1510365854,1065782.0615082812
2021-04-07,1065659.13575002,1072153.096932659
2021-04-08,1076932.5627995883,1081144.4401216325
2021-04-09,1078083.25209195,1086885.5329618386
2021-04-12,1085972.6344476503,1084523.6124381055
2021-04-13,1108069.7307680796,1098903.435097717
2021-04-14,1091000.942733051,1084657.0065141274
2021-04-15,1110807.015200448,1103710.7997366828
2021-04-16,1106911.519614052,1102361.3786791633
2021-04-19,1096179.0089434804,1092247.0866923088
2021-04-20,1087696.7534367954,1084675.2243591025
2021-04-21,1100142.8994720476,1094870.202837063
2021-04-22,1082470.2941368439,1079632.6972982124
2021-04-23,1096273.9270118894,1090409.817575854
2021-04-26,1104320.9807169924,1097188.6203516617
2021-04-27,1100903.236085271,1090957.4328302103
2021-04-28,1100871.425022382,1089471.0379142072
2021-04-29,1109389.4563335641,1095291.7911524242
2021-04-30,1096804.946849193,1089060.4910657257
2021-05-03,1092324.521188892,1081293.0980732657
2021-05-04,1078540.0030661174,1067219.9092520536
2021-05-05,1077878.5654190881,1066059.05677811
2021-05-06,1085399.5958075374,1072657.9144010143
2021-05-07,1090412.983965911,1079534.6486143144
2021-05-10,1069168.4291487199,1053948.4629255687
2021-05-11,1065452.2413750405,1050007.5423897426
2021-05-12,1044497.0078975442,1026903.8965356289
2021-05-13,1050359.1788902793,1029838.1747842822
2021-05-14,1067192.6869025899,1050176.6964076045
2021-05-17,1065335.0140160387,1047134.0131452624
2021-05-18,1057371.287929106,1040395.3253460828
2021-05-19,1060225.7725615068,1041289.8620483349
2021-05-20,1076133.0550238423,1057809.9082717376
2021-05-21,1069702.6944101427,1054774.4353681288
2021-05-24,1093979.8011941386,1071982.1890829208
2021-05-25,1095889.1892145898,1073659.2403673644
2021-05-26,1102119.2181145651,1076942.6727667255
2021-05-27,1103607.2977436634,1076481.7491502701
2021-05-28,1106388.6260510967,1079122.4979790272
2021-06-01,1107292.1369213273,1079460.0812042083
2021-06-02,1114314.6770554231,1082462.1498989908
2021-06-03,1105982.0587917354,1070914.7105989903
2021-06-04,1122958.9846619403,1087969.3043289285
2021-06-07,1121688.4840287936,1090978.647096054
2021-06-08,1121751.3614152737,1090762.4237877915
2021-06-09,1119821.764698418,1089389.075338299
2021-06-10,1130371.0246403,1097951.5958518381
2021-06-11,1134264.7347779998,1100821.2930111247
2021-06-14,1142813.0670581318,1108866.0324057722
2021-06-15,1134016.6431696035,1102420.6020616547
2021-06-16,1132844.7596258323,1099232.9260153538
2021-06-17,1157058.891452554,1114165.6362567958
2021-06-18,1151321.3676897942,1106563.646861318
2021-06-21,1147138.4735970416,1109171.233058331
2021-06-22,1158150.0541689019,1118190.1462350704
2021-06-23,1170260.021960907,1121395.7047283198
2021-06-24,1184054.0899451282,1129469.8503091088
2021-06-25,1177936.6438450308,1125453.633481917
2021-06-28,1196644.9241724866,1141364.586857556
2021-06-29,1203015.1253687758,1143041.9538672855
2021-06-30,1211721.9162661117,1144268.8280390997
2021-07-01,1215173.8437490747,1146824.8238787327
2021-07-02,1229435.2663749151,1159015.1316907175
2021-07-06,1226287.8245444128,1161478.850521361
2021-07-07,1227103.7626419568,1158349.1841052247
2021-07-08,1219362.6451224268,1151415.894317841
2021-07-09,1226721.2147012223,1158891.2538794293
2021-07-12,1232291.4458596513,1166828.092791304
2021-07-13,1228423.5505939354,1163229.29359512
2021-07-14,1229082.761002512,1161214.9565073103
2021-07-15,1220034.3967218008,1150125.304123675
2021-07-16,1210207.6024347867,1139015.5932641386
2021-07-19,1200714.6913833735,1133068.6387210023
2021-07-20,1208186.0350031436,1143290.0027187492
2021-07-21,1223397.206092517,1153705.7200067104
2021-07-22,1233990.3180508802,1160631.9892456168
2021-07-23,1247119.335735212,1167900.7743169458
2021-07-26,1249246.586259323,1172556.9082601548
2021-07-27,1233718.7929013963,1161452.55138747
2021-07-28,1254188.6707223326,1172008.112747306
2021-07-29,1275174.3003613001,1178653.494700205
2021-07-30,1279983.0790369578,1173244.9666683695
2021-08-02,1292372.9243088288,1177937.2834747015
2021-08-03,1300755.2671440442,1186125.008256074
2021-08-04,1315539.335502537,1192317.685486262
2021-08-05,1314826.7682304133,1194605.5262836544
2021-08-06,1304125.345750955,1187912.4734492037
2021-08-09,1301831.550430834,1187222.7528647177
2021-08-10,1289731.3455013272,1182512.7552727384
2021-08-11,1289432.79955627,1182372.838400285
2021-08-12,1297899.8395467028,1187387.788579312
2021-08-13,1302793.567632232,1193567.068679291
2021-08-16,1298307.4384333638,1189699.3773674555
2021-08-17,1280819.835832113,1177127.7351791263
2021-08-18,1268947.3881360118,1167477.6998786824
2021-08-19,1276231.8143159945,1170830.063106521
2021-08-20,1291363.967278926,1182584.635058724
2021-08-23,1310774.353961694,1202614.1540178163
2021-08-24,1306405.9764256268,1204314.4682257287
2021-08-25,1312009.5757100852,1206810.6737749504
2021-08-26,1303081.7068140055,1199875.0495865373
2021-08-27,1325552.850908658,1214902.8719163453
2021-08-30,1339222.787646661,1226095.7926439573
2021-08-31,1333840.503482608,1224738.219790496
2021-09-01,1335871.6217794784,1226068.896052492
2021-09-02,1333176.211303218,1223501.9896107607
2021-09-03,1337668.3315573041,1227027.0697952162
2021-09-07,1345506.9227174786,1230861.2513237332
2021-09-08,1336578.4684685227,1224951.0482948136
2021-09-09,1333043.421092258,1221423.1308482515
2021-09-10,1324758.9478515564,1213825.2533191184
2021-09-13,1329570.5578800112,1216657.821107511
2021-09-14,1328409.5100688478,1216376.414968697
2021-09-15,1334081.1950330418,1223241.293148223
2021-09-16,1333140.3174441105,1222193.1172423996
2021-09-17,1319781.3923506509,1208452.3534480457
2021-09-20,1297411.0517226255,1185488.5168587414
2021-09-21,1301427.684654224,1189383.9335774786
2021-09-22,1304464.9861830454,1198369.3655398823
2021-09-23,1315957.3890973236,1207382.5831252052
2021-09-24,1321674.5811582685,1209679.102669855
2021-09-27,1326162.524742435,1207930.9018688984
2021-09-28,1287600.1589311128,1177812.7879552937
2021-09-29,1278441.5866125026,1175109.435280839
2021-09-30,1274208.2131775967,1173287.7179467205
2021-10-01,1283490.3758980762,1181078.3725251697
2021-10-04,1263768.9998742333,1160482.484914648
2021-10-05,1276297.636848264,1173508.0629390317
2021-10-06,1276876.4728792473,1180121.222187036
2021-10-07,1291197.6658384502,1188833.110120996
2021-10-08,1284403.6605468334,1184540.6697876973
2021-10-11,1279204.8652251821,1179150.4337362836
2021-10-12,1277016.6887442304,1176053.525766927
2021-10-13,1288585.246402442,1185162.2409529774
2021-10-14,1312876.3318112553,1204343.037097784
2021-10-15,1325714.1673409608,1212230.4910307166
2021-10-18,1350283.292257962,1225933.7712401839
2021-10-19,1353892.100537869,1230997.4967285835
2021-10-20,1348820.6398845043,1229942.6986688718
2021-10-21,1366783.970305099,1239532.9243385948
2021-10-22,1361145.3031209172,1221577.0771930304
2021-10-25,1398472.0572698594,1236751.009050302
2021-10-26,1408740.5237006913,1241028.332326204
2021-10-27,1411696.7384754927,1247293.2981094087
2021-10-28,1431925.0723790457,1258962.677145426
2021-10-29,1450282.8092767796,1266399.6611584132
2021-11-01,1479941.6841789873,1276712.5844501255
2021-11-02,1482138.9062118856,1281206.7544250414
2021-11-03,1498598.908415541,1294269.5391531843
2021-11-04,1540926.991122118,1317818.521975661
2021-11-05,1545095.7922433335,1321774.7778402693
2021-11-08,1571607.0610865084,1328571.7202133406
2021-11-09,1566061.6058935518,1316800.4234584183
2021-11-10,1526193.6355199716,1297642.9692845216
2021-11-11,1533746.558212998,1303693.9801864997
2021-11-12,1549389.5939062177,1313139.6470164391
2021-11-15,1549118.516871722,1310910.772912217
2021-11-16,1555928.1653960685,1319640.8430480072
2021-11-17,1547408.907692606,1319660.9906008805
2021-11-18,1578188.1694805322,1337221.4507612635
2021-11-19,1598820.6738052985,1346622.2142021125
2021-11-22,1587337.7212749214,1335626.9839035782
2021-11-23,1569278.8366982017,1326199.915075304
2021-11-24,1584255.4217867476,1336934.3235915762
2021-11-26,1552617.475936784,1310641.0310896207
2021-11-29,1589854.2399844273,1338759.9792141337
2021-11-30,1575950.4190413055,1324480.2549744288
2021-12-01,1546076.976458612,1301946.5737767606
2021-12-02,1551711.2734498025,1309310.8707415478
2021-12-03,1534366.9938363123,1287838.7983563242
2021-12-06,1550489.6095964757,1295489.7911409556
2021-12-07,1588271.6478243829,1330246.9157050606
2021-12-08,1592678.4947579582,1334125.4575845185
2021-12-09,1574513.6528748183,1313291.339007614
2021-12-10,1584104.7366082394,1320466.2244903592
2021-12-13,1568264.0388837836,1299638.4764323924
2021-12-14,1558246.605507475,1292767.0848001314
2021-12-15,1588554.1578295438,1323915.3986098464
2021-12-16,1556644.3484029216,1294913.3348843236
2021-12-17,1547048.0653636632,1288251.5725623313
2021-12-20,1531329.704675179,1274446.484611672
2021-12-21,1569603.8407148886,1302681.1659248283
2021-12-22,1582386.5764922877,1317349.0495061418
2021-12-23,1589348.8626450733,1329190.7675044145
2021-12-27,1626268.544170991,1351795.3640751604
2021-12-28,1617763.1906947438,1346946.1705215927
2021-12-29,1609095.9047338546,1341116.4660847613
2021-12-30,1596859.834528332,1334583.5616672724
2021-12-31,1575805.7872750224,1325763.15897865
2022-01-03,1594359.0115697829,1352161.179547884
2022-01-04,1582600.2526761824,1336221.9521783888
2022-01-05,1551114.6741838248,1301329.079726738
2022-01-06,1550400.0280281366,1300241.2967191995
2022-01-07,1537100.2642716318,1288289.229919271
2022-01-10,1545670.1248368418,1292995.0969168325
2022-01-11,1565035.3186130703,1309024.9601357016
2022-01-12,1574139.3166188383,1316283.8643448649
2022-01-13,1535837.6478052193,1286496.7906292125
2022-01-14,1545554.9018097091,1297281.7527271134
2022-01-18,1516644.0957864912,1270538.081170516
2022-01-19,1504225.2112346264,1255932.1657057751
2022-01-20,1487094.8717236076,1238149.3573499317
2022-01-21,1460270.816829987,1211710.4873136177
2022-01-24,1461670.892152048,1211102.3695296887
2022-01-25,1436848.733955236,1187322.8045137962
2022-01-26,1440624.6663623354,1191428.6725000343
2022-01-27,1425999.3545213921,1167288.108236299
2022-01-28,1455767.0839415083,1193111.133399634
2022-01-31,1480442.2781491033,1231215.9755425672
2022-02-01,1493716.4966644666,1238527.8533353072
2022-02-02,1523121.101140609,1254617.3449382065
2022-02-03,1440692.6681995334,1201259.4181235812
2022-02-04,1471032.641602644,1220369.0987491393
2022-02-07,1456897.9244392496,1211828.9352745493
2022-02-08,1476964.6475002442,1222713.3415765923
2022-02-09,1509370.9333625655,1246327.5792007293
2022-02-10,1472173.334170285,1220076.0134644974
2022-02-11,1413876.1522327876,1182997.4244041177
2022-02-14,1415516.2775593563,1185938.4577204033
2022-02-15,1443207.4642984357,1214239.3554710986
2022-02-16,1443464.1869199232,1212150.1250696203
2022-02-17,1409341.7747946342,1179623.0295307883
2022-02-18,1393464.528670709,1166197.0224110137
2022-02-22,1377396.922039901,1155525.730306431
2022-02-23,1347838.1515144343,1128872.0040543457
2022-02-24,1390585.462039855,1163592.2085269717
2022-02-25,1412771.5353026432,1180762.2950490408
2022-02-28,1418645.3546197682,1189305.0885899374
2022-03-01,1385528.2392619587,1168032.0426768942
2022-03-02,1405712.356801141,1186616.3108338874
2022-03-03,1384780.0883211552,1166814.5550481766
2022-03-04,1370221.598650092,1151684.5054040502
2022-03-07,1329359.67925103,1113190.3377763429
2022-03-08,1328085.6080218952,1115238.426458859
2022-03-09,1365926.3276033737,1150271.2468049775
2022-03-10,1358089.651815821,1138849.858270865
2022-03-11,1337469.1743422025,1117878.9540973797
2022-03-14,1317010.9406080865,1098208.048386241
2022-03-15,1342947.6148716132,1129950.9405065398
2022-03-16,1399998.9570345941,1167853.6148546124
2022-03-17,1414066.916644831,1177703.082664144
2022-03-18,1453134.4162333128,1201205.7335024117
2022-03-21,1459592.2338296801,1200977.6879008766
2022-03-22,1488494.6587643018,1219647.9827211273
2022-03-23,1479476.296813095,1210158.851392638
2022-03-24,1522470.047131194,1240455.932488169
2022-03-25,1521193.659473034,1239175.5786334954
2022-03-28,1553148.504086471,1254543.0372375518
2022-03-29,1569624.7044966489,1271484.1881556374
2022-03-30,1557366.48117387,1258826.8222291195
2022-03-31,1533040.3776773214,1234105.8812056836
2022-04-01,1533377.565621782,1231943.267893978
2022-04-04,1565722.791629311,1256243.572071384
2022-04-05,1531879.7565163686,1230193.5855737189
2022-04-06,1500420.2259215813,1201481.5805568057
2022-04-07,1500737.711699725,1201866.882240039
2022-04-08,1484183.9388086319,1185073.334008051
2022-04-11,1453688.8970659967,1157015.0597609435
2022-04-12,1448301.5244458823,1152653.8154228516
2022-04-13,1469990.194397369,1171592.6125539818
2022-04-14,1440735.576417608,1145064.8901112275
2022-04-18,1447356.72863123,1151469.2196727467
2022-04-19,1469467.865787427,1170956.283721191
2022-04-20,1450720.9590011318,1153642.539735966
2022-04-21,1431083.9551643268,1131182.4946035137
2022-04-22,1405619.8530980507,1109104.7713471877
2022-04-25,1418849.6805485166,1121617.3389758843
2022-04-26,1369749.4861373173,1080176.011026096
2022-04-27,1366294.897898362,1075862.723810927
2022-04-28,1419487.3811094353,1116584.2440562341
2022-04-29,1372884.362928037,1073509.0152088553
2022-05-02,1398793.1181999522,1094166.503319947
2022-05-03,1403368.104664784,1098207.8653321655
2022-05-04,1446351.2478107742,1133846.5656500391
2022-05-05,1387488.0664248823,1082289.8584658764
2022-05-06,1379670.4517385813,1075456.2878450921
2022-05-09,1331617.389173501,1032656.2790853824
2022-05-10,1347449.335020343,1046027.4141107639
2022-05-11,1316393.6081097198,1018573.143663687
2022-05-12,1311987.871561224,1013588.5381279918
2022-05-13,1360117.0859096122,1049110.0532069993
2022-05-16,1350018.3752128033,1038425.964434629
2022-05-17,1387880.7408129277,1065869.1460609215
2022-05-18,1328336.772274594,1021734.1945620398
2022-05-19,1326399.1545445991,1019704.0168695238
2022-05-20,1319766.1547099669,1011403.3399913679
2022-05-23,1338291.1551478351,1025803.8453958508
2022-05-24,1311541.273144414,1001236.2543761843
2022-05-25,1323397.8790107123,1015893.080313655
2022-05-26,1377719.950237094,1045151.2153517852
2022-05-27,1431449.1332290706,1075244.9744096561
2022-05-31,1431921.1721205933,1074488.0334157331
2022-06-01,1418779.288484519,1067156.8439757568
2022-06-02,1468111.403774521,1097163.2090768593
2022-06-03,1430658.4211247917,1067639.8968342715
2022-06-06,1438833.0764398456,1072362.8078129932
2022-06-07,1443714.6711874795,1077048.4636721362
2022-06-08,1429980.5334050497,1066046.6279838707
2022-06-09,1389437.876874721,1040169.686768338
2022-06-10,1347626.539761645,1006595.2424059456
2022-06-13,1293780.4442848936,961031.4288227824
2022-06-14,1295019.6346163168,962992.731798245
2022-06-15,1326291.1433650742,988709.8609599783
2022-06-16,1281833.2619959493,952521.3256038273
2022-06-17,1294250.2932672251,959401.6660011593
2022-06-21,1336963.3498472886,980196.7282997674
2022-06-22,1333341.5055980938,977869.5347365488
2022-06-23,1342404.6353863743,985071.7855209229
2022-06-24,1385291.683559666,1018296.4133637658
2022-06-27,1375095.321435737,1010434.3246016703
2022-06-28,1336737.2288864637,979974.5305348448
2022-06-29,1339901.6944766464,977978.8654893546
2022-06-30,1325064.1133825085,966621.5849976031
2022-07-01,1325474.9759290095,966221.6565042633
2022-07-05,1355723.3440426134,982115.9660508134
2022-07-06,1362500.189267895,986340.5819636491
2022-07-07,1399462.280833742,1009311.4892992123
2022-07-08,1403125.2296445107,1009944.6157230078
2022-07-11,1354528.9319226358,986824.2729668858
2022-07-12,1347393.889897515,980337.8847052883
2022-07-13,1349062.9135276484,981354.8680507375
2022-07-14,1352564.7869248802,982145.7040193547
2022-07-15,1373777.8465604896,999238.864396614
2022-07-18,1361715.0814625132,997034.678843447
2022-07-19,1411288.5823176207,1026610.8143409665
2022-07-20,1443375.6181467047,1042336.4135076056
2022-07-21,1478463.75539682,1058597.0386470242
2022-07-22,1441893.8145945158,1037417.6770332115
2022-07-25,1423584.1963367653,1031753.3841872078
2022-07-26,1395653.2613135038,1010854.0751610411
2022-07-27,1452657.356152611,1052928.6734509268
2022-07-28,1467565.807954147,1059285.6556222052
2022-07-29,1496841.2177942034,1075051.034829121
2022-08-01,1494933.0328953005,1078073.5705923594
2022-08-02,1496432.5557912055,1074209.3827408582
2022-08-03,1526380.321887094,1095084.753513782
2022-08-04,1546418.633252686,1103792.6523443575
2022-08-05,1520669.5075333277,1090543.235923385
2022-08-08,1501387.4015583403,1084936.4921867258
2022-08-09,1489105.954625139,1071579.052751862
2022-08-10,1528542.3755937354,1101355.9605501594
2022-08-11,1521136.2179068008,1094419.7424736063
2022-08-12,1546033.3097766205,1115503.634396842
2022-08-15,1545147.2064229604,1121337.0546864965
2022-08-16,1539842.4383423312,1118434.6986706618
2022-08-17,1522304.8353938074,1105974.6691182007
2022-08-18,1530241.592501306,1110336.7559118578
2022-08-19,1493628.955810671,1086424.9081684463
2022-08-22,1447266.3772271995,1059821.4439542748
2022-08-23,1447646.179087996,1060440.068925881
2022-08-24,1449436.8506659598,1062042.39863471
2022-08-25,1471669.0098632355,1082269.590658596
2022-08-26,1424960.4930635917,1041650.0420407461
2022-08-29,1410875.0661246518,1030118.5485719468
2022-08-30,1397104.6554562533,1018415.4832216095
2022-08-31,1390182.2234446106,1011823.3245086503
2022-09-01,1385740.0281701265,1006218.41516852
2022-09-02,1370518.6101202404,993145.5998436838
2022-09-06,1353398.4684680947,985039.5613437322
2022-09-07,1379510.621307962,1000339.3870169441
2022-09-08,1393885.3287867298,1006435.0000835278
2022-09-09,1429801.139225366,1027889.2742890591
2022-09-12,1442807.9217064697,1036539.1227952709
2022-09-13,1354105.2147896863,981596.70889084
2022-09-14,1362537.080207624,986448.2710915429
2022-09-15,1347824.9122370554,974889.0710828173
2022-09-16,1343904.8695757156,972130.0955639255
2022-09-19,1354051.2562075674,979309.2969986439
2022-09-20,1340516.5757303638,969520.6436807779
2022-09-21,1323235.5304139566,956351.4977709426
2022-09-22,1311872.1306243835,942759.7053220076
2022-09-23,1292113.569823193,926640.41267903
2022-09-26,1280642.852621995,917705.5523637187
2022-09-27,1277208.562075324,918154.0544474787
2022-09-28,1302193.690043841,936051.0239777698
2022-09-29,1269708.3980552377,909376.4808237257
2022-09-30,1254727.9025622709,898176.9875935647
2022-10-03,1275481.420776676,914445.1666819147
2022-10-04,1307163.6302205836,939369.3145887686
2022-10-05,1303914.5480355998,935047.2768239586
2022-10-06,1295646.670985466,928800.9193007555
2022-10-07,1238202.111684614,889316.6415829274
2022-10-10,1225279.2687110663,881085.9644698318
2022-10-11,1211664.3773903865,871858.5074512445
2022-10-12,1212480.8590915075,872343.8973672045
2022-10-13,1235970.243075433,889589.837666285
2022-10-14,1206662.672158735,863353.6239529256
2022-10-17,1241289.4782190148,892535.6909445481
2022-10-18,1240216.4220210682,896116.9743061163
2022-10-19,1237167.3755681203,892447.975446337
2022-10-20,1229221.9796036195,887516.6268987245
2022-10-21,1255395.147756213,903767.8158503775
2022-10-24,1261394.668499565,908343.0628027599
2022-10-25,1297023.1947632597,930187.1694076088
2022-10-26,1271391.2776439725,908460.634143041
2022-10-27,1253700.1946320927,883455.4955735139
2022-10-28,1300322.2203073318,907101.6717818471
2022-10-31,1279360.5973915446,891989.7665336635
2022-11-01,1267744.542710507,884975.9899202193
2022-11-02,1236165.0193166835,860101.9836552166
2022-11-03,1224282.6059609335,850536.490510503
2022-11-04,1252131.4770142154,866472.9894375139
2022-11-07,1264965.3134840322,873256.3685883377
2022-11-08,1269575.040752184,875628.2149632407
2022-11-09,1239698.8451970676,855198.5886332057
2022-11-10,1346047.0041619968,920830.9477470651
2022-11-11,1377403.525688947,939793.2095716241
2022-11-14,1370912.2532825428,933320.3361589711
2022-11-15,1389828.9993224733,946306.724509551
2022-11-16,1370308.3067742235,931021.3123936239
2022-11-17,1368259.5918354094,927682.4580013719
2022-11-18,1366068.29244766,925025.2118075137
2022-11-21,1350184.6194526546,911622.1300854897
2022-11-22,1368450.8029451931,926673.6665676977
2022-11-23,1392375.7010782626,939339.4344656661
2022-11-25,1384409.8625997014,933473.0786435854
2022-11-28,1365880.002914948,920472.7885729067
2022-11-29,1358751.9279685612,916380.7092103285
2022-11-30,1417767.9669517297,957363.9970336572
2022-12-01,1423079.0324570832,959712.8854340212
2022-12-02,1419759.4862258392,955764.5762564599
2022-12-05,1397831.9640639308,939746.8201310599
2022-12-06,1363982.9688723946,919527.5465303799
2022-12-07,1354119.2961572332,915615.6187022238
2022-12-08,1370753.2778203574,923919.033048112
2022-12-09,1362760.9265184854,920115.8792380805
2022-12-12,1378682.031587235,926496.6403162911
2022-12-13,1398556.7999057255,937291.671402226
2022-12-14,1385211.1262721154,928700.9199426274
2022-12-15,1349284.935683522,904148.4898906084
2022-12-16,1340668.0751067633,895111.7280826697
2022-12-19,1322045.6611177048,882862.5810231459
2022-12-20,1321844.943311371,879072.7242173755
2022-12-21,1337186.9764914233,891461.4140893948
2022-12-22,1307664.2379578615,866117.1375143983
2022-12-23,1313167.4687919028,868413.5505011714
2022-12-27,1295311.4576754388,849683.821121369
2022-12-28,1280884.2575131382,842135.3036465436
2022-12-29,1306349.590139948,865324.1782762294
2022-12-30,1307842.6792550846,865103.2157763479
2023-01-03,1288505.9612317553,859019.1291514653
2023-01-04,1309440.5148858132,867037.7308342146
2023-01-05,1286533.1101033657,853680.2168475732
2023-01-06,1316615.1070540175,874151.0545185668
2023-01-09,1351174.1462730593,887631.6695919556
2023-01-10,1363531.8115879393,894149.0047774984
2023-01-11,1391721.5878867481,909982.6608854998
2023-01-12,1409566.3164090023,919148.8560904129
2023-01-13,1413999.5630762721,923910.2465549364
2023-01-17,1429288.173305353,928927.1316239637
2023-01-18,1415053.8633268361,919794.4269098341
2023-01-19,1404428.264408053,912607.8997273091
2023-01-20,1446357.2189440685,936738.6129970759
2023-01-23,1486582.3901470092,961626.920230449
2023-01-24,1479663.5083375706,958106.3809564331
2023-01-25,1477782.737463403,956160.8405111252
2023-01-26,1526857.0529586892,976133.7722763799
2023-01-27,1566337.119246732,987668.4900036281
2023-01-30,1514157.17694815,965904.4597466231
2023-01-31,1548393.7511583557,981615.6544619657
2023-02-01,1618433.9558396484,1009380.7188118371
2023-02-02,1708291.6993745454,1054766.90514106
2023-02-03,1680806.9837642913,1039199.7543068677
2023-02-06,1663406.2552752325,1029395.8071182389
2023-02-07,1694832.8855523411,1048690.0697496745
2023-02-08,1680241.9749185892,1033744.478525743
2023-02-09,1674257.561592781,1024336.6215897123
2023-02-10,1648497.3115955808,1012773.5648190423
2023-02-13,1662294.192295102,1026540.0520539253
2023-02-14,1675734.887149329,1038342.2755030459
2023-02-15,1683008.010971434,1041579.2668207765
2023-02-16,1650559.0216355668,1018716.0243712885
2023-02-17,1639264.3972278063,1013273.5352552448
2023-02-21,1595007.2643690724,989476.3272028972
2023-02-22,1595252.184654619,989754.1913740559
2023-02-23,1618711.930674018,1005567.7138938681
2023-02-24,1596841.7726090574,990159.613773281
2023-02-27,1607698.3623874625,997648.3299913333
2023-02-28,1601541.255931678,997482.3714238093
2023-03-01,1590868.8163792568,991121.139834321
2023-03-02,1607481.6133263004,997319.0200403879
2023-03-03,1645744.4728247072,1018121.3615924944
2023-03-06,1642334.155911104,1016085.2231058716
2023-03-07,1623653.3959928101,1006429.4210304711
2023-03-08,1636921.8926471875,1012450.7797765197
2023-03-09,1621644.8788304438,999138.5136758045
2023-03-10,1612890.3918478612,992505.2491739572
2023-03-13,1617512.5202463788,996518.9981627939
2023-03-14,1653885.5739903755,1024827.0142174766
2023-03-15,1669075.6871341944,1030799.5542740673
2023-03-16,1735298.9217839406,1061774.5268287046
2023-03-17,1727091.7704867665,1056581.1089433557
2023-03-20,1726425.701145702,1056470.9167850323
2023-03-21,1749104.5128464266,1071068.0756147893
2023-03-22,1736777.3731679735,1064185.9748544884
2023-03-23,1760231.0157893403,1076976.2091389191
2023-03-24,1757250.3404999378,1076194.4085439611
2023-03-27,1743401.454577255,1068738.6936503584
2023-03-28,1727069.3242009017,1062708.4187211816
2023-03-29,1767512.3904400503,1083344.1446667728
2023-03-30,1786400.3170786647,1093493.0527330295
2023-03-31,1824082.9061949712,1110928.8029157638
2023-04-03,1809016.9092084563,1107814.1002752231
2023-04-04,1799770.5417256781,1106878.5447736294
2023-04-05,1781218.2669345525,1093113.5696603612
2023-04-06,1798394.8612047946,1102015.261418169
2023-04-10,1794687.9510603184,1100758.2725103076
2023-04-11,1782371.6198909143,1094109.6718572024
2023-04-12,1769204.5513049245,1085416.1233962288
2023-04-13,1801302.645412756,1102680.8300138172
2023-04-14,1799605.6437264455,1101558.195352178
2023-04-17,1798105.6976369633,1099685.2907063037
2023-04-18,1796504.7066149893,1099055.2202769683
2023-04-19,1789601.5153610432,1097126.3149186105
2023-04-20,1779369.7112128842,1085267.6447429163
2023-04-21,1781396.5113147672,1085530.2936697942
2023-04-24,1777176.1592290138,1081626.104445776
2023-04-25,1746150.5348392536,1062740.1401814483
2023-04-26,1758896.4361812256,1070720.2536490562
2023-04-27,1815860.0565896956,1101927.428004442
2023-04-28,1835451.7855195196,1110355.6150379826
2023-05-01,1838964.9154111347,1107259.6773980507
2023-05-02,1823084.4843186815,1100487.0788880975
2023-05-03,1801219.6358352771,1093304.7881771093
2023-05-04,1816485.4999971148,1096165.8724869122
2023-05-05,1858567.7192942512,1115514.8357479207
2023-05-08,1878536.6396646642,1122154.7738493308
2023-05-09,1866867.9530399234,1115677.9460281492
2023-05-10,1882742.7077415702,1126967.3138168666
2023-05-11,1893717.211972005,1130187.4978589565
2023-05-12,1881416.835870562,1123361.7990060148
2023-05-15,1894740.1808968855,1130716.4642079351
2023-05-16,1909917.862542809,1135223.5642213742
2023-05-17,1924877.0544967593,1148404.5578734237
2023-05-18,1970368.473929026,1166973.304339185
2023-05-19,1964926.5765300193,1164807.0846854134
2023-05-22,1991507.6786925762,1173118.3552205414
2023-05-23,1969994.0600405186,1160716.988605117
2023-05-24,1959085.0255613152,1155776.1767102012
2023-05-25,2069403.2098591314,1186554.571615985
2023-05-26,2136339.788996378,1215749.213901675
2023-05-30,2157197.994652597,1224780.9311852318
2023-05-31,2123509.8254112224,1217640.3860015015
2023-06-01,2155768.3179528667,1233753.6109987437
2023-06-02,2176426.1816279115,1240123.3906290485
2023-06-05,2175324.5972104073,1237476.572275323
2023-06-06,2195386.0746750385,1247196.108812372
2023-06-07,2166844.6311575123,1226793.4313803802
2023-06-08,2198676.8296766346,1243775.8819192636
2023-06-09,2218026.6309485747,1249362.782850097
2023-06-12,2260878.532562482,1270358.6221996008
2023-06-13,2285609.655238453,1277974.4822798367
2023-06-14,2311853.3445327748,1290201.8594464944
2023-06-15,2316644.5058073825,1299661.9316603579
2023-06-16,2311350.9245938146,1293744.8569984122
2023-06-20,2319954.49636522,1294750.1889265764
2023-06-21,2283846.8905906086,1271883.6475069018
2023-06-22,2303072.8554400965,1281441.2120734751
2023-06-23,2283199.9672678774,1273581.7761014188
2023-06-26,2252245.678598993,1253722.5642737832
2023-06-27,2285290.6434694827,1273252.2140407295
2023-06-28,2289518.0283516697,1274955.6921591277
2023-06-29,2279774.5061375746,1270208.0024563859
2023-06-30,2305455.4748118017,1289082.762837235
2023-07-03,2326217.4398728567,1295309.5712648737
2023-07-05,2327960.439739801,1293415.5056563257
2023-07-06,2309942.71491251,1283067.9792222695
2023-07-07,2305516.406151586,1281350.4964216508
2023-07-10,2286560.662302016,1278118.2050095054
2023-07-11,2299197.6057678307,1283519.541196556
2023-07-12,2348109.0943122897,1304219.3230567833
2023-07-13,2396774.4318261733,1325125.2208452015
2023-07-14,2385634.7197883786,1322078.9999516434
2023-07-17,2398801.1916189096,1334091.4884891417
2023-07-18,2417939.218406722,1342044.2017551698
2023-07-19,2415474.594808815,1341032.0831803724
2023-07-20,2354882.2230832065,1305208.2730497986
2023-07-21,2346271.894731214,1301331.2337440613
2023-07-24,2347883.606031635,1303861.932080436
2023-07-25,2365143.091522537,1311954.961580502
2023-07-26,2374689.002152586,1312958.8450230532
2023-07-27,2379274.1958540715,1311261.676405816
2023-07-28,2432462.3090975834,1339563.9541863333
2023-07-31,2420007.959069015,1337835.314781327
2023-08-01,2417816.8033855814,1334111.5393615153
2023-08-02,2353345.8848576657,1301799.0138353375
2023-08-03,2367530.1576478602,1306130.445128129
2023-08-04,2382193.7525540055,1310969.4930241453
2023-08-07,2391966.878761725,1319492.0657665841
2023-08-08,2375195.9993170723,1309990.2710884295
2023-08-09,2347856.7355257967,1291430.3505881778
2023-08-10,2351472.3205401003,1293649.5218467552
2023-08-11,2339346.4544866136,1284451.0358873229
2023-08-14,2363142.091817437,1301280.2514350647
2023-08-15,2342358.4301988203,1287478.4495227041
2023-08-16,2317100.8145013247,1269649.4347846457
2023-08-17,2297350.777395914,1255124.9965985038
2023-08-18,2293869.0823597126,1252643.1152467215
2023-08-21,2322494.4049824,1276236.5259624405
2023-08-22,2310612.331541672,1271863.3743890766
2023-08-23,2355863.443660309,1294525.007705491
2023-08-24,2310914.7925383314,1267244.8000092548
2023-08-25,2320894.060469764,1275051.2592528674
2023-08-28,2332685.920553917,1283557.1908858453
2023-08-29,2406521.6081514754,1312371.0126710332
2023-08-30,2415948.9467140436,1316911.167195211
2023-08-31,2424787.094673268,1320440.1207687915
2023-09-01,2415543.4753241413,1321798.2129921755
2023-09-05,2430259.5775985904,1327258.8469650827
2023-09-06,2413463.364515702,1314710.7734088583
2023-09-07,2414276.239166597,1311824.7771743059
2023-09-08,2415576.427797822,1311041.030582455
2023-09-11,2449237.131321719,1330120.735926198
2023-09-12,2426333.03391447,1319315.0005317836
2023-09-13,2443328.012304475,1328185.5615542182
2023-09-14,2461880.278207658,1335757.882308232
2023-09-15,2427099.4793163156,1313468.0212374078
2023-09-18,2420127.477759688,1313781.8431441751
2023-09-19,2403687.069253965,1307551.3470038949
2023-09-20,2369482.0993730174,1286693.6828037326
2023-09-21,2335625.278597018,1264511.643362589
2023-09-22,2336505.8433893602,1261927.6267585922
2023-09-25,2344494.952783158,1268059.647608798
2023-09-26,2305586.953835563,1251112.9877713337
2023-09-27,2321546.017225723,1254722.9571118003
2023-09-28,2360804.093329233,1269128.476444543
2023-09-29,2366532.7224155157,1271325.938568028
2023-10-02,2387550.5499165505,1281143.7861111641
2023-10-03,2339586.7820192315,1260891.7284604104
2023-10-04,2385746.940836219,1280413.617871543
2023-10-05,2386735.1525395485,1280717.6523552237
2023-10-06,2431074.8087966624,1299535.1787690355
2023-10-09,2435318.278260689,1303370.0733880491
2023-10-10,2445210.9356630263,1311062.4546066697
2023-10-11,2467465.4716807124,1321680.2822888372
2023-10-12,2459750.3758511394,1316473.302133483
2023-10-13,2424485.3868484073,1297090.8938110203
2023-10-16,2448915.334650943,1309741.965869943
2023-10-17,2428154.7036866937,1301737.6511784527
2023-10-18,2396304.646692972,1279737.679687458
2023-10-19,2385049.0567353773,1267939.5168287966
2023-10-20,2360235.3974935217,1251758.528457424
2023-10-23,2365555.699987312,1255535.345608052
2023-10-24,2379959.6739312746,1267227.0347858726
2023-10-25,2328477.3199291364,1233137.755412691
2023-10-26,2292306.796261604,1211093.9085611822
2023-10-27,2328117.6887348117,1230659.3356055834
2023-10-30,2350756.86106912,1240153.0775159807
2023-10-31,2347968.378709406,1246004.3071068644
2023-11-01,2430889.822643909,1276328.002718212
2023-11-02,2470003.6663227864,1294626.1104491781
2023-11-03,2510222.4211297133,1310070.0837761264
2023-11-06,2520603.4910359317,1314004.5060861353
2023-11-07,2543651.850360515,1325293.1479032824
2023-11-08,2548698.3280720944,1326684.8686948232
2023-11-09,2538288.969746889,1316827.3822194338
2023-11-10,2597099.233068027,1341957.8083039226
2023-11-13,2587898.952695886,1340878.992789656
2023-11-14,2632009.0428151274,1368717.9299627268
2023-11-15,2640510.57883939,1368271.9141794518
2023-11-16,2649373.3668112825,1378608.5683320768
2023-11-17,2654935.6817303514,1380905.2733381444
2023-11-20,2682022.789894033,1393882.8253949753
2023-11-21,2668493.877927463,1387095.9025420588
2023-11-22,2680709.473600745,1391510.1585205565
2023-11-24,2676410.5561036593,1387916.6725499702
2023-11-27,2679247.9406863856,1389528.7816814631
2023-11-28,2696110.1782345474,1396506.381204498
2023-11-29,2684457.764589617,1394839.6778790217
2023-11-30,2671506.472722615,1384644.3706769804
2023-12-01,2676213.048634613,1384804.2096006228
2023-12-04,2647734.336983892,1366567.207029815
2023-12-05,2662523.7442425676,1374219.3798206435
2023-12-06,2638793.927558592,1365701.9813084637
2023-12-07,2726551.422029044,1392943.9391292864
2023-12-08,2742570.147644926,1399444.3845073623
2023-12-11,2755572.075992087,1399326.7404842575
2023-12-12,2779863.6913297568,1407795.5789055855
2023-12-13,2795107.074212317,1420376.75916335
2023-12-14,2812976.988784163,1425019.0267343845
2023-12-15,2835052.336763405,1432585.6836161122
2023-12-18,2860988.850841517,1441824.6020416862
2023-12-19,2880802.722099472,1450826.3895890357
2023-12-20,2821439.666172312,1433910.6502834891
2023-12-21,2866131.618319345,1452823.388167445
2023-12-22,2870802.958201421,1453691.6936380882
2023-12-26,2903057.611211746,1465704.4512243518
2023-12-27,2918234.267524246,1472077.5473495454
2023-12-28,2904560.799571382,1469980.0961678878
2023-12-29,2893972.9952835543,1462950.791195923
2024-01-02,2846103.865855101,1436402.538683834
2024-01-03,2827695.295013569,1423395.6000132929
2024-01-04,2815277.100631309,1417301.573364613
2024-01-05,2813974.8112334623,1422027.3592441995
2024-01-08,2896824.2688045697,1453418.7285154394
2024-01-09,2914567.698745512,1456072.626095181
2024-01-10,2942561.8860675856,1466424.882903998
2024-01-11,2946520.109139097,1466246.025022662
2024-01-12,2939995.511462493,1463805.385963798
2024-01-16,2960663.6429374856,1468214.136797365
2024-01-17,2948383.625662832,1459672.9091725359
2024-01-18,2985585.6543243867,1474793.0038129103
2024-01-19,3049008.8377564237,1500387.8934213265
2024-01-22,3037507.159527947,1496395.5891058657
2024-01-23,3050742.1534781195,1502193.7397682879
2024-01-24,3087875.74279617,1515109.6253700748
2024-01-25,3103651.8182850434,1511376.0574538722
2024-01-26,3067670.6550508104,1496702.6212979448
2024-01-29,3087229.297155385,1512236.5510979213
2024-01-30,3075312.892960498,1501614.05889889
2024-01-31,3022714.655891243,1474656.6650959807
2024-02-01,3059802.769145104,1492132.9406555064
2024-02-02,3145650.9680413683,1529433.5219177708
2024-02-05,3123950.447706337,1522847.8651390637
2024-02-06,3114126.4893061817,1521075.5482089058
2024-02-07,3157087.923091739,1536358.3100530226
2024-02-08,3152251.857738879,1534223.2027468258
2024-02-09,3198643.7764572175,1552418.8060458084
2024-02-12,3172547.4027832113,1546344.1638018189
2024-02-13,3132104.424454563,1525891.9409677146
2024-02-14,3191311.623358101,1547004.2279768381
2024-02-15,3211359.558667926,1551621.1041263964
2024-02-16,3187961.101690014,1540709.9492116007
2024-02-20,3129985.0348354913,1527968.7864439276
2024-02-21,3124745.023548482,1523126.6852560418
2024-02-22,3204581.064934072,1569807.1507060411
2024-02-23,3198113.2748594987,1563021.6994276661
2024-02-26,3184099.670757683,1559280.2666492711
2024-02-27,3176578.8794259736,1562391.486884226
2024-02-28,3163683.2504284494,1555263.167572215
2024-02-29,3231185.991317504,1577265.5870772277
2024-03-01,3290097.6498848805,1596082.9080225362
2024-03-04,3281269.603294686,1590007.3244017658
2024-03-05,3226362.6597052743,1567900.9811875657
2024-03-06,3258176.2603702587,1576954.815106554
2024-03-07,3313559.6820542975,1600962.735714309
2024-03-08,3266860.4778370713,1582625.9443744123
2024-03-11,3238806.1067613154,1574105.8317709228
2024-03-12,3290734.069945826,1597168.0632298444
2024-03-13,3273439.934579762,1580538.4189128666
2024-03-14,3274883.9734555464,1571680.5422197662
2024-03-15,3250722.940185174,1564075.643929396
2024-03-18,3280894.7680621673,1581498.9926918864
2024-03-19,3282090.883796704,1578873.7685280736
2024-03-20,3317780.2999079367,1593075.147720669
2024-03-21,3313278.240763394,1589683.6410235483
2024-03-22,3329791.838990371,1596328.4782509624
2024-03-25,3320316.4620251297,1590763.1257788523
2024-03-26,3304481.803765339,1587793.3945869142
2024-03-27,3335442.6081291432,1597675.7061186023
2024-03-28,3328657.7065645386,1593403.4464086096
2024-04-01,3342903.3189151403,1598702.3532664725
2024-04-02,3305093.423134727,1584556.298296479
2024-04-03,3282704.0296538468,1582283.3049039862
2024-04-04,3255310.1902009915,1561926.8101590767
2024-04-05,3289231.738387255,1572805.3173975053
2024-04-08,3291174.0113175563,1574378.8576873248
2024-04-09,3300499.282237425,1579418.2292346088
2024-04-10,3272573.942700084,1565957.0369964712
2024-04-11,3320588.5310758646,1588069.8559397457
2024-04-12,3281733.9817059105,1563060.6069931535
2024-04-15,3237204.0409135437,1540000.9709745962
2024-04-16,3226481.539723924,1536555.6224740245
2024-04-17,3198873.5716274977,1519878.5278221744
2024-04-18,3189714.9950437867,1512967.9125936164
2024-04-19,3131008.1266169446,1479925.773017184
2024-04-22,3159746.5867553065,1490414.1624358897
2024-04-23,3197408.3316867,1510015.3632422828
2024-04-24,3182169.3961382913,1518686.748261548
2024-04-25,3204359.107201212,1512403.1822496979
2024-04-26,3265747.3349995264,1530222.6745731933
2024-04-29,3344137.4351560962,1544296.8796491963
2024-04-30,3271318.2937624184,1515556.4448667918
2024-05-01,3213555.4942843225,1506094.392946086
2024-05-02,3260125.5118691768,1524378.866327231
2024-05-03,3324263.6566913007,1550160.8056396658
2024-05-06,3369363.847628019,1569280.9361624718
2024-05-07,3363975.3058272437,1564266.950881115
2024-05-08,3352120.4308800884,1558663.3486089737
2024-05-09,3359945.878314131,1559910.208380933
2024-05-10,3355478.831511986,1556198.6135314228
2024-05-13,3361658.541839687,1560232.71510662
2024-05-14,3385527.6110890806,1574022.457692203
2024-05-15,3416900.4441013783,1592355.5847053735
2024-05-16,3430338.196851808,1593093.3624658622
2024-05-17,3434152.0494485274,1594564.9165888438
2024-05-20,3455073.4574708617,1599783.3970429215
2024-05-21,3472139.8931078375,1606840.5533767913
2024-05-22,3446296.6866367594,1599804.706933498
2024-05-23,3458032.181789219,1589165.666778796
2024-05-24,3512606.9853749126,1610582.9799120994
2024-05-28,3563114.4277209966,1622683.5714387717
2024-05-29,3538547.48367658,1610088.8212375557
2024-05-30,3495472.771896085,1600303.5136317366
2024-05-31,3500832.2901671305,1603292.4149620123
2024-06-03,3528001.100521572,1609959.7400333206
2024-06-04,3533692.948366606,1609667.8823775477
2024-06-05,3590568.2433928517,1636221.4713157176
2024-06-06,3583260.801012146,1638139.1077793818
2024-06-07,3580536.186937875,1636009.246725964
2024-06-10,3589845.485698966,1634033.347808769
2024-06-11,3618424.500450348,1642187.2724565568
2024-06-12,3659838.494952256,1661409.2442381782
2024-06-13,3650225.761643956,1663458.662001651
2024-06-14,3643425.8420974105,1662167.3455433669
2024-06-17,3692085.453944544,1675303.7657892096
2024-06-18,3692496.53845419,1669968.7557353636
2024-06-20,3656588.5154436156,1668448.5466585378
2024-06-21,3631643.6241571675,1668246.482680126
2024-06-24,3615708.787281777,1655712.330020365
2024-06-25,3653145.1331318542,1676167.0549761856
2024-06-26,3681969.1007679636,1685199.2298815167
2024-06-27,3703970.4838046352,1691602.5223139129
2024-06-28,3667773.4658938884,1681819.1562570208
2024-07-01,3725826.2619024366,1694601.217967061
2024-07-02,3839047.812789223,1719731.138740138
2024-07-03,3906813.5322103333,1736881.9565780114
2024-07-05,3980506.7089379393,1764735.8431882237
2024-07-08,4009932.437240207,1776105.011420411
2024-07-09,4030338.0545270196,1782811.1315194056
2024-07-10,4094349.5381550076,1803174.773426553
2024-07-11,3986182.445477095,1761080.75449916
2024-07-12,4015949.173863062,1770237.1616373365
2024-07-15,4004414.171715205,1770910.7057526347
2024-07-16,4004111.3955413937,1767288.3461895217
2024-07-17,3931078.6996977557,1722233.6266694313
2024-07-18,3923682.8531848723,1716812.8336928405
2024-07-19,3870202.9346586545,1696089.5615000858
2024-07-22,3922596.2303484045,1722248.96676084
2024-07-23,3920167.8339380133,1718914.5560270366
2024-07-24,3798036.5769637767,1653887.3347867888
2024-07-25,3765425.464135105,1635911.5616633862
2024-07-26,3796319.4690871984,1649705.4971270561
2024-07-29,3796498.6534183775,1654914.1818936118
2024-07-30,3767667.8871876015,1635873.4958018358
2024-07-31,3842117.0047210394,1676358.1820326764
2024-08-01,3788507.9456307213,1640144.2008688839
2024-08-02,3694196.0631622095,1584232.32157752
2024-08-05,3588042.0796183767,1538841.689447446
2024-08-06,3600286.272253145,1544347.8197117087
2024-08-07,3574326.7227143785,1528987.7668524107
2024-08-08,3668516.6435904745,1571397.7344189386
2024-08-09,3676025.250640439,1573835.8868821457
2024-08-12,3671412.176674335,1577078.2039440975
2024-08-13,3790004.1012418517,1615546.3012253174
2024-08-14,3778256.157288967,1609967.7608631128
2024-08-15,3900376.1013679868,1645818.8272380347
2024-08-16,3913641.6090778694,1650593.290105124
2024-08-19,3983172.549163204,1675655.6903026374
2024-08-20,3975038.091763683,1671539.1579574603
2024-08-21,3997072.5738145914,1680838.5082563555
2024-08-22,3910133.7695019045,1647460.6275121938
2024-08-23,3974470.1182582458,1670217.159345332
2024-08-26,3912166.681053521,1653347.5703389966
2024-08-27,3909747.2103284253,1651568.6448739038
2024-08-28,3876861.403408251,1634716.1476288328
2024-08-29,3883841.122875023,1633146.8404017226
2024-08-30,3939693.177207849,1660203.5000958776
2024-09-03,3828637.728556546,1609887.6686441076
2024-09-04,3843110.036756951,1608905.0021189626
2024-09-05,3883517.131516867,1619251.050136665
2024-09-06,3773916.288041098,1578008.4873800683
2024-09-09,3815631.6631860314,1595568.266481643
2024-09-10,3845547.8541286746,1610699.967779407
2024-09-11,3959445.3950761426,1643367.4046503115
2024-09-12,3999136.015478025,1656316.1504465018
2024-09-13,4017026.2475635214,1663521.426699454
2024-09-16,4014540.692442647,1666242.7417351627
2024-09-17,4008491.5202724193,1670956.8169517536
2024-09-18,3990539.0356888464,1662765.9537745474
2024-09-19,4101644.395135117,1704923.3104522836
2024-09-20,4105729.394513925,1703581.4811683656
2024-09-23,4136721.5937309335,1713949.9929279448
2024-09-24,4141516.487406871,1724003.0839860232
2024-09-25,4183492.3519043163,1732664.183381122
2024-09-26,4212242.275611333,1741984.2857025682
2024-09-27,4205368.493099978,1737498.480781913
2024-09-30,4208809.69853449,1740308.1284852384
2024-10-01,4124422.491084489,1719365.42913294
2024-10-02,4119388.3985145767,1712947.6326309163
2024-10-03,4135416.0351314973,1711837.562948779
2024-10-04,4191036.158096298,1734116.1900019392
2024-10-07,4152349.695986821,1714644.1812594677
2024-10-08,4196408.802995784,1737342.3201225589
2024-10-09,4204615.481288337,1738263.8292812898
2024-10-10,4195407.359595882,1731771.5152772819
2024-10-11,4213293.330439509,1730552.5036802713
2024-10-14,4232356.964843815,1736980.6337176864
2024-10-15,4169140.3445989476,1718898.8560190252
2024-10-16,4173240.9716077056,1718170.173603022
2024-10-17,4174001.0408833744,1718301.8686255736
2024-10-18,4194465.562877699,1725933.0577834693
2024-10-21,4206467.128385444,1729993.3633640022
2024-10-22,4197264.654540759,1728193.6506346276
2024-10-23,4132988.680806892,1703462.6460290018
2024-10-24,4294207.24113591,1735451.7936508793
2024-10-25,4341707.613848691,1749250.7147598001
2024-10-28,4333992.581943647,1753789.9806670756
2024-10-29,4341515.207773408,1766839.5366539443
2024-10-30,4313463.444109863,1748938.2492088862
2024-10-31,4213989.6985634025,1705988.2614448052
2024-11-01,4267056.720397068,1722606.7799182443
2024-11-04,4241785.3750436045,1711560.7915993112
2024-11-05,4272818.099115827,1734485.9283369284
2024-11-06,4477970.41860004,1782030.8229074052
2024-11-07,4584625.75031676,1816336.0197652788
2024-11-08,4627904.160097949,1818961.423433515
2024-11-11,4663805.641166848,1818206.8034263765
2024-11-12,4587589.587960871,1805703.288047816
2024-11-13,4593991.230992257,1805310.493061959
2024-11-14,4566199.137227235,1795122.804727007
2024-11-15,4507099.45638291,1766571.8137347177
2024-11-18,4546372.919507704,1783256.1885903326
2024-11-19,4564941.942495555,1796304.0902695244
2024-11-20,4544894.456460476,1789203.281878308
2024-11-21,4538294.309187578,1782560.129053226
2024-11-22,4566576.78370274,1783664.794349144
